segment_id,daily_notifications,min_gap_hours,strategy,avg_activeness,avg_churn_risk,uninstall_risk,avg_notif_open_rate
2,6,4,Balanced,0.406535047833953,0.5309766490282913,0.015823824245486732,0.26903887553340133
0,6,4,Balanced,0.47431913591230185,0.4811014794076068,0.015864262046558348,0.21893244932095937
1,4,6,Balanced - Uninstall Guardrail Applied,0.4318158425957217,0.5165092377647921,0.0201544595220748,0.2291040886004994
6,6,4,Balanced,0.5329595862105521,0.3980186038774493,0.015661657923599647,0.4150080150863737
5,4,6,Balanced - Uninstall Guardrail Applied,0.5395045025292845,0.38414859600031187,0.02470687466862515,0.5546212780785215
4,4,6,Conservative,0.2583075485264887,0.7755675233641134,0.0178256337135558,0.26605697340167417
3,6,4,Balanced,0.4807866764853559,0.46222907618105696,0.0170367494328966,0.31984247333587046
7,4,6,Balanced - Uninstall Guardrail Applied,0.5874493714481726,0.3457703872721856,0.020152297532352002,0.5289135239075294
