segment_id,daily_notifications,min_gap_hours,strategy,avg_activeness,avg_churn_risk,uninstall_risk,avg_notif_open_rate
3,6,4,Balanced,0.5613666666666667,0.41545000000000004,0.0170367494328966,0.41516666666666663
0,4,6,Conservative,0.0209375,0.9740625,0.015864262046558348,0.065625
6,6,4,Balanced,0.4358133333333334,0.51878,0.015661657923599647,0.33740000000000003
1,4,6,Balanced - Uninstall Guardrail Applied,0.6161846153846153,0.3572615384615384,0.0201544595220748,0.40399999999999997
5,4,6,Balanced - Uninstall Guardrail Applied,0.46024000000000004,0.46014,0.02470687466862515,0.3862
4,6,4,Balanced,0.5960666666666667,0.39609230769230763,0.0178256337135558,0.40276923076923077
2,6,4,Balanced,0.5124,0.4055666666666667,0.015823824245486732,0.33699999999999997
