template_id,segment_id,segment_name,lifecycle_stage,goal,theme,variant,message_title_en,message_title_hi,message_body_en,message_body_hi,cta_text_en,cta_text_hi,tone,hook,feature_reference,weight
TPL_0001,0,Needs Attention,churned,re_engagement,unpredictability,1,🎁 Surprise for you!,🎁 Tumhare liye surprise!,Explore Core Feature and take the next step in your generic journey!,Core Feature explore karo aur apne generic journey mein aage badho!,Open Now,Abhi Kholo,friendly,unpredictability,Core Feature,1.0
TPL_0002,0,Needs Attention,churned,re_engagement,unpredictability,2,✨ Something new!,✨ Kuch naya hai!,Your User Dashboard experience is waiting. Check it out now!,Tumhara User Dashboard experience wait kar raha. Abhi dekho!,Check It Out,Dekho,friendly,unpredictability,User Dashboard,1.0
TPL_0003,0,Needs Attention,churned,re_engagement,unpredictability,3,🎲 Discover today!,🎲 Aaj discover karo!,Make the most of Notifications today. You're doing great!,Aaj Notifications ka best use karo. Bahut accha chal raha!,Get Started,Shuru Karo,friendly,unpredictability,Notifications,1.0
TPL_0004,0,Needs Attention,churned,re_engagement,unpredictability,4,🔓 Unlock something!,🔓 Kuch unlock karo!,Don't miss what's new in Ai Tutor. Open and see!,Ai Tutor mein naya kya hai miss mat karo. Khol ke dekho!,Explore,Explore Karo,friendly,unpredictability,Ai Tutor,1.0
TPL_0005,0,Needs Attention,churned,re_engagement,unpredictability,5,🎉 Check this out!,🎉 Ye dekho!,Your generic progress is impressive. Keep using Leaderboard!,Tumhara generic progress impressive hai. Leaderboard use karte raho!,Try Now,Abhi Try Karo,friendly,unpredictability,Leaderboard,1.0
TPL_0006,0,Needs Attention,churned,re_engagement,epic_meaning,1,🚀 Be part of it!,🚀 Iska hissa bano!,Explore Core Feature and take the next step in your generic journey!,Core Feature explore karo aur apne generic journey mein aage badho!,Open Now,Abhi Kholo,friendly,epic_meaning,Core Feature,1.0
TPL_0007,0,Needs Attention,churned,re_engagement,epic_meaning,2,🌍 Make an impact!,🌍 Impact daalo!,Your User Dashboard experience is waiting. Check it out now!,Tumhara User Dashboard experience wait kar raha. Abhi dekho!,Check It Out,Dekho,friendly,epic_meaning,User Dashboard,1.0
TPL_0008,0,Needs Attention,churned,re_engagement,epic_meaning,3,💫 Transform today!,💫 Aaj transform karo!,Make the most of Notifications today. You're doing great!,Aaj Notifications ka best use karo. Bahut accha chal raha!,Get Started,Shuru Karo,friendly,epic_meaning,Notifications,1.0
TPL_0009,0,Needs Attention,churned,re_engagement,epic_meaning,4,🎓 Your journey!,🎓 Tumhara safar!,Don't miss what's new in Ai Tutor. Open and see!,Ai Tutor mein naya kya hai miss mat karo. Khol ke dekho!,Explore,Explore Karo,friendly,epic_meaning,Ai Tutor,1.0
TPL_0010,0,Needs Attention,churned,re_engagement,epic_meaning,5,✨ Something bigger!,✨ Kuch bada karo!,Your generic progress is impressive. Keep using Leaderboard!,Tumhara generic progress impressive hai. Leaderboard use karte raho!,Try Now,Abhi Try Karo,friendly,epic_meaning,Leaderboard,1.0
TPL_0012,0,Needs Attention,inactive,activation,unpredictability,2,✨ Something new!,✨ Kuch naya hai!,Your User Dashboard experience is waiting. Check it out now!,Tumhara User Dashboard experience wait kar raha. Abhi dekho!,Check It Out,Dekho,friendly,unpredictability,User Dashboard,1.0
TPL_0013,0,Needs Attention,inactive,activation,unpredictability,3,🎲 Discover today!,🎲 Aaj discover karo!,Make the most of Notifications today. You're doing great!,Aaj Notifications ka best use karo. Bahut accha chal raha!,Get Started,Shuru Karo,friendly,unpredictability,Notifications,1.0
TPL_0014,0,Needs Attention,inactive,activation,unpredictability,4,🔓 Unlock something!,🔓 Kuch unlock karo!,Don't miss what's new in Ai Tutor. Open and see!,Ai Tutor mein naya kya hai miss mat karo. Khol ke dekho!,Explore,Explore Karo,friendly,unpredictability,Ai Tutor,1.0
TPL_0015,0,Needs Attention,inactive,activation,unpredictability,5,🎉 Check this out!,🎉 Ye dekho!,Your generic progress is impressive. Keep using Leaderboard!,Tumhara generic progress impressive hai. Leaderboard use karte raho!,Try Now,Abhi Try Karo,friendly,unpredictability,Leaderboard,1.0
TPL_0016,0,Needs Attention,inactive,activation,epic_meaning,1,🚀 Be part of it!,🚀 Iska hissa bano!,Explore Core Feature and take the next step in your generic journey!,Core Feature explore karo aur apne generic journey mein aage badho!,Open Now,Abhi Kholo,friendly,epic_meaning,Core Feature,1.0
TPL_0017,0,Needs Attention,inactive,activation,epic_meaning,2,🌍 Make an impact!,🌍 Impact daalo!,Your User Dashboard experience is waiting. Check it out now!,Tumhara User Dashboard experience wait kar raha. Abhi dekho!,Check It Out,Dekho,friendly,epic_meaning,User Dashboard,1.0
TPL_0018,0,Needs Attention,inactive,activation,epic_meaning,3,💫 Transform today!,💫 Aaj transform karo!,Make the most of Notifications today. You're doing great!,Aaj Notifications ka best use karo. Bahut accha chal raha!,Get Started,Shuru Karo,friendly,epic_meaning,Notifications,1.0
TPL_0019,0,Needs Attention,inactive,activation,epic_meaning,4,🎓 Your journey!,🎓 Tumhara safar!,Don't miss what's new in Ai Tutor. Open and see!,Ai Tutor mein naya kya hai miss mat karo. Khol ke dekho!,Explore,Explore Karo,friendly,epic_meaning,Ai Tutor,1.0
TPL_0020,0,Needs Attention,inactive,activation,epic_meaning,5,✨ Something bigger!,✨ Kuch bada karo!,Your generic progress is impressive. Keep using Leaderboard!,Tumhara generic progress impressive hai. Leaderboard use karte raho!,Try Now,Abhi Try Karo,friendly,epic_meaning,Leaderboard,1.0
TPL_0021,0,Needs Attention,paid,advocacy,unpredictability,1,🎁 Surprise for you!,🎁 Tumhare liye surprise!,Explore Core Feature and take the next step in your generic journey!,Core Feature explore karo aur apne generic journey mein aage badho!,Open Now,Abhi Kholo,friendly,unpredictability,Core Feature,1.0
TPL_0022,0,Needs Attention,paid,advocacy,unpredictability,2,✨ Something new!,✨ Kuch naya hai!,Your User Dashboard experience is waiting. Check it out now!,Tumhara User Dashboard experience wait kar raha. Abhi dekho!,Check It Out,Dekho,friendly,unpredictability,User Dashboard,1.0
TPL_0023,0,Needs Attention,paid,advocacy,unpredictability,3,🎲 Discover today!,🎲 Aaj discover karo!,Make the most of Notifications today. You're doing great!,Aaj Notifications ka best use karo. Bahut accha chal raha!,Get Started,Shuru Karo,friendly,unpredictability,Notifications,1.0
TPL_0024,0,Needs Attention,paid,advocacy,unpredictability,4,🔓 Unlock something!,🔓 Kuch unlock karo!,Don't miss what's new in Ai Tutor. Open and see!,Ai Tutor mein naya kya hai miss mat karo. Khol ke dekho!,Explore,Explore Karo,friendly,unpredictability,Ai Tutor,1.0
TPL_0025,0,Needs Attention,paid,advocacy,unpredictability,5,🎉 Check this out!,🎉 Ye dekho!,Your generic progress is impressive. Keep using Leaderboard!,Tumhara generic progress impressive hai. Leaderboard use karte raho!,Try Now,Abhi Try Karo,friendly,unpredictability,Leaderboard,1.0
TPL_0027,0,Needs Attention,paid,advocacy,epic_meaning,2,🌍 Make an impact!,🌍 Impact daalo!,Your User Dashboard experience is waiting. Check it out now!,Tumhara User Dashboard experience wait kar raha. Abhi dekho!,Check It Out,Dekho,friendly,epic_meaning,User Dashboard,1.0
TPL_0028,0,Needs Attention,paid,advocacy,epic_meaning,3,💫 Transform today!,💫 Aaj transform karo!,Make the most of Notifications today. You're doing great!,Aaj Notifications ka best use karo. Bahut accha chal raha!,Get Started,Shuru Karo,friendly,epic_meaning,Notifications,1.0
TPL_0029,0,Needs Attention,paid,advocacy,epic_meaning,4,🎓 Your journey!,🎓 Tumhara safar!,Don't miss what's new in Ai Tutor. Open and see!,Ai Tutor mein naya kya hai miss mat karo. Khol ke dekho!,Explore,Explore Karo,friendly,epic_meaning,Ai Tutor,1.0
TPL_0030,0,Needs Attention,paid,advocacy,epic_meaning,5,✨ Something bigger!,✨ Kuch bada karo!,Your generic progress is impressive. Keep using Leaderboard!,Tumhara generic progress impressive hai. Leaderboard use karte raho!,Try Now,Abhi Try Karo,friendly,epic_meaning,Leaderboard,1.0
TPL_0031,0,Needs Attention,paid,deepening,unpredictability,1,🎁 Surprise for you!,🎁 Tumhare liye surprise!,Explore Core Feature and take the next step in your generic journey!,Core Feature explore karo aur apne generic journey mein aage badho!,Open Now,Abhi Kholo,friendly,unpredictability,Core Feature,1.0
TPL_0032,0,Needs Attention,paid,deepening,unpredictability,2,✨ Something new!,✨ Kuch naya hai!,Your User Dashboard experience is waiting. Check it out now!,Tumhara User Dashboard experience wait kar raha. Abhi dekho!,Check It Out,Dekho,friendly,unpredictability,User Dashboard,1.0
TPL_0033,0,Needs Attention,paid,deepening,unpredictability,3,🎲 Discover today!,🎲 Aaj discover karo!,Make the most of Notifications today. You're doing great!,Aaj Notifications ka best use karo. Bahut accha chal raha!,Get Started,Shuru Karo,friendly,unpredictability,Notifications,1.0
TPL_0034,0,Needs Attention,paid,deepening,unpredictability,4,🔓 Unlock something!,🔓 Kuch unlock karo!,Don't miss what's new in Ai Tutor. Open and see!,Ai Tutor mein naya kya hai miss mat karo. Khol ke dekho!,Explore,Explore Karo,friendly,unpredictability,Ai Tutor,1.0
TPL_0035,0,Needs Attention,paid,deepening,unpredictability,5,🎉 Check this out!,🎉 Ye dekho!,Your generic progress is impressive. Keep using Leaderboard!,Tumhara generic progress impressive hai. Leaderboard use karte raho!,Try Now,Abhi Try Karo,friendly,unpredictability,Leaderboard,1.0
TPL_0036,0,Needs Attention,paid,deepening,epic_meaning,1,🚀 Be part of it!,🚀 Iska hissa bano!,Explore Core Feature and take the next step in your generic journey!,Core Feature explore karo aur apne generic journey mein aage badho!,Open Now,Abhi Kholo,friendly,epic_meaning,Core Feature,1.0
TPL_0037,0,Needs Attention,paid,deepening,epic_meaning,2,🌍 Make an impact!,🌍 Impact daalo!,Your User Dashboard experience is waiting. Check it out now!,Tumhara User Dashboard experience wait kar raha. Abhi dekho!,Check It Out,Dekho,friendly,epic_meaning,User Dashboard,1.0
TPL_0038,0,Needs Attention,paid,deepening,epic_meaning,3,💫 Transform today!,💫 Aaj transform karo!,Make the most of Notifications today. You're doing great!,Aaj Notifications ka best use karo. Bahut accha chal raha!,Get Started,Shuru Karo,friendly,epic_meaning,Notifications,1.0
TPL_0039,0,Needs Attention,paid,deepening,epic_meaning,4,🎓 Your journey!,🎓 Tumhara safar!,Don't miss what's new in Ai Tutor. Open and see!,Ai Tutor mein naya kya hai miss mat karo. Khol ke dekho!,Explore,Explore Karo,friendly,epic_meaning,Ai Tutor,1.0
TPL_0040,0,Needs Attention,paid,deepening,epic_meaning,5,✨ Something bigger!,✨ Kuch bada karo!,Your generic progress is impressive. Keep using Leaderboard!,Tumhara generic progress impressive hai. Leaderboard use karte raho!,Try Now,Abhi Try Karo,friendly,epic_meaning,Leaderboard,1.0
TPL_0041,0,Needs Attention,paid,expansion,unpredictability,1,🎁 Surprise for you!,🎁 Tumhare liye surprise!,Explore Core Feature and take the next step in your generic journey!,Core Feature explore karo aur apne generic journey mein aage badho!,Open Now,Abhi Kholo,friendly,unpredictability,Core Feature,2.0
TPL_0042,0,Needs Attention,paid,expansion,unpredictability,2,✨ Something new!,✨ Kuch naya hai!,Your User Dashboard experience is waiting. Check it out now!,Tumhara User Dashboard experience wait kar raha. Abhi dekho!,Check It Out,Dekho,friendly,unpredictability,User Dashboard,1.0
TPL_0043,0,Needs Attention,paid,expansion,unpredictability,3,🎲 Discover today!,🎲 Aaj discover karo!,Make the most of Notifications today. You're doing great!,Aaj Notifications ka best use karo. Bahut accha chal raha!,Get Started,Shuru Karo,friendly,unpredictability,Notifications,1.0
TPL_0044,0,Needs Attention,paid,expansion,unpredictability,4,🔓 Unlock something!,🔓 Kuch unlock karo!,Don't miss what's new in Ai Tutor. Open and see!,Ai Tutor mein naya kya hai miss mat karo. Khol ke dekho!,Explore,Explore Karo,friendly,unpredictability,Ai Tutor,1.0
TPL_0045,0,Needs Attention,paid,expansion,unpredictability,5,🎉 Check this out!,🎉 Ye dekho!,Your generic progress is impressive. Keep using Leaderboard!,Tumhara generic progress impressive hai. Leaderboard use karte raho!,Try Now,Abhi Try Karo,friendly,unpredictability,Leaderboard,1.0
TPL_0046,0,Needs Attention,paid,expansion,epic_meaning,1,🚀 Be part of it!,🚀 Iska hissa bano!,Explore Core Feature and take the next step in your generic journey!,Core Feature explore karo aur apne generic journey mein aage badho!,Open Now,Abhi Kholo,friendly,epic_meaning,Core Feature,1.0
TPL_0047,0,Needs Attention,paid,expansion,epic_meaning,2,🌍 Make an impact!,🌍 Impact daalo!,Your User Dashboard experience is waiting. Check it out now!,Tumhara User Dashboard experience wait kar raha. Abhi dekho!,Check It Out,Dekho,friendly,epic_meaning,User Dashboard,1.0
TPL_0048,0,Needs Attention,paid,expansion,epic_meaning,3,💫 Transform today!,💫 Aaj transform karo!,Make the most of Notifications today. You're doing great!,Aaj Notifications ka best use karo. Bahut accha chal raha!,Get Started,Shuru Karo,friendly,epic_meaning,Notifications,1.0
TPL_0049,0,Needs Attention,paid,expansion,epic_meaning,4,🎓 Your journey!,🎓 Tumhara safar!,Don't miss what's new in Ai Tutor. Open and see!,Ai Tutor mein naya kya hai miss mat karo. Khol ke dekho!,Explore,Explore Karo,friendly,epic_meaning,Ai Tutor,1.0
TPL_0050,0,Needs Attention,paid,expansion,epic_meaning,5,✨ Something bigger!,✨ Kuch bada karo!,Your generic progress is impressive. Keep using Leaderboard!,Tumhara generic progress impressive hai. Leaderboard use karte raho!,Try Now,Abhi Try Karo,friendly,epic_meaning,Leaderboard,1.0
TPL_0051,0,Needs Attention,paid,retention,unpredictability,1,🎁 Surprise for you!,🎁 Tumhare liye surprise!,Explore Core Feature and take the next step in your generic journey!,Core Feature explore karo aur apne generic journey mein aage badho!,Open Now,Abhi Kholo,friendly,unpredictability,Core Feature,1.0
TPL_0052,0,Needs Attention,paid,retention,unpredictability,2,✨ Something new!,✨ Kuch naya hai!,Your User Dashboard experience is waiting. Check it out now!,Tumhara User Dashboard experience wait kar raha. Abhi dekho!,Check It Out,Dekho,friendly,unpredictability,User Dashboard,1.0
TPL_0053,0,Needs Attention,paid,retention,unpredictability,3,🎲 Discover today!,🎲 Aaj discover karo!,Make the most of Notifications today. You're doing great!,Aaj Notifications ka best use karo. Bahut accha chal raha!,Get Started,Shuru Karo,friendly,unpredictability,Notifications,1.0
TPL_0054,0,Needs Attention,paid,retention,unpredictability,4,🔓 Unlock something!,🔓 Kuch unlock karo!,Don't miss what's new in Ai Tutor. Open and see!,Ai Tutor mein naya kya hai miss mat karo. Khol ke dekho!,Explore,Explore Karo,friendly,unpredictability,Ai Tutor,1.0
TPL_0055,0,Needs Attention,paid,retention,unpredictability,5,🎉 Check this out!,🎉 Ye dekho!,Your generic progress is impressive. Keep using Leaderboard!,Tumhara generic progress impressive hai. Leaderboard use karte raho!,Try Now,Abhi Try Karo,friendly,unpredictability,Leaderboard,1.0
TPL_0057,0,Needs Attention,paid,retention,epic_meaning,2,🌍 Make an impact!,🌍 Impact daalo!,Your User Dashboard experience is waiting. Check it out now!,Tumhara User Dashboard experience wait kar raha. Abhi dekho!,Check It Out,Dekho,friendly,epic_meaning,User Dashboard,1.0
TPL_0058,0,Needs Attention,paid,retention,epic_meaning,3,💫 Transform today!,💫 Aaj transform karo!,Make the most of Notifications today. You're doing great!,Aaj Notifications ka best use karo. Bahut accha chal raha!,Get Started,Shuru Karo,friendly,epic_meaning,Notifications,1.0
TPL_0059,0,Needs Attention,paid,retention,epic_meaning,4,🎓 Your journey!,🎓 Tumhara safar!,Don't miss what's new in Ai Tutor. Open and see!,Ai Tutor mein naya kya hai miss mat karo. Khol ke dekho!,Explore,Explore Karo,friendly,epic_meaning,Ai Tutor,1.0
TPL_0060,0,Needs Attention,paid,retention,epic_meaning,5,✨ Something bigger!,✨ Kuch bada karo!,Your generic progress is impressive. Keep using Leaderboard!,Tumhara generic progress impressive hai. Leaderboard use karte raho!,Try Now,Abhi Try Karo,friendly,epic_meaning,Leaderboard,1.0
TPL_0061,0,Needs Attention,trial,activation,unpredictability,1,🎁 Surprise for you!,🎁 Tumhare liye surprise!,Explore Core Feature and take the next step in your generic journey!,Core Feature explore karo aur apne generic journey mein aage badho!,Open Now,Abhi Kholo,friendly,unpredictability,Core Feature,1.0
TPL_0062,0,Needs Attention,trial,activation,unpredictability,2,✨ Something new!,✨ Kuch naya hai!,Your User Dashboard experience is waiting. Check it out now!,Tumhara User Dashboard experience wait kar raha. Abhi dekho!,Check It Out,Dekho,friendly,unpredictability,User Dashboard,1.0
TPL_0063,0,Needs Attention,trial,activation,unpredictability,3,🎲 Discover today!,🎲 Aaj discover karo!,Make the most of Notifications today. You're doing great!,Aaj Notifications ka best use karo. Bahut accha chal raha!,Get Started,Shuru Karo,friendly,unpredictability,Notifications,1.0
TPL_0064,0,Needs Attention,trial,activation,unpredictability,4,🔓 Unlock something!,🔓 Kuch unlock karo!,Don't miss what's new in Ai Tutor. Open and see!,Ai Tutor mein naya kya hai miss mat karo. Khol ke dekho!,Explore,Explore Karo,friendly,unpredictability,Ai Tutor,1.0
TPL_0065,0,Needs Attention,trial,activation,unpredictability,5,🎉 Check this out!,🎉 Ye dekho!,Your generic progress is impressive. Keep using Leaderboard!,Tumhara generic progress impressive hai. Leaderboard use karte raho!,Try Now,Abhi Try Karo,friendly,unpredictability,Leaderboard,1.0
TPL_0066,0,Needs Attention,trial,activation,epic_meaning,1,🚀 Be part of it!,🚀 Iska hissa bano!,Explore Core Feature and take the next step in your generic journey!,Core Feature explore karo aur apne generic journey mein aage badho!,Open Now,Abhi Kholo,friendly,epic_meaning,Core Feature,2.0
TPL_0067,0,Needs Attention,trial,activation,epic_meaning,2,🌍 Make an impact!,🌍 Impact daalo!,Your User Dashboard experience is waiting. Check it out now!,Tumhara User Dashboard experience wait kar raha. Abhi dekho!,Check It Out,Dekho,friendly,epic_meaning,User Dashboard,1.0
TPL_0068,0,Needs Attention,trial,activation,epic_meaning,3,💫 Transform today!,💫 Aaj transform karo!,Make the most of Notifications today. You're doing great!,Aaj Notifications ka best use karo. Bahut accha chal raha!,Get Started,Shuru Karo,friendly,epic_meaning,Notifications,1.0
TPL_0069,0,Needs Attention,trial,activation,epic_meaning,4,🎓 Your journey!,🎓 Tumhara safar!,Don't miss what's new in Ai Tutor. Open and see!,Ai Tutor mein naya kya hai miss mat karo. Khol ke dekho!,Explore,Explore Karo,friendly,epic_meaning,Ai Tutor,1.0
TPL_0070,0,Needs Attention,trial,activation,epic_meaning,5,✨ Something bigger!,✨ Kuch bada karo!,Your generic progress is impressive. Keep using Leaderboard!,Tumhara generic progress impressive hai. Leaderboard use karte raho!,Try Now,Abhi Try Karo,friendly,epic_meaning,Leaderboard,1.0
TPL_0071,0,Needs Attention,trial,conversion_readiness,unpredictability,1,🎁 Surprise for you!,🎁 Tumhare liye surprise!,Explore Core Feature and take the next step in your generic journey!,Core Feature explore karo aur apne generic journey mein aage badho!,Open Now,Abhi Kholo,friendly,unpredictability,Core Feature,1.0
TPL_0072,0,Needs Attention,trial,conversion_readiness,unpredictability,2,✨ Something new!,✨ Kuch naya hai!,Your User Dashboard experience is waiting. Check it out now!,Tumhara User Dashboard experience wait kar raha. Abhi dekho!,Check It Out,Dekho,friendly,unpredictability,User Dashboard,1.0
TPL_0073,0,Needs Attention,trial,conversion_readiness,unpredictability,3,🎲 Discover today!,🎲 Aaj discover karo!,Make the most of Notifications today. You're doing great!,Aaj Notifications ka best use karo. Bahut accha chal raha!,Get Started,Shuru Karo,friendly,unpredictability,Notifications,1.0
TPL_0074,0,Needs Attention,trial,conversion_readiness,unpredictability,4,🔓 Unlock something!,🔓 Kuch unlock karo!,Don't miss what's new in Ai Tutor. Open and see!,Ai Tutor mein naya kya hai miss mat karo. Khol ke dekho!,Explore,Explore Karo,friendly,unpredictability,Ai Tutor,1.0
TPL_0075,0,Needs Attention,trial,conversion_readiness,unpredictability,5,🎉 Check this out!,🎉 Ye dekho!,Your generic progress is impressive. Keep using Leaderboard!,Tumhara generic progress impressive hai. Leaderboard use karte raho!,Try Now,Abhi Try Karo,friendly,unpredictability,Leaderboard,1.0
TPL_0076,0,Needs Attention,trial,conversion_readiness,epic_meaning,1,🚀 Be part of it!,🚀 Iska hissa bano!,Explore Core Feature and take the next step in your generic journey!,Core Feature explore karo aur apne generic journey mein aage badho!,Open Now,Abhi Kholo,friendly,epic_meaning,Core Feature,1.0
TPL_0077,0,Needs Attention,trial,conversion_readiness,epic_meaning,2,🌍 Make an impact!,🌍 Impact daalo!,Your User Dashboard experience is waiting. Check it out now!,Tumhara User Dashboard experience wait kar raha. Abhi dekho!,Check It Out,Dekho,friendly,epic_meaning,User Dashboard,1.0
TPL_0078,0,Needs Attention,trial,conversion_readiness,epic_meaning,3,💫 Transform today!,💫 Aaj transform karo!,Make the most of Notifications today. You're doing great!,Aaj Notifications ka best use karo. Bahut accha chal raha!,Get Started,Shuru Karo,friendly,epic_meaning,Notifications,1.0
TPL_0079,0,Needs Attention,trial,conversion_readiness,epic_meaning,4,🎓 Your journey!,🎓 Tumhara safar!,Don't miss what's new in Ai Tutor. Open and see!,Ai Tutor mein naya kya hai miss mat karo. Khol ke dekho!,Explore,Explore Karo,friendly,epic_meaning,Ai Tutor,1.0
TPL_0080,0,Needs Attention,trial,conversion_readiness,epic_meaning,5,✨ Something bigger!,✨ Kuch bada karo!,Your generic progress is impressive. Keep using Leaderboard!,Tumhara generic progress impressive hai. Leaderboard use karte raho!,Try Now,Abhi Try Karo,friendly,epic_meaning,Leaderboard,1.0
TPL_0082,0,Needs Attention,trial,feature_discovery,unpredictability,2,✨ Something new!,✨ Kuch naya hai!,Your User Dashboard experience is waiting. Check it out now!,Tumhara User Dashboard experience wait kar raha. Abhi dekho!,Check It Out,Dekho,friendly,unpredictability,User Dashboard,1.0
TPL_0083,0,Needs Attention,trial,feature_discovery,unpredictability,3,🎲 Discover today!,🎲 Aaj discover karo!,Make the most of Notifications today. You're doing great!,Aaj Notifications ka best use karo. Bahut accha chal raha!,Get Started,Shuru Karo,friendly,unpredictability,Notifications,1.0
TPL_0084,0,Needs Attention,trial,feature_discovery,unpredictability,4,🔓 Unlock something!,🔓 Kuch unlock karo!,Don't miss what's new in Ai Tutor. Open and see!,Ai Tutor mein naya kya hai miss mat karo. Khol ke dekho!,Explore,Explore Karo,friendly,unpredictability,Ai Tutor,1.0
TPL_0085,0,Needs Attention,trial,feature_discovery,unpredictability,5,🎉 Check this out!,🎉 Ye dekho!,Your generic progress is impressive. Keep using Leaderboard!,Tumhara generic progress impressive hai. Leaderboard use karte raho!,Try Now,Abhi Try Karo,friendly,unpredictability,Leaderboard,1.0
TPL_0086,0,Needs Attention,trial,feature_discovery,epic_meaning,1,🚀 Be part of it!,🚀 Iska hissa bano!,Explore Core Feature and take the next step in your generic journey!,Core Feature explore karo aur apne generic journey mein aage badho!,Open Now,Abhi Kholo,friendly,epic_meaning,Core Feature,1.0
TPL_0087,0,Needs Attention,trial,feature_discovery,epic_meaning,2,🌍 Make an impact!,🌍 Impact daalo!,Your User Dashboard experience is waiting. Check it out now!,Tumhara User Dashboard experience wait kar raha. Abhi dekho!,Check It Out,Dekho,friendly,epic_meaning,User Dashboard,1.0
TPL_0088,0,Needs Attention,trial,feature_discovery,epic_meaning,3,💫 Transform today!,💫 Aaj transform karo!,Make the most of Notifications today. You're doing great!,Aaj Notifications ka best use karo. Bahut accha chal raha!,Get Started,Shuru Karo,friendly,epic_meaning,Notifications,1.0
TPL_0089,0,Needs Attention,trial,feature_discovery,epic_meaning,4,🎓 Your journey!,🎓 Tumhara safar!,Don't miss what's new in Ai Tutor. Open and see!,Ai Tutor mein naya kya hai miss mat karo. Khol ke dekho!,Explore,Explore Karo,friendly,epic_meaning,Ai Tutor,1.0
TPL_0090,0,Needs Attention,trial,feature_discovery,epic_meaning,5,✨ Something bigger!,✨ Kuch bada karo!,Your generic progress is impressive. Keep using Leaderboard!,Tumhara generic progress impressive hai. Leaderboard use karte raho!,Try Now,Abhi Try Karo,friendly,epic_meaning,Leaderboard,1.0
TPL_0092,0,Needs Attention,trial,habit_formation,unpredictability,2,✨ Something new!,✨ Kuch naya hai!,Your User Dashboard experience is waiting. Check it out now!,Tumhara User Dashboard experience wait kar raha. Abhi dekho!,Check It Out,Dekho,friendly,unpredictability,User Dashboard,1.0
TPL_0093,0,Needs Attention,trial,habit_formation,unpredictability,3,🎲 Discover today!,🎲 Aaj discover karo!,Make the most of Notifications today. You're doing great!,Aaj Notifications ka best use karo. Bahut accha chal raha!,Get Started,Shuru Karo,friendly,unpredictability,Notifications,1.0
TPL_0094,0,Needs Attention,trial,habit_formation,unpredictability,4,🔓 Unlock something!,🔓 Kuch unlock karo!,Don't miss what's new in Ai Tutor. Open and see!,Ai Tutor mein naya kya hai miss mat karo. Khol ke dekho!,Explore,Explore Karo,friendly,unpredictability,Ai Tutor,1.0
TPL_0095,0,Needs Attention,trial,habit_formation,unpredictability,5,🎉 Check this out!,🎉 Ye dekho!,Your generic progress is impressive. Keep using Leaderboard!,Tumhara generic progress impressive hai. Leaderboard use karte raho!,Try Now,Abhi Try Karo,friendly,unpredictability,Leaderboard,1.0
TPL_0096,0,Needs Attention,trial,habit_formation,epic_meaning,1,🚀 Be part of it!,🚀 Iska hissa bano!,Explore Core Feature and take the next step in your generic journey!,Core Feature explore karo aur apne generic journey mein aage badho!,Open Now,Abhi Kholo,friendly,epic_meaning,Core Feature,1.0
TPL_0097,0,Needs Attention,trial,habit_formation,epic_meaning,2,🌍 Make an impact!,🌍 Impact daalo!,Your User Dashboard experience is waiting. Check it out now!,Tumhara User Dashboard experience wait kar raha. Abhi dekho!,Check It Out,Dekho,friendly,epic_meaning,User Dashboard,1.0
TPL_0098,0,Needs Attention,trial,habit_formation,epic_meaning,3,💫 Transform today!,💫 Aaj transform karo!,Make the most of Notifications today. You're doing great!,Aaj Notifications ka best use karo. Bahut accha chal raha!,Get Started,Shuru Karo,friendly,epic_meaning,Notifications,1.0
TPL_0099,0,Needs Attention,trial,habit_formation,epic_meaning,4,🎓 Your journey!,🎓 Tumhara safar!,Don't miss what's new in Ai Tutor. Open and see!,Ai Tutor mein naya kya hai miss mat karo. Khol ke dekho!,Explore,Explore Karo,friendly,epic_meaning,Ai Tutor,1.0
TPL_0100,0,Needs Attention,trial,habit_formation,epic_meaning,5,✨ Something bigger!,✨ Kuch bada karo!,Your generic progress is impressive. Keep using Leaderboard!,Tumhara generic progress impressive hai. Leaderboard use karte raho!,Try Now,Abhi Try Karo,friendly,epic_meaning,Leaderboard,1.0
TPL_0101,1,At-Risk Users,churned,re_engagement,loss_avoidance,1,⚠️ Don't miss out!,⚠️ Miss mat karo!,Explore Core Feature and take the next step in your generic journey!,Core Feature explore karo aur apne generic journey mein aage badho!,Open Now,Abhi Kholo,friendly,loss_avoidance,Core Feature,2.0
TPL_0102,1,At-Risk Users,churned,re_engagement,loss_avoidance,2,🔔 Time is running out!,🔔 Time khatam ho raha!,Your User Dashboard experience is waiting. Check it out now!,Tumhara User Dashboard experience wait kar raha. Abhi dekho!,Check It Out,Dekho,friendly,loss_avoidance,User Dashboard,1.0
TPL_0103,1,At-Risk Users,churned,re_engagement,loss_avoidance,3,⏰ Act before it's late!,⏰ Der se pehle karo!,Make the most of Notifications today. You're doing great!,Aaj Notifications ka best use karo. Bahut accha chal raha!,Get Started,Shuru Karo,friendly,loss_avoidance,Notifications,1.0
TPL_0104,1,At-Risk Users,churned,re_engagement,loss_avoidance,4,❗ Your progress is at risk!,❗ Progress khatrey mein!,Don't miss what's new in Ai Tutor. Open and see!,Ai Tutor mein naya kya hai miss mat karo. Khol ke dekho!,Explore,Explore Karo,friendly,loss_avoidance,Ai Tutor,1.0
TPL_0105,1,At-Risk Users,churned,re_engagement,loss_avoidance,5,🚨 Last chance!,🚨 Aakhri mauka!,Your generic progress is impressive. Keep using Leaderboard!,Tumhara generic progress impressive hai. Leaderboard use karte raho!,Try Now,Abhi Try Karo,friendly,loss_avoidance,Leaderboard,1.0
TPL_0106,1,At-Risk Users,churned,re_engagement,scarcity,1,⏳ Limited time!,⏳ Simit samay!,Explore Core Feature and take the next step in your generic journey!,Core Feature explore karo aur apne generic journey mein aage badho!,Open Now,Abhi Kholo,friendly,scarcity,Core Feature,1.0
TPL_0107,1,At-Risk Users,churned,re_engagement,scarcity,2,🔥 Ending soon!,🔥 Jaldi khatam!,Your User Dashboard experience is waiting. Check it out now!,Tumhara User Dashboard experience wait kar raha. Abhi dekho!,Check It Out,Dekho,friendly,scarcity,User Dashboard,1.0
TPL_0108,1,At-Risk Users,churned,re_engagement,scarcity,3,⚡ Today only!,⚡ Sirf aaj!,Make the most of Notifications today. You're doing great!,Aaj Notifications ka best use karo. Bahut accha chal raha!,Get Started,Shuru Karo,friendly,scarcity,Notifications,1.0
TPL_0109,1,At-Risk Users,churned,re_engagement,scarcity,4,🎯 Don't wait!,🎯 Wait mat karo!,Don't miss what's new in Ai Tutor. Open and see!,Ai Tutor mein naya kya hai miss mat karo. Khol ke dekho!,Explore,Explore Karo,friendly,scarcity,Ai Tutor,1.0
TPL_0110,1,At-Risk Users,churned,re_engagement,scarcity,5,⏰ Hurry!,⏰ Jaldi karo!,Your generic progress is impressive. Keep using Leaderboard!,Tumhara generic progress impressive hai. Leaderboard use karte raho!,Try Now,Abhi Try Karo,friendly,scarcity,Leaderboard,1.0
TPL_0111,1,At-Risk Users,inactive,activation,loss_avoidance,1,⚠️ Don't miss out!,⚠️ Miss mat karo!,Explore Core Feature and take the next step in your generic journey!,Core Feature explore karo aur apne generic journey mein aage badho!,Open Now,Abhi Kholo,friendly,loss_avoidance,Core Feature,2.0
TPL_0112,1,At-Risk Users,inactive,activation,loss_avoidance,2,🔔 Time is running out!,🔔 Time khatam ho raha!,Your User Dashboard experience is waiting. Check it out now!,Tumhara User Dashboard experience wait kar raha. Abhi dekho!,Check It Out,Dekho,friendly,loss_avoidance,User Dashboard,1.0
TPL_0113,1,At-Risk Users,inactive,activation,loss_avoidance,3,⏰ Act before it's late!,⏰ Der se pehle karo!,Make the most of Notifications today. You're doing great!,Aaj Notifications ka best use karo. Bahut accha chal raha!,Get Started,Shuru Karo,friendly,loss_avoidance,Notifications,1.0
TPL_0114,1,At-Risk Users,inactive,activation,loss_avoidance,4,❗ Your progress is at risk!,❗ Progress khatrey mein!,Don't miss what's new in Ai Tutor. Open and see!,Ai Tutor mein naya kya hai miss mat karo. Khol ke dekho!,Explore,Explore Karo,friendly,loss_avoidance,Ai Tutor,1.0
TPL_0115,1,At-Risk Users,inactive,activation,loss_avoidance,5,🚨 Last chance!,🚨 Aakhri mauka!,Your generic progress is impressive. Keep using Leaderboard!,Tumhara generic progress impressive hai. Leaderboard use karte raho!,Try Now,Abhi Try Karo,friendly,loss_avoidance,Leaderboard,1.0
TPL_0116,1,At-Risk Users,inactive,activation,scarcity,1,⏳ Limited time!,⏳ Simit samay!,Explore Core Feature and take the next step in your generic journey!,Core Feature explore karo aur apne generic journey mein aage badho!,Open Now,Abhi Kholo,friendly,scarcity,Core Feature,1.0
TPL_0117,1,At-Risk Users,inactive,activation,scarcity,2,🔥 Ending soon!,🔥 Jaldi khatam!,Your User Dashboard experience is waiting. Check it out now!,Tumhara User Dashboard experience wait kar raha. Abhi dekho!,Check It Out,Dekho,friendly,scarcity,User Dashboard,1.0
TPL_0118,1,At-Risk Users,inactive,activation,scarcity,3,⚡ Today only!,⚡ Sirf aaj!,Make the most of Notifications today. You're doing great!,Aaj Notifications ka best use karo. Bahut accha chal raha!,Get Started,Shuru Karo,friendly,scarcity,Notifications,1.0
TPL_0119,1,At-Risk Users,inactive,activation,scarcity,4,🎯 Don't wait!,🎯 Wait mat karo!,Don't miss what's new in Ai Tutor. Open and see!,Ai Tutor mein naya kya hai miss mat karo. Khol ke dekho!,Explore,Explore Karo,friendly,scarcity,Ai Tutor,1.0
TPL_0120,1,At-Risk Users,inactive,activation,scarcity,5,⏰ Hurry!,⏰ Jaldi karo!,Your generic progress is impressive. Keep using Leaderboard!,Tumhara generic progress impressive hai. Leaderboard use karte raho!,Try Now,Abhi Try Karo,friendly,scarcity,Leaderboard,1.0
TPL_0121,1,At-Risk Users,paid,advocacy,loss_avoidance,1,⚠️ Don't miss out!,⚠️ Miss mat karo!,Explore Core Feature and take the next step in your generic journey!,Core Feature explore karo aur apne generic journey mein aage badho!,Open Now,Abhi Kholo,friendly,loss_avoidance,Core Feature,1.0
TPL_0122,1,At-Risk Users,paid,advocacy,loss_avoidance,2,🔔 Time is running out!,🔔 Time khatam ho raha!,Your User Dashboard experience is waiting. Check it out now!,Tumhara User Dashboard experience wait kar raha. Abhi dekho!,Check It Out,Dekho,friendly,loss_avoidance,User Dashboard,1.0
TPL_0123,1,At-Risk Users,paid,advocacy,loss_avoidance,3,⏰ Act before it's late!,⏰ Der se pehle karo!,Make the most of Notifications today. You're doing great!,Aaj Notifications ka best use karo. Bahut accha chal raha!,Get Started,Shuru Karo,friendly,loss_avoidance,Notifications,1.0
TPL_0124,1,At-Risk Users,paid,advocacy,loss_avoidance,4,❗ Your progress is at risk!,❗ Progress khatrey mein!,Don't miss what's new in Ai Tutor. Open and see!,Ai Tutor mein naya kya hai miss mat karo. Khol ke dekho!,Explore,Explore Karo,friendly,loss_avoidance,Ai Tutor,1.0
TPL_0125,1,At-Risk Users,paid,advocacy,loss_avoidance,5,🚨 Last chance!,🚨 Aakhri mauka!,Your generic progress is impressive. Keep using Leaderboard!,Tumhara generic progress impressive hai. Leaderboard use karte raho!,Try Now,Abhi Try Karo,friendly,loss_avoidance,Leaderboard,1.0
TPL_0126,1,At-Risk Users,paid,advocacy,scarcity,1,⏳ Limited time!,⏳ Simit samay!,Explore Core Feature and take the next step in your generic journey!,Core Feature explore karo aur apne generic journey mein aage badho!,Open Now,Abhi Kholo,friendly,scarcity,Core Feature,1.0
TPL_0127,1,At-Risk Users,paid,advocacy,scarcity,2,🔥 Ending soon!,🔥 Jaldi khatam!,Your User Dashboard experience is waiting. Check it out now!,Tumhara User Dashboard experience wait kar raha. Abhi dekho!,Check It Out,Dekho,friendly,scarcity,User Dashboard,1.0
TPL_0128,1,At-Risk Users,paid,advocacy,scarcity,3,⚡ Today only!,⚡ Sirf aaj!,Make the most of Notifications today. You're doing great!,Aaj Notifications ka best use karo. Bahut accha chal raha!,Get Started,Shuru Karo,friendly,scarcity,Notifications,1.0
TPL_0129,1,At-Risk Users,paid,advocacy,scarcity,4,🎯 Don't wait!,🎯 Wait mat karo!,Don't miss what's new in Ai Tutor. Open and see!,Ai Tutor mein naya kya hai miss mat karo. Khol ke dekho!,Explore,Explore Karo,friendly,scarcity,Ai Tutor,1.0
TPL_0130,1,At-Risk Users,paid,advocacy,scarcity,5,⏰ Hurry!,⏰ Jaldi karo!,Your generic progress is impressive. Keep using Leaderboard!,Tumhara generic progress impressive hai. Leaderboard use karte raho!,Try Now,Abhi Try Karo,friendly,scarcity,Leaderboard,1.0
TPL_0131,1,At-Risk Users,paid,deepening,loss_avoidance,1,⚠️ Don't miss out!,⚠️ Miss mat karo!,Explore Core Feature and take the next step in your generic journey!,Core Feature explore karo aur apne generic journey mein aage badho!,Open Now,Abhi Kholo,friendly,loss_avoidance,Core Feature,1.0
TPL_0132,1,At-Risk Users,paid,deepening,loss_avoidance,2,🔔 Time is running out!,🔔 Time khatam ho raha!,Your User Dashboard experience is waiting. Check it out now!,Tumhara User Dashboard experience wait kar raha. Abhi dekho!,Check It Out,Dekho,friendly,loss_avoidance,User Dashboard,1.0
TPL_0133,1,At-Risk Users,paid,deepening,loss_avoidance,3,⏰ Act before it's late!,⏰ Der se pehle karo!,Make the most of Notifications today. You're doing great!,Aaj Notifications ka best use karo. Bahut accha chal raha!,Get Started,Shuru Karo,friendly,loss_avoidance,Notifications,1.0
TPL_0134,1,At-Risk Users,paid,deepening,loss_avoidance,4,❗ Your progress is at risk!,❗ Progress khatrey mein!,Don't miss what's new in Ai Tutor. Open and see!,Ai Tutor mein naya kya hai miss mat karo. Khol ke dekho!,Explore,Explore Karo,friendly,loss_avoidance,Ai Tutor,1.0
TPL_0135,1,At-Risk Users,paid,deepening,loss_avoidance,5,🚨 Last chance!,🚨 Aakhri mauka!,Your generic progress is impressive. Keep using Leaderboard!,Tumhara generic progress impressive hai. Leaderboard use karte raho!,Try Now,Abhi Try Karo,friendly,loss_avoidance,Leaderboard,1.0
TPL_0136,1,At-Risk Users,paid,deepening,scarcity,1,⏳ Limited time!,⏳ Simit samay!,Explore Core Feature and take the next step in your generic journey!,Core Feature explore karo aur apne generic journey mein aage badho!,Open Now,Abhi Kholo,friendly,scarcity,Core Feature,1.0
TPL_0137,1,At-Risk Users,paid,deepening,scarcity,2,🔥 Ending soon!,🔥 Jaldi khatam!,Your User Dashboard experience is waiting. Check it out now!,Tumhara User Dashboard experience wait kar raha. Abhi dekho!,Check It Out,Dekho,friendly,scarcity,User Dashboard,1.0
TPL_0138,1,At-Risk Users,paid,deepening,scarcity,3,⚡ Today only!,⚡ Sirf aaj!,Make the most of Notifications today. You're doing great!,Aaj Notifications ka best use karo. Bahut accha chal raha!,Get Started,Shuru Karo,friendly,scarcity,Notifications,1.0
TPL_0139,1,At-Risk Users,paid,deepening,scarcity,4,🎯 Don't wait!,🎯 Wait mat karo!,Don't miss what's new in Ai Tutor. Open and see!,Ai Tutor mein naya kya hai miss mat karo. Khol ke dekho!,Explore,Explore Karo,friendly,scarcity,Ai Tutor,1.0
TPL_0140,1,At-Risk Users,paid,deepening,scarcity,5,⏰ Hurry!,⏰ Jaldi karo!,Your generic progress is impressive. Keep using Leaderboard!,Tumhara generic progress impressive hai. Leaderboard use karte raho!,Try Now,Abhi Try Karo,friendly,scarcity,Leaderboard,1.0
TPL_0141,1,At-Risk Users,paid,expansion,loss_avoidance,1,⚠️ Don't miss out!,⚠️ Miss mat karo!,Explore Core Feature and take the next step in your generic journey!,Core Feature explore karo aur apne generic journey mein aage badho!,Open Now,Abhi Kholo,friendly,loss_avoidance,Core Feature,1.0
TPL_0142,1,At-Risk Users,paid,expansion,loss_avoidance,2,🔔 Time is running out!,🔔 Time khatam ho raha!,Your User Dashboard experience is waiting. Check it out now!,Tumhara User Dashboard experience wait kar raha. Abhi dekho!,Check It Out,Dekho,friendly,loss_avoidance,User Dashboard,1.0
TPL_0143,1,At-Risk Users,paid,expansion,loss_avoidance,3,⏰ Act before it's late!,⏰ Der se pehle karo!,Make the most of Notifications today. You're doing great!,Aaj Notifications ka best use karo. Bahut accha chal raha!,Get Started,Shuru Karo,friendly,loss_avoidance,Notifications,1.0
TPL_0144,1,At-Risk Users,paid,expansion,loss_avoidance,4,❗ Your progress is at risk!,❗ Progress khatrey mein!,Don't miss what's new in Ai Tutor. Open and see!,Ai Tutor mein naya kya hai miss mat karo. Khol ke dekho!,Explore,Explore Karo,friendly,loss_avoidance,Ai Tutor,1.0
TPL_0145,1,At-Risk Users,paid,expansion,loss_avoidance,5,🚨 Last chance!,🚨 Aakhri mauka!,Your generic progress is impressive. Keep using Leaderboard!,Tumhara generic progress impressive hai. Leaderboard use karte raho!,Try Now,Abhi Try Karo,friendly,loss_avoidance,Leaderboard,1.0
TPL_0146,1,At-Risk Users,paid,expansion,scarcity,1,⏳ Limited time!,⏳ Simit samay!,Explore Core Feature and take the next step in your generic journey!,Core Feature explore karo aur apne generic journey mein aage badho!,Open Now,Abhi Kholo,friendly,scarcity,Core Feature,1.0
TPL_0147,1,At-Risk Users,paid,expansion,scarcity,2,🔥 Ending soon!,🔥 Jaldi khatam!,Your User Dashboard experience is waiting. Check it out now!,Tumhara User Dashboard experience wait kar raha. Abhi dekho!,Check It Out,Dekho,friendly,scarcity,User Dashboard,1.0
TPL_0148,1,At-Risk Users,paid,expansion,scarcity,3,⚡ Today only!,⚡ Sirf aaj!,Make the most of Notifications today. You're doing great!,Aaj Notifications ka best use karo. Bahut accha chal raha!,Get Started,Shuru Karo,friendly,scarcity,Notifications,1.0
TPL_0149,1,At-Risk Users,paid,expansion,scarcity,4,🎯 Don't wait!,🎯 Wait mat karo!,Don't miss what's new in Ai Tutor. Open and see!,Ai Tutor mein naya kya hai miss mat karo. Khol ke dekho!,Explore,Explore Karo,friendly,scarcity,Ai Tutor,1.0
TPL_0150,1,At-Risk Users,paid,expansion,scarcity,5,⏰ Hurry!,⏰ Jaldi karo!,Your generic progress is impressive. Keep using Leaderboard!,Tumhara generic progress impressive hai. Leaderboard use karte raho!,Try Now,Abhi Try Karo,friendly,scarcity,Leaderboard,1.0
TPL_0151,1,At-Risk Users,paid,retention,loss_avoidance,1,⚠️ Don't miss out!,⚠️ Miss mat karo!,Explore Core Feature and take the next step in your generic journey!,Core Feature explore karo aur apne generic journey mein aage badho!,Open Now,Abhi Kholo,friendly,loss_avoidance,Core Feature,1.0
TPL_0152,1,At-Risk Users,paid,retention,loss_avoidance,2,🔔 Time is running out!,🔔 Time khatam ho raha!,Your User Dashboard experience is waiting. Check it out now!,Tumhara User Dashboard experience wait kar raha. Abhi dekho!,Check It Out,Dekho,friendly,loss_avoidance,User Dashboard,1.0
TPL_0153,1,At-Risk Users,paid,retention,loss_avoidance,3,⏰ Act before it's late!,⏰ Der se pehle karo!,Make the most of Notifications today. You're doing great!,Aaj Notifications ka best use karo. Bahut accha chal raha!,Get Started,Shuru Karo,friendly,loss_avoidance,Notifications,1.0
TPL_0154,1,At-Risk Users,paid,retention,loss_avoidance,4,❗ Your progress is at risk!,❗ Progress khatrey mein!,Don't miss what's new in Ai Tutor. Open and see!,Ai Tutor mein naya kya hai miss mat karo. Khol ke dekho!,Explore,Explore Karo,friendly,loss_avoidance,Ai Tutor,1.0
TPL_0155,1,At-Risk Users,paid,retention,loss_avoidance,5,🚨 Last chance!,🚨 Aakhri mauka!,Your generic progress is impressive. Keep using Leaderboard!,Tumhara generic progress impressive hai. Leaderboard use karte raho!,Try Now,Abhi Try Karo,friendly,loss_avoidance,Leaderboard,1.0
TPL_0156,1,At-Risk Users,paid,retention,scarcity,1,⏳ Limited time!,⏳ Simit samay!,Explore Core Feature and take the next step in your generic journey!,Core Feature explore karo aur apne generic journey mein aage badho!,Open Now,Abhi Kholo,friendly,scarcity,Core Feature,1.0
TPL_0157,1,At-Risk Users,paid,retention,scarcity,2,🔥 Ending soon!,🔥 Jaldi khatam!,Your User Dashboard experience is waiting. Check it out now!,Tumhara User Dashboard experience wait kar raha. Abhi dekho!,Check It Out,Dekho,friendly,scarcity,User Dashboard,1.0
TPL_0158,1,At-Risk Users,paid,retention,scarcity,3,⚡ Today only!,⚡ Sirf aaj!,Make the most of Notifications today. You're doing great!,Aaj Notifications ka best use karo. Bahut accha chal raha!,Get Started,Shuru Karo,friendly,scarcity,Notifications,1.0
TPL_0159,1,At-Risk Users,paid,retention,scarcity,4,🎯 Don't wait!,🎯 Wait mat karo!,Don't miss what's new in Ai Tutor. Open and see!,Ai Tutor mein naya kya hai miss mat karo. Khol ke dekho!,Explore,Explore Karo,friendly,scarcity,Ai Tutor,1.0
TPL_0160,1,At-Risk Users,paid,retention,scarcity,5,⏰ Hurry!,⏰ Jaldi karo!,Your generic progress is impressive. Keep using Leaderboard!,Tumhara generic progress impressive hai. Leaderboard use karte raho!,Try Now,Abhi Try Karo,friendly,scarcity,Leaderboard,1.0
TPL_0162,1,At-Risk Users,trial,activation,loss_avoidance,2,🔔 Time is running out!,🔔 Time khatam ho raha!,Your User Dashboard experience is waiting. Check it out now!,Tumhara User Dashboard experience wait kar raha. Abhi dekho!,Check It Out,Dekho,friendly,loss_avoidance,User Dashboard,1.0
TPL_0163,1,At-Risk Users,trial,activation,loss_avoidance,3,⏰ Act before it's late!,⏰ Der se pehle karo!,Make the most of Notifications today. You're doing great!,Aaj Notifications ka best use karo. Bahut accha chal raha!,Get Started,Shuru Karo,friendly,loss_avoidance,Notifications,1.0
TPL_0164,1,At-Risk Users,trial,activation,loss_avoidance,4,❗ Your progress is at risk!,❗ Progress khatrey mein!,Don't miss what's new in Ai Tutor. Open and see!,Ai Tutor mein naya kya hai miss mat karo. Khol ke dekho!,Explore,Explore Karo,friendly,loss_avoidance,Ai Tutor,1.0
TPL_0165,1,At-Risk Users,trial,activation,loss_avoidance,5,🚨 Last chance!,🚨 Aakhri mauka!,Your generic progress is impressive. Keep using Leaderboard!,Tumhara generic progress impressive hai. Leaderboard use karte raho!,Try Now,Abhi Try Karo,friendly,loss_avoidance,Leaderboard,1.0
TPL_0166,1,At-Risk Users,trial,activation,scarcity,1,⏳ Limited time!,⏳ Simit samay!,Explore Core Feature and take the next step in your generic journey!,Core Feature explore karo aur apne generic journey mein aage badho!,Open Now,Abhi Kholo,friendly,scarcity,Core Feature,1.0
TPL_0167,1,At-Risk Users,trial,activation,scarcity,2,🔥 Ending soon!,🔥 Jaldi khatam!,Your User Dashboard experience is waiting. Check it out now!,Tumhara User Dashboard experience wait kar raha. Abhi dekho!,Check It Out,Dekho,friendly,scarcity,User Dashboard,1.0
TPL_0168,1,At-Risk Users,trial,activation,scarcity,3,⚡ Today only!,⚡ Sirf aaj!,Make the most of Notifications today. You're doing great!,Aaj Notifications ka best use karo. Bahut accha chal raha!,Get Started,Shuru Karo,friendly,scarcity,Notifications,1.0
TPL_0169,1,At-Risk Users,trial,activation,scarcity,4,🎯 Don't wait!,🎯 Wait mat karo!,Don't miss what's new in Ai Tutor. Open and see!,Ai Tutor mein naya kya hai miss mat karo. Khol ke dekho!,Explore,Explore Karo,friendly,scarcity,Ai Tutor,1.0
TPL_0170,1,At-Risk Users,trial,activation,scarcity,5,⏰ Hurry!,⏰ Jaldi karo!,Your generic progress is impressive. Keep using Leaderboard!,Tumhara generic progress impressive hai. Leaderboard use karte raho!,Try Now,Abhi Try Karo,friendly,scarcity,Leaderboard,1.0
TPL_0171,1,At-Risk Users,trial,conversion_readiness,loss_avoidance,1,⚠️ Don't miss out!,⚠️ Miss mat karo!,Explore Core Feature and take the next step in your generic journey!,Core Feature explore karo aur apne generic journey mein aage badho!,Open Now,Abhi Kholo,friendly,loss_avoidance,Core Feature,1.0
TPL_0172,1,At-Risk Users,trial,conversion_readiness,loss_avoidance,2,🔔 Time is running out!,🔔 Time khatam ho raha!,Your User Dashboard experience is waiting. Check it out now!,Tumhara User Dashboard experience wait kar raha. Abhi dekho!,Check It Out,Dekho,friendly,loss_avoidance,User Dashboard,1.0
TPL_0173,1,At-Risk Users,trial,conversion_readiness,loss_avoidance,3,⏰ Act before it's late!,⏰ Der se pehle karo!,Make the most of Notifications today. You're doing great!,Aaj Notifications ka best use karo. Bahut accha chal raha!,Get Started,Shuru Karo,friendly,loss_avoidance,Notifications,1.0
TPL_0174,1,At-Risk Users,trial,conversion_readiness,loss_avoidance,4,❗ Your progress is at risk!,❗ Progress khatrey mein!,Don't miss what's new in Ai Tutor. Open and see!,Ai Tutor mein naya kya hai miss mat karo. Khol ke dekho!,Explore,Explore Karo,friendly,loss_avoidance,Ai Tutor,1.0
TPL_0175,1,At-Risk Users,trial,conversion_readiness,loss_avoidance,5,🚨 Last chance!,🚨 Aakhri mauka!,Your generic progress is impressive. Keep using Leaderboard!,Tumhara generic progress impressive hai. Leaderboard use karte raho!,Try Now,Abhi Try Karo,friendly,loss_avoidance,Leaderboard,1.0
TPL_0176,1,At-Risk Users,trial,conversion_readiness,scarcity,1,⏳ Limited time!,⏳ Simit samay!,Explore Core Feature and take the next step in your generic journey!,Core Feature explore karo aur apne generic journey mein aage badho!,Open Now,Abhi Kholo,friendly,scarcity,Core Feature,1.0
TPL_0177,1,At-Risk Users,trial,conversion_readiness,scarcity,2,🔥 Ending soon!,🔥 Jaldi khatam!,Your User Dashboard experience is waiting. Check it out now!,Tumhara User Dashboard experience wait kar raha. Abhi dekho!,Check It Out,Dekho,friendly,scarcity,User Dashboard,1.0
TPL_0178,1,At-Risk Users,trial,conversion_readiness,scarcity,3,⚡ Today only!,⚡ Sirf aaj!,Make the most of Notifications today. You're doing great!,Aaj Notifications ka best use karo. Bahut accha chal raha!,Get Started,Shuru Karo,friendly,scarcity,Notifications,1.0
TPL_0179,1,At-Risk Users,trial,conversion_readiness,scarcity,4,🎯 Don't wait!,🎯 Wait mat karo!,Don't miss what's new in Ai Tutor. Open and see!,Ai Tutor mein naya kya hai miss mat karo. Khol ke dekho!,Explore,Explore Karo,friendly,scarcity,Ai Tutor,1.0
TPL_0180,1,At-Risk Users,trial,conversion_readiness,scarcity,5,⏰ Hurry!,⏰ Jaldi karo!,Your generic progress is impressive. Keep using Leaderboard!,Tumhara generic progress impressive hai. Leaderboard use karte raho!,Try Now,Abhi Try Karo,friendly,scarcity,Leaderboard,1.0
TPL_0181,1,At-Risk Users,trial,feature_discovery,loss_avoidance,1,⚠️ Don't miss out!,⚠️ Miss mat karo!,Explore Core Feature and take the next step in your generic journey!,Core Feature explore karo aur apne generic journey mein aage badho!,Open Now,Abhi Kholo,friendly,loss_avoidance,Core Feature,1.0
TPL_0182,1,At-Risk Users,trial,feature_discovery,loss_avoidance,2,🔔 Time is running out!,🔔 Time khatam ho raha!,Your User Dashboard experience is waiting. Check it out now!,Tumhara User Dashboard experience wait kar raha. Abhi dekho!,Check It Out,Dekho,friendly,loss_avoidance,User Dashboard,1.0
TPL_0183,1,At-Risk Users,trial,feature_discovery,loss_avoidance,3,⏰ Act before it's late!,⏰ Der se pehle karo!,Make the most of Notifications today. You're doing great!,Aaj Notifications ka best use karo. Bahut accha chal raha!,Get Started,Shuru Karo,friendly,loss_avoidance,Notifications,1.0
TPL_0184,1,At-Risk Users,trial,feature_discovery,loss_avoidance,4,❗ Your progress is at risk!,❗ Progress khatrey mein!,Don't miss what's new in Ai Tutor. Open and see!,Ai Tutor mein naya kya hai miss mat karo. Khol ke dekho!,Explore,Explore Karo,friendly,loss_avoidance,Ai Tutor,1.0
TPL_0185,1,At-Risk Users,trial,feature_discovery,loss_avoidance,5,🚨 Last chance!,🚨 Aakhri mauka!,Your generic progress is impressive. Keep using Leaderboard!,Tumhara generic progress impressive hai. Leaderboard use karte raho!,Try Now,Abhi Try Karo,friendly,loss_avoidance,Leaderboard,1.0
TPL_0186,1,At-Risk Users,trial,feature_discovery,scarcity,1,⏳ Limited time!,⏳ Simit samay!,Explore Core Feature and take the next step in your generic journey!,Core Feature explore karo aur apne generic journey mein aage badho!,Open Now,Abhi Kholo,friendly,scarcity,Core Feature,1.0
TPL_0187,1,At-Risk Users,trial,feature_discovery,scarcity,2,🔥 Ending soon!,🔥 Jaldi khatam!,Your User Dashboard experience is waiting. Check it out now!,Tumhara User Dashboard experience wait kar raha. Abhi dekho!,Check It Out,Dekho,friendly,scarcity,User Dashboard,1.0
TPL_0188,1,At-Risk Users,trial,feature_discovery,scarcity,3,⚡ Today only!,⚡ Sirf aaj!,Make the most of Notifications today. You're doing great!,Aaj Notifications ka best use karo. Bahut accha chal raha!,Get Started,Shuru Karo,friendly,scarcity,Notifications,1.0
TPL_0189,1,At-Risk Users,trial,feature_discovery,scarcity,4,🎯 Don't wait!,🎯 Wait mat karo!,Don't miss what's new in Ai Tutor. Open and see!,Ai Tutor mein naya kya hai miss mat karo. Khol ke dekho!,Explore,Explore Karo,friendly,scarcity,Ai Tutor,1.0
TPL_0190,1,At-Risk Users,trial,feature_discovery,scarcity,5,⏰ Hurry!,⏰ Jaldi karo!,Your generic progress is impressive. Keep using Leaderboard!,Tumhara generic progress impressive hai. Leaderboard use karte raho!,Try Now,Abhi Try Karo,friendly,scarcity,Leaderboard,1.0
TPL_0191,1,At-Risk Users,trial,habit_formation,loss_avoidance,1,⚠️ Don't miss out!,⚠️ Miss mat karo!,Explore Core Feature and take the next step in your generic journey!,Core Feature explore karo aur apne generic journey mein aage badho!,Open Now,Abhi Kholo,friendly,loss_avoidance,Core Feature,1.0
TPL_0192,1,At-Risk Users,trial,habit_formation,loss_avoidance,2,🔔 Time is running out!,🔔 Time khatam ho raha!,Your User Dashboard experience is waiting. Check it out now!,Tumhara User Dashboard experience wait kar raha. Abhi dekho!,Check It Out,Dekho,friendly,loss_avoidance,User Dashboard,1.0
TPL_0193,1,At-Risk Users,trial,habit_formation,loss_avoidance,3,⏰ Act before it's late!,⏰ Der se pehle karo!,Make the most of Notifications today. You're doing great!,Aaj Notifications ka best use karo. Bahut accha chal raha!,Get Started,Shuru Karo,friendly,loss_avoidance,Notifications,1.0
TPL_0194,1,At-Risk Users,trial,habit_formation,loss_avoidance,4,❗ Your progress is at risk!,❗ Progress khatrey mein!,Don't miss what's new in Ai Tutor. Open and see!,Ai Tutor mein naya kya hai miss mat karo. Khol ke dekho!,Explore,Explore Karo,friendly,loss_avoidance,Ai Tutor,1.0
TPL_0195,1,At-Risk Users,trial,habit_formation,loss_avoidance,5,🚨 Last chance!,🚨 Aakhri mauka!,Your generic progress is impressive. Keep using Leaderboard!,Tumhara generic progress impressive hai. Leaderboard use karte raho!,Try Now,Abhi Try Karo,friendly,loss_avoidance,Leaderboard,1.0
TPL_0196,1,At-Risk Users,trial,habit_formation,scarcity,1,⏳ Limited time!,⏳ Simit samay!,Explore Core Feature and take the next step in your generic journey!,Core Feature explore karo aur apne generic journey mein aage badho!,Open Now,Abhi Kholo,friendly,scarcity,Core Feature,1.0
TPL_0197,1,At-Risk Users,trial,habit_formation,scarcity,2,🔥 Ending soon!,🔥 Jaldi khatam!,Your User Dashboard experience is waiting. Check it out now!,Tumhara User Dashboard experience wait kar raha. Abhi dekho!,Check It Out,Dekho,friendly,scarcity,User Dashboard,1.0
TPL_0198,1,At-Risk Users,trial,habit_formation,scarcity,3,⚡ Today only!,⚡ Sirf aaj!,Make the most of Notifications today. You're doing great!,Aaj Notifications ka best use karo. Bahut accha chal raha!,Get Started,Shuru Karo,friendly,scarcity,Notifications,1.0
TPL_0199,1,At-Risk Users,trial,habit_formation,scarcity,4,🎯 Don't wait!,🎯 Wait mat karo!,Don't miss what's new in Ai Tutor. Open and see!,Ai Tutor mein naya kya hai miss mat karo. Khol ke dekho!,Explore,Explore Karo,friendly,scarcity,Ai Tutor,1.0
TPL_0200,1,At-Risk Users,trial,habit_formation,scarcity,5,⏰ Hurry!,⏰ Jaldi karo!,Your generic progress is impressive. Keep using Leaderboard!,Tumhara generic progress impressive hai. Leaderboard use karte raho!,Try Now,Abhi Try Karo,friendly,scarcity,Leaderboard,1.0
TPL_0201,2,Social Engagers,churned,re_engagement,accomplishment,1,🎯 Keep going!,🎯 Aage badho!,Explore Core Feature and take the next step in your generic journey!,Core Feature explore karo aur apne generic journey mein aage badho!,Open Now,Abhi Kholo,friendly,accomplishment,Core Feature,1.0
TPL_0202,2,Social Engagers,churned,re_engagement,accomplishment,2,🏆 Great progress!,🏆 Badiya progress!,Your User Dashboard experience is waiting. Check it out now!,Tumhara User Dashboard experience wait kar raha. Abhi dekho!,Check It Out,Dekho,friendly,accomplishment,User Dashboard,1.0
TPL_0203,2,Social Engagers,churned,re_engagement,accomplishment,3,⭐ You're on track!,⭐ Sahi track pe ho!,Make the most of Notifications today. You're doing great!,Aaj Notifications ka best use karo. Bahut accha chal raha!,Get Started,Shuru Karo,friendly,accomplishment,Notifications,1.0
TPL_0204,2,Social Engagers,churned,re_engagement,accomplishment,4,🔥 Keep it up!,🔥 Aise hi karo!,Don't miss what's new in Ai Tutor. Open and see!,Ai Tutor mein naya kya hai miss mat karo. Khol ke dekho!,Explore,Explore Karo,friendly,accomplishment,Ai Tutor,1.0
TPL_0205,2,Social Engagers,churned,re_engagement,accomplishment,5,💪 Almost there!,💪 Bas thoda aur!,Your generic progress is impressive. Keep using Leaderboard!,Tumhara generic progress impressive hai. Leaderboard use karte raho!,Try Now,Abhi Try Karo,friendly,accomplishment,Leaderboard,1.0
TPL_0206,2,Social Engagers,churned,re_engagement,ownership,1,👑 Your rewards!,👑 Tumhare rewards!,Explore Core Feature and take the next step in your generic journey!,Core Feature explore karo aur apne generic journey mein aage badho!,Open Now,Abhi Kholo,friendly,ownership,Core Feature,1.0
TPL_0207,2,Social Engagers,churned,re_engagement,ownership,2,💎 Check your progress!,💎 Progress dekho!,Your User Dashboard experience is waiting. Check it out now!,Tumhara User Dashboard experience wait kar raha. Abhi dekho!,Check It Out,Dekho,friendly,ownership,User Dashboard,1.0
TPL_0208,2,Social Engagers,churned,re_engagement,ownership,3,🏠 Your dashboard!,🏠 Tumhara dashboard!,Make the most of Notifications today. You're doing great!,Aaj Notifications ka best use karo. Bahut accha chal raha!,Get Started,Shuru Karo,friendly,ownership,Notifications,1.0
TPL_0209,2,Social Engagers,churned,re_engagement,ownership,4,📈 Your stats!,📈 Tumhare stats!,Don't miss what's new in Ai Tutor. Open and see!,Ai Tutor mein naya kya hai miss mat karo. Khol ke dekho!,Explore,Explore Karo,friendly,ownership,Ai Tutor,1.0
TPL_0210,2,Social Engagers,churned,re_engagement,ownership,5,🎖️ You earned this!,🎖️ Ye tumne kamaya!,Your generic progress is impressive. Keep using Leaderboard!,Tumhara generic progress impressive hai. Leaderboard use karte raho!,Try Now,Abhi Try Karo,friendly,ownership,Leaderboard,1.0
TPL_0212,2,Social Engagers,inactive,activation,accomplishment,2,🏆 Great progress!,🏆 Badiya progress!,Your User Dashboard experience is waiting. Check it out now!,Tumhara User Dashboard experience wait kar raha. Abhi dekho!,Check It Out,Dekho,friendly,accomplishment,User Dashboard,1.0
TPL_0213,2,Social Engagers,inactive,activation,accomplishment,3,⭐ You're on track!,⭐ Sahi track pe ho!,Make the most of Notifications today. You're doing great!,Aaj Notifications ka best use karo. Bahut accha chal raha!,Get Started,Shuru Karo,friendly,accomplishment,Notifications,1.0
TPL_0214,2,Social Engagers,inactive,activation,accomplishment,4,🔥 Keep it up!,🔥 Aise hi karo!,Don't miss what's new in Ai Tutor. Open and see!,Ai Tutor mein naya kya hai miss mat karo. Khol ke dekho!,Explore,Explore Karo,friendly,accomplishment,Ai Tutor,1.0
TPL_0215,2,Social Engagers,inactive,activation,accomplishment,5,💪 Almost there!,💪 Bas thoda aur!,Your generic progress is impressive. Keep using Leaderboard!,Tumhara generic progress impressive hai. Leaderboard use karte raho!,Try Now,Abhi Try Karo,friendly,accomplishment,Leaderboard,1.0
TPL_0216,2,Social Engagers,inactive,activation,ownership,1,👑 Your rewards!,👑 Tumhare rewards!,Explore Core Feature and take the next step in your generic journey!,Core Feature explore karo aur apne generic journey mein aage badho!,Open Now,Abhi Kholo,friendly,ownership,Core Feature,2.0
TPL_0217,2,Social Engagers,inactive,activation,ownership,2,💎 Check your progress!,💎 Progress dekho!,Your User Dashboard experience is waiting. Check it out now!,Tumhara User Dashboard experience wait kar raha. Abhi dekho!,Check It Out,Dekho,friendly,ownership,User Dashboard,1.0
TPL_0218,2,Social Engagers,inactive,activation,ownership,3,🏠 Your dashboard!,🏠 Tumhara dashboard!,Make the most of Notifications today. You're doing great!,Aaj Notifications ka best use karo. Bahut accha chal raha!,Get Started,Shuru Karo,friendly,ownership,Notifications,1.0
TPL_0219,2,Social Engagers,inactive,activation,ownership,4,📈 Your stats!,📈 Tumhare stats!,Don't miss what's new in Ai Tutor. Open and see!,Ai Tutor mein naya kya hai miss mat karo. Khol ke dekho!,Explore,Explore Karo,friendly,ownership,Ai Tutor,1.0
TPL_0220,2,Social Engagers,inactive,activation,ownership,5,🎖️ You earned this!,🎖️ Ye tumne kamaya!,Your generic progress is impressive. Keep using Leaderboard!,Tumhara generic progress impressive hai. Leaderboard use karte raho!,Try Now,Abhi Try Karo,friendly,ownership,Leaderboard,1.0
TPL_0222,2,Social Engagers,paid,advocacy,accomplishment,2,🏆 Great progress!,🏆 Badiya progress!,Your User Dashboard experience is waiting. Check it out now!,Tumhara User Dashboard experience wait kar raha. Abhi dekho!,Check It Out,Dekho,friendly,accomplishment,User Dashboard,1.0
TPL_0223,2,Social Engagers,paid,advocacy,accomplishment,3,⭐ You're on track!,⭐ Sahi track pe ho!,Make the most of Notifications today. You're doing great!,Aaj Notifications ka best use karo. Bahut accha chal raha!,Get Started,Shuru Karo,friendly,accomplishment,Notifications,1.0
TPL_0224,2,Social Engagers,paid,advocacy,accomplishment,4,🔥 Keep it up!,🔥 Aise hi karo!,Don't miss what's new in Ai Tutor. Open and see!,Ai Tutor mein naya kya hai miss mat karo. Khol ke dekho!,Explore,Explore Karo,friendly,accomplishment,Ai Tutor,1.0
TPL_0225,2,Social Engagers,paid,advocacy,accomplishment,5,💪 Almost there!,💪 Bas thoda aur!,Your generic progress is impressive. Keep using Leaderboard!,Tumhara generic progress impressive hai. Leaderboard use karte raho!,Try Now,Abhi Try Karo,friendly,accomplishment,Leaderboard,1.0
TPL_0227,2,Social Engagers,paid,advocacy,ownership,2,💎 Check your progress!,💎 Progress dekho!,Your User Dashboard experience is waiting. Check it out now!,Tumhara User Dashboard experience wait kar raha. Abhi dekho!,Check It Out,Dekho,friendly,ownership,User Dashboard,1.0
TPL_0228,2,Social Engagers,paid,advocacy,ownership,3,🏠 Your dashboard!,🏠 Tumhara dashboard!,Make the most of Notifications today. You're doing great!,Aaj Notifications ka best use karo. Bahut accha chal raha!,Get Started,Shuru Karo,friendly,ownership,Notifications,1.0
TPL_0229,2,Social Engagers,paid,advocacy,ownership,4,📈 Your stats!,📈 Tumhare stats!,Don't miss what's new in Ai Tutor. Open and see!,Ai Tutor mein naya kya hai miss mat karo. Khol ke dekho!,Explore,Explore Karo,friendly,ownership,Ai Tutor,1.0
TPL_0230,2,Social Engagers,paid,advocacy,ownership,5,🎖️ You earned this!,🎖️ Ye tumne kamaya!,Your generic progress is impressive. Keep using Leaderboard!,Tumhara generic progress impressive hai. Leaderboard use karte raho!,Try Now,Abhi Try Karo,friendly,ownership,Leaderboard,1.0
TPL_0231,2,Social Engagers,paid,deepening,accomplishment,1,🎯 Keep going!,🎯 Aage badho!,Explore Core Feature and take the next step in your generic journey!,Core Feature explore karo aur apne generic journey mein aage badho!,Open Now,Abhi Kholo,friendly,accomplishment,Core Feature,2.0
TPL_0232,2,Social Engagers,paid,deepening,accomplishment,2,🏆 Great progress!,🏆 Badiya progress!,Your User Dashboard experience is waiting. Check it out now!,Tumhara User Dashboard experience wait kar raha. Abhi dekho!,Check It Out,Dekho,friendly,accomplishment,User Dashboard,1.0
TPL_0233,2,Social Engagers,paid,deepening,accomplishment,3,⭐ You're on track!,⭐ Sahi track pe ho!,Make the most of Notifications today. You're doing great!,Aaj Notifications ka best use karo. Bahut accha chal raha!,Get Started,Shuru Karo,friendly,accomplishment,Notifications,1.0
TPL_0234,2,Social Engagers,paid,deepening,accomplishment,4,🔥 Keep it up!,🔥 Aise hi karo!,Don't miss what's new in Ai Tutor. Open and see!,Ai Tutor mein naya kya hai miss mat karo. Khol ke dekho!,Explore,Explore Karo,friendly,accomplishment,Ai Tutor,1.0
TPL_0235,2,Social Engagers,paid,deepening,accomplishment,5,💪 Almost there!,💪 Bas thoda aur!,Your generic progress is impressive. Keep using Leaderboard!,Tumhara generic progress impressive hai. Leaderboard use karte raho!,Try Now,Abhi Try Karo,friendly,accomplishment,Leaderboard,1.0
TPL_0236,2,Social Engagers,paid,deepening,ownership,1,👑 Your rewards!,👑 Tumhare rewards!,Explore Core Feature and take the next step in your generic journey!,Core Feature explore karo aur apne generic journey mein aage badho!,Open Now,Abhi Kholo,friendly,ownership,Core Feature,1.0
TPL_0237,2,Social Engagers,paid,deepening,ownership,2,💎 Check your progress!,💎 Progress dekho!,Your User Dashboard experience is waiting. Check it out now!,Tumhara User Dashboard experience wait kar raha. Abhi dekho!,Check It Out,Dekho,friendly,ownership,User Dashboard,1.0
TPL_0238,2,Social Engagers,paid,deepening,ownership,3,🏠 Your dashboard!,🏠 Tumhara dashboard!,Make the most of Notifications today. You're doing great!,Aaj Notifications ka best use karo. Bahut accha chal raha!,Get Started,Shuru Karo,friendly,ownership,Notifications,1.0
TPL_0239,2,Social Engagers,paid,deepening,ownership,4,📈 Your stats!,📈 Tumhare stats!,Don't miss what's new in Ai Tutor. Open and see!,Ai Tutor mein naya kya hai miss mat karo. Khol ke dekho!,Explore,Explore Karo,friendly,ownership,Ai Tutor,1.0
TPL_0240,2,Social Engagers,paid,deepening,ownership,5,🎖️ You earned this!,🎖️ Ye tumne kamaya!,Your generic progress is impressive. Keep using Leaderboard!,Tumhara generic progress impressive hai. Leaderboard use karte raho!,Try Now,Abhi Try Karo,friendly,ownership,Leaderboard,1.0
TPL_0241,2,Social Engagers,paid,expansion,accomplishment,1,🎯 Keep going!,🎯 Aage badho!,Explore Core Feature and take the next step in your generic journey!,Core Feature explore karo aur apne generic journey mein aage badho!,Open Now,Abhi Kholo,friendly,accomplishment,Core Feature,1.0
TPL_0242,2,Social Engagers,paid,expansion,accomplishment,2,🏆 Great progress!,🏆 Badiya progress!,Your User Dashboard experience is waiting. Check it out now!,Tumhara User Dashboard experience wait kar raha. Abhi dekho!,Check It Out,Dekho,friendly,accomplishment,User Dashboard,1.0
TPL_0243,2,Social Engagers,paid,expansion,accomplishment,3,⭐ You're on track!,⭐ Sahi track pe ho!,Make the most of Notifications today. You're doing great!,Aaj Notifications ka best use karo. Bahut accha chal raha!,Get Started,Shuru Karo,friendly,accomplishment,Notifications,1.0
TPL_0244,2,Social Engagers,paid,expansion,accomplishment,4,🔥 Keep it up!,🔥 Aise hi karo!,Don't miss what's new in Ai Tutor. Open and see!,Ai Tutor mein naya kya hai miss mat karo. Khol ke dekho!,Explore,Explore Karo,friendly,accomplishment,Ai Tutor,1.0
TPL_0245,2,Social Engagers,paid,expansion,accomplishment,5,💪 Almost there!,💪 Bas thoda aur!,Your generic progress is impressive. Keep using Leaderboard!,Tumhara generic progress impressive hai. Leaderboard use karte raho!,Try Now,Abhi Try Karo,friendly,accomplishment,Leaderboard,1.0
TPL_0247,2,Social Engagers,paid,expansion,ownership,2,💎 Check your progress!,💎 Progress dekho!,Your User Dashboard experience is waiting. Check it out now!,Tumhara User Dashboard experience wait kar raha. Abhi dekho!,Check It Out,Dekho,friendly,ownership,User Dashboard,1.0
TPL_0248,2,Social Engagers,paid,expansion,ownership,3,🏠 Your dashboard!,🏠 Tumhara dashboard!,Make the most of Notifications today. You're doing great!,Aaj Notifications ka best use karo. Bahut accha chal raha!,Get Started,Shuru Karo,friendly,ownership,Notifications,1.0
TPL_0249,2,Social Engagers,paid,expansion,ownership,4,📈 Your stats!,📈 Tumhare stats!,Don't miss what's new in Ai Tutor. Open and see!,Ai Tutor mein naya kya hai miss mat karo. Khol ke dekho!,Explore,Explore Karo,friendly,ownership,Ai Tutor,1.0
TPL_0250,2,Social Engagers,paid,expansion,ownership,5,🎖️ You earned this!,🎖️ Ye tumne kamaya!,Your generic progress is impressive. Keep using Leaderboard!,Tumhara generic progress impressive hai. Leaderboard use karte raho!,Try Now,Abhi Try Karo,friendly,ownership,Leaderboard,1.0
TPL_0251,2,Social Engagers,paid,retention,accomplishment,1,🎯 Keep going!,🎯 Aage badho!,Explore Core Feature and take the next step in your generic journey!,Core Feature explore karo aur apne generic journey mein aage badho!,Open Now,Abhi Kholo,friendly,accomplishment,Core Feature,1.0
TPL_0252,2,Social Engagers,paid,retention,accomplishment,2,🏆 Great progress!,🏆 Badiya progress!,Your User Dashboard experience is waiting. Check it out now!,Tumhara User Dashboard experience wait kar raha. Abhi dekho!,Check It Out,Dekho,friendly,accomplishment,User Dashboard,1.0
TPL_0253,2,Social Engagers,paid,retention,accomplishment,3,⭐ You're on track!,⭐ Sahi track pe ho!,Make the most of Notifications today. You're doing great!,Aaj Notifications ka best use karo. Bahut accha chal raha!,Get Started,Shuru Karo,friendly,accomplishment,Notifications,1.0
TPL_0254,2,Social Engagers,paid,retention,accomplishment,4,🔥 Keep it up!,🔥 Aise hi karo!,Don't miss what's new in Ai Tutor. Open and see!,Ai Tutor mein naya kya hai miss mat karo. Khol ke dekho!,Explore,Explore Karo,friendly,accomplishment,Ai Tutor,1.0
TPL_0255,2,Social Engagers,paid,retention,accomplishment,5,💪 Almost there!,💪 Bas thoda aur!,Your generic progress is impressive. Keep using Leaderboard!,Tumhara generic progress impressive hai. Leaderboard use karte raho!,Try Now,Abhi Try Karo,friendly,accomplishment,Leaderboard,1.0
TPL_0256,2,Social Engagers,paid,retention,ownership,1,👑 Your rewards!,👑 Tumhare rewards!,Explore Core Feature and take the next step in your generic journey!,Core Feature explore karo aur apne generic journey mein aage badho!,Open Now,Abhi Kholo,friendly,ownership,Core Feature,1.0
TPL_0257,2,Social Engagers,paid,retention,ownership,2,💎 Check your progress!,💎 Progress dekho!,Your User Dashboard experience is waiting. Check it out now!,Tumhara User Dashboard experience wait kar raha. Abhi dekho!,Check It Out,Dekho,friendly,ownership,User Dashboard,1.0
TPL_0258,2,Social Engagers,paid,retention,ownership,3,🏠 Your dashboard!,🏠 Tumhara dashboard!,Make the most of Notifications today. You're doing great!,Aaj Notifications ka best use karo. Bahut accha chal raha!,Get Started,Shuru Karo,friendly,ownership,Notifications,1.0
TPL_0259,2,Social Engagers,paid,retention,ownership,4,📈 Your stats!,📈 Tumhare stats!,Don't miss what's new in Ai Tutor. Open and see!,Ai Tutor mein naya kya hai miss mat karo. Khol ke dekho!,Explore,Explore Karo,friendly,ownership,Ai Tutor,1.0
TPL_0260,2,Social Engagers,paid,retention,ownership,5,🎖️ You earned this!,🎖️ Ye tumne kamaya!,Your generic progress is impressive. Keep using Leaderboard!,Tumhara generic progress impressive hai. Leaderboard use karte raho!,Try Now,Abhi Try Karo,friendly,ownership,Leaderboard,1.0
TPL_0261,2,Social Engagers,trial,activation,accomplishment,1,🎯 Keep going!,🎯 Aage badho!,Explore Core Feature and take the next step in your generic journey!,Core Feature explore karo aur apne generic journey mein aage badho!,Open Now,Abhi Kholo,friendly,accomplishment,Core Feature,2.0
TPL_0262,2,Social Engagers,trial,activation,accomplishment,2,🏆 Great progress!,🏆 Badiya progress!,Your User Dashboard experience is waiting. Check it out now!,Tumhara User Dashboard experience wait kar raha. Abhi dekho!,Check It Out,Dekho,friendly,accomplishment,User Dashboard,1.0
TPL_0263,2,Social Engagers,trial,activation,accomplishment,3,⭐ You're on track!,⭐ Sahi track pe ho!,Make the most of Notifications today. You're doing great!,Aaj Notifications ka best use karo. Bahut accha chal raha!,Get Started,Shuru Karo,friendly,accomplishment,Notifications,1.0
TPL_0264,2,Social Engagers,trial,activation,accomplishment,4,🔥 Keep it up!,🔥 Aise hi karo!,Don't miss what's new in Ai Tutor. Open and see!,Ai Tutor mein naya kya hai miss mat karo. Khol ke dekho!,Explore,Explore Karo,friendly,accomplishment,Ai Tutor,1.0
TPL_0265,2,Social Engagers,trial,activation,accomplishment,5,💪 Almost there!,💪 Bas thoda aur!,Your generic progress is impressive. Keep using Leaderboard!,Tumhara generic progress impressive hai. Leaderboard use karte raho!,Try Now,Abhi Try Karo,friendly,accomplishment,Leaderboard,1.0
TPL_0266,2,Social Engagers,trial,activation,ownership,1,👑 Your rewards!,👑 Tumhare rewards!,Explore Core Feature and take the next step in your generic journey!,Core Feature explore karo aur apne generic journey mein aage badho!,Open Now,Abhi Kholo,friendly,ownership,Core Feature,1.0
TPL_0267,2,Social Engagers,trial,activation,ownership,2,💎 Check your progress!,💎 Progress dekho!,Your User Dashboard experience is waiting. Check it out now!,Tumhara User Dashboard experience wait kar raha. Abhi dekho!,Check It Out,Dekho,friendly,ownership,User Dashboard,1.0
TPL_0268,2,Social Engagers,trial,activation,ownership,3,🏠 Your dashboard!,🏠 Tumhara dashboard!,Make the most of Notifications today. You're doing great!,Aaj Notifications ka best use karo. Bahut accha chal raha!,Get Started,Shuru Karo,friendly,ownership,Notifications,1.0
TPL_0269,2,Social Engagers,trial,activation,ownership,4,📈 Your stats!,📈 Tumhare stats!,Don't miss what's new in Ai Tutor. Open and see!,Ai Tutor mein naya kya hai miss mat karo. Khol ke dekho!,Explore,Explore Karo,friendly,ownership,Ai Tutor,1.0
TPL_0270,2,Social Engagers,trial,activation,ownership,5,🎖️ You earned this!,🎖️ Ye tumne kamaya!,Your generic progress is impressive. Keep using Leaderboard!,Tumhara generic progress impressive hai. Leaderboard use karte raho!,Try Now,Abhi Try Karo,friendly,ownership,Leaderboard,1.0
TPL_0271,2,Social Engagers,trial,conversion_readiness,accomplishment,1,🎯 Keep going!,🎯 Aage badho!,Explore Core Feature and take the next step in your generic journey!,Core Feature explore karo aur apne generic journey mein aage badho!,Open Now,Abhi Kholo,friendly,accomplishment,Core Feature,1.0
TPL_0272,2,Social Engagers,trial,conversion_readiness,accomplishment,2,🏆 Great progress!,🏆 Badiya progress!,Your User Dashboard experience is waiting. Check it out now!,Tumhara User Dashboard experience wait kar raha. Abhi dekho!,Check It Out,Dekho,friendly,accomplishment,User Dashboard,1.0
TPL_0273,2,Social Engagers,trial,conversion_readiness,accomplishment,3,⭐ You're on track!,⭐ Sahi track pe ho!,Make the most of Notifications today. You're doing great!,Aaj Notifications ka best use karo. Bahut accha chal raha!,Get Started,Shuru Karo,friendly,accomplishment,Notifications,1.0
TPL_0274,2,Social Engagers,trial,conversion_readiness,accomplishment,4,🔥 Keep it up!,🔥 Aise hi karo!,Don't miss what's new in Ai Tutor. Open and see!,Ai Tutor mein naya kya hai miss mat karo. Khol ke dekho!,Explore,Explore Karo,friendly,accomplishment,Ai Tutor,1.0
TPL_0275,2,Social Engagers,trial,conversion_readiness,accomplishment,5,💪 Almost there!,💪 Bas thoda aur!,Your generic progress is impressive. Keep using Leaderboard!,Tumhara generic progress impressive hai. Leaderboard use karte raho!,Try Now,Abhi Try Karo,friendly,accomplishment,Leaderboard,1.0
TPL_0276,2,Social Engagers,trial,conversion_readiness,ownership,1,👑 Your rewards!,👑 Tumhare rewards!,Explore Core Feature and take the next step in your generic journey!,Core Feature explore karo aur apne generic journey mein aage badho!,Open Now,Abhi Kholo,friendly,ownership,Core Feature,2.0
TPL_0277,2,Social Engagers,trial,conversion_readiness,ownership,2,💎 Check your progress!,💎 Progress dekho!,Your User Dashboard experience is waiting. Check it out now!,Tumhara User Dashboard experience wait kar raha. Abhi dekho!,Check It Out,Dekho,friendly,ownership,User Dashboard,1.0
TPL_0278,2,Social Engagers,trial,conversion_readiness,ownership,3,🏠 Your dashboard!,🏠 Tumhara dashboard!,Make the most of Notifications today. You're doing great!,Aaj Notifications ka best use karo. Bahut accha chal raha!,Get Started,Shuru Karo,friendly,ownership,Notifications,1.0
TPL_0279,2,Social Engagers,trial,conversion_readiness,ownership,4,📈 Your stats!,📈 Tumhare stats!,Don't miss what's new in Ai Tutor. Open and see!,Ai Tutor mein naya kya hai miss mat karo. Khol ke dekho!,Explore,Explore Karo,friendly,ownership,Ai Tutor,1.0
TPL_0280,2,Social Engagers,trial,conversion_readiness,ownership,5,🎖️ You earned this!,🎖️ Ye tumne kamaya!,Your generic progress is impressive. Keep using Leaderboard!,Tumhara generic progress impressive hai. Leaderboard use karte raho!,Try Now,Abhi Try Karo,friendly,ownership,Leaderboard,1.0
TPL_0281,2,Social Engagers,trial,feature_discovery,accomplishment,1,🎯 Keep going!,🎯 Aage badho!,Explore Core Feature and take the next step in your generic journey!,Core Feature explore karo aur apne generic journey mein aage badho!,Open Now,Abhi Kholo,friendly,accomplishment,Core Feature,1.0
TPL_0282,2,Social Engagers,trial,feature_discovery,accomplishment,2,🏆 Great progress!,🏆 Badiya progress!,Your User Dashboard experience is waiting. Check it out now!,Tumhara User Dashboard experience wait kar raha. Abhi dekho!,Check It Out,Dekho,friendly,accomplishment,User Dashboard,1.0
TPL_0283,2,Social Engagers,trial,feature_discovery,accomplishment,3,⭐ You're on track!,⭐ Sahi track pe ho!,Make the most of Notifications today. You're doing great!,Aaj Notifications ka best use karo. Bahut accha chal raha!,Get Started,Shuru Karo,friendly,accomplishment,Notifications,1.0
TPL_0284,2,Social Engagers,trial,feature_discovery,accomplishment,4,🔥 Keep it up!,🔥 Aise hi karo!,Don't miss what's new in Ai Tutor. Open and see!,Ai Tutor mein naya kya hai miss mat karo. Khol ke dekho!,Explore,Explore Karo,friendly,accomplishment,Ai Tutor,1.0
TPL_0285,2,Social Engagers,trial,feature_discovery,accomplishment,5,💪 Almost there!,💪 Bas thoda aur!,Your generic progress is impressive. Keep using Leaderboard!,Tumhara generic progress impressive hai. Leaderboard use karte raho!,Try Now,Abhi Try Karo,friendly,accomplishment,Leaderboard,1.0
TPL_0286,2,Social Engagers,trial,feature_discovery,ownership,1,👑 Your rewards!,👑 Tumhare rewards!,Explore Core Feature and take the next step in your generic journey!,Core Feature explore karo aur apne generic journey mein aage badho!,Open Now,Abhi Kholo,friendly,ownership,Core Feature,1.0
TPL_0287,2,Social Engagers,trial,feature_discovery,ownership,2,💎 Check your progress!,💎 Progress dekho!,Your User Dashboard experience is waiting. Check it out now!,Tumhara User Dashboard experience wait kar raha. Abhi dekho!,Check It Out,Dekho,friendly,ownership,User Dashboard,1.0
TPL_0288,2,Social Engagers,trial,feature_discovery,ownership,3,🏠 Your dashboard!,🏠 Tumhara dashboard!,Make the most of Notifications today. You're doing great!,Aaj Notifications ka best use karo. Bahut accha chal raha!,Get Started,Shuru Karo,friendly,ownership,Notifications,1.0
TPL_0289,2,Social Engagers,trial,feature_discovery,ownership,4,📈 Your stats!,📈 Tumhare stats!,Don't miss what's new in Ai Tutor. Open and see!,Ai Tutor mein naya kya hai miss mat karo. Khol ke dekho!,Explore,Explore Karo,friendly,ownership,Ai Tutor,1.0
TPL_0290,2,Social Engagers,trial,feature_discovery,ownership,5,🎖️ You earned this!,🎖️ Ye tumne kamaya!,Your generic progress is impressive. Keep using Leaderboard!,Tumhara generic progress impressive hai. Leaderboard use karte raho!,Try Now,Abhi Try Karo,friendly,ownership,Leaderboard,1.0
TPL_0291,2,Social Engagers,trial,habit_formation,accomplishment,1,🎯 Keep going!,🎯 Aage badho!,Explore Core Feature and take the next step in your generic journey!,Core Feature explore karo aur apne generic journey mein aage badho!,Open Now,Abhi Kholo,friendly,accomplishment,Core Feature,1.0
TPL_0292,2,Social Engagers,trial,habit_formation,accomplishment,2,🏆 Great progress!,🏆 Badiya progress!,Your User Dashboard experience is waiting. Check it out now!,Tumhara User Dashboard experience wait kar raha. Abhi dekho!,Check It Out,Dekho,friendly,accomplishment,User Dashboard,1.0
TPL_0293,2,Social Engagers,trial,habit_formation,accomplishment,3,⭐ You're on track!,⭐ Sahi track pe ho!,Make the most of Notifications today. You're doing great!,Aaj Notifications ka best use karo. Bahut accha chal raha!,Get Started,Shuru Karo,friendly,accomplishment,Notifications,1.0
TPL_0294,2,Social Engagers,trial,habit_formation,accomplishment,4,🔥 Keep it up!,🔥 Aise hi karo!,Don't miss what's new in Ai Tutor. Open and see!,Ai Tutor mein naya kya hai miss mat karo. Khol ke dekho!,Explore,Explore Karo,friendly,accomplishment,Ai Tutor,1.0
TPL_0295,2,Social Engagers,trial,habit_formation,accomplishment,5,💪 Almost there!,💪 Bas thoda aur!,Your generic progress is impressive. Keep using Leaderboard!,Tumhara generic progress impressive hai. Leaderboard use karte raho!,Try Now,Abhi Try Karo,friendly,accomplishment,Leaderboard,1.0
TPL_0296,2,Social Engagers,trial,habit_formation,ownership,1,👑 Your rewards!,👑 Tumhare rewards!,Explore Core Feature and take the next step in your generic journey!,Core Feature explore karo aur apne generic journey mein aage badho!,Open Now,Abhi Kholo,friendly,ownership,Core Feature,1.0
TPL_0297,2,Social Engagers,trial,habit_formation,ownership,2,💎 Check your progress!,💎 Progress dekho!,Your User Dashboard experience is waiting. Check it out now!,Tumhara User Dashboard experience wait kar raha. Abhi dekho!,Check It Out,Dekho,friendly,ownership,User Dashboard,1.0
TPL_0298,2,Social Engagers,trial,habit_formation,ownership,3,🏠 Your dashboard!,🏠 Tumhara dashboard!,Make the most of Notifications today. You're doing great!,Aaj Notifications ka best use karo. Bahut accha chal raha!,Get Started,Shuru Karo,friendly,ownership,Notifications,1.0
TPL_0299,2,Social Engagers,trial,habit_formation,ownership,4,📈 Your stats!,📈 Tumhare stats!,Don't miss what's new in Ai Tutor. Open and see!,Ai Tutor mein naya kya hai miss mat karo. Khol ke dekho!,Explore,Explore Karo,friendly,ownership,Ai Tutor,1.0
TPL_0300,2,Social Engagers,trial,habit_formation,ownership,5,🎖️ You earned this!,🎖️ Ye tumne kamaya!,Your generic progress is impressive. Keep using Leaderboard!,Tumhara generic progress impressive hai. Leaderboard use karte raho!,Try Now,Abhi Try Karo,friendly,ownership,Leaderboard,1.0
TPL_0301,3,Segment 3,churned,re_engagement,loss_avoidance,1,⚠️ Don't miss out!,⚠️ Miss mat karo!,Explore Core Feature and take the next step in your generic journey!,Core Feature explore karo aur apne generic journey mein aage badho!,Open Now,Abhi Kholo,friendly,loss_avoidance,Core Feature,1.0
TPL_0302,3,Segment 3,churned,re_engagement,loss_avoidance,2,🔔 Time is running out!,🔔 Time khatam ho raha!,Your User Dashboard experience is waiting. Check it out now!,Tumhara User Dashboard experience wait kar raha. Abhi dekho!,Check It Out,Dekho,friendly,loss_avoidance,User Dashboard,1.0
TPL_0303,3,Segment 3,churned,re_engagement,loss_avoidance,3,⏰ Act before it's late!,⏰ Der se pehle karo!,Make the most of Notifications today. You're doing great!,Aaj Notifications ka best use karo. Bahut accha chal raha!,Get Started,Shuru Karo,friendly,loss_avoidance,Notifications,1.0
TPL_0304,3,Segment 3,churned,re_engagement,loss_avoidance,4,❗ Your progress is at risk!,❗ Progress khatrey mein!,Don't miss what's new in Ai Tutor. Open and see!,Ai Tutor mein naya kya hai miss mat karo. Khol ke dekho!,Explore,Explore Karo,friendly,loss_avoidance,Ai Tutor,1.0
TPL_0305,3,Segment 3,churned,re_engagement,loss_avoidance,5,🚨 Last chance!,🚨 Aakhri mauka!,Your generic progress is impressive. Keep using Leaderboard!,Tumhara generic progress impressive hai. Leaderboard use karte raho!,Try Now,Abhi Try Karo,friendly,loss_avoidance,Leaderboard,1.0
TPL_0306,3,Segment 3,churned,re_engagement,unpredictability,1,🎁 Surprise for you!,🎁 Tumhare liye surprise!,Explore Core Feature and take the next step in your generic journey!,Core Feature explore karo aur apne generic journey mein aage badho!,Open Now,Abhi Kholo,friendly,unpredictability,Core Feature,1.0
TPL_0307,3,Segment 3,churned,re_engagement,unpredictability,2,✨ Something new!,✨ Kuch naya hai!,Your User Dashboard experience is waiting. Check it out now!,Tumhara User Dashboard experience wait kar raha. Abhi dekho!,Check It Out,Dekho,friendly,unpredictability,User Dashboard,1.0
TPL_0308,3,Segment 3,churned,re_engagement,unpredictability,3,🎲 Discover today!,🎲 Aaj discover karo!,Make the most of Notifications today. You're doing great!,Aaj Notifications ka best use karo. Bahut accha chal raha!,Get Started,Shuru Karo,friendly,unpredictability,Notifications,1.0
TPL_0309,3,Segment 3,churned,re_engagement,unpredictability,4,🔓 Unlock something!,🔓 Kuch unlock karo!,Don't miss what's new in Ai Tutor. Open and see!,Ai Tutor mein naya kya hai miss mat karo. Khol ke dekho!,Explore,Explore Karo,friendly,unpredictability,Ai Tutor,1.0
TPL_0310,3,Segment 3,churned,re_engagement,unpredictability,5,🎉 Check this out!,🎉 Ye dekho!,Your generic progress is impressive. Keep using Leaderboard!,Tumhara generic progress impressive hai. Leaderboard use karte raho!,Try Now,Abhi Try Karo,friendly,unpredictability,Leaderboard,1.0
TPL_0311,3,Segment 3,inactive,activation,unpredictability,1,🎁 Surprise for you!,🎁 Tumhare liye surprise!,Explore Core Feature and take the next step in your generic journey!,Core Feature explore karo aur apne generic journey mein aage badho!,Open Now,Abhi Kholo,friendly,unpredictability,Core Feature,1.0
TPL_0312,3,Segment 3,inactive,activation,unpredictability,2,✨ Something new!,✨ Kuch naya hai!,Your User Dashboard experience is waiting. Check it out now!,Tumhara User Dashboard experience wait kar raha. Abhi dekho!,Check It Out,Dekho,friendly,unpredictability,User Dashboard,1.0
TPL_0313,3,Segment 3,inactive,activation,unpredictability,3,🎲 Discover today!,🎲 Aaj discover karo!,Make the most of Notifications today. You're doing great!,Aaj Notifications ka best use karo. Bahut accha chal raha!,Get Started,Shuru Karo,friendly,unpredictability,Notifications,1.0
TPL_0314,3,Segment 3,inactive,activation,unpredictability,4,🔓 Unlock something!,🔓 Kuch unlock karo!,Don't miss what's new in Ai Tutor. Open and see!,Ai Tutor mein naya kya hai miss mat karo. Khol ke dekho!,Explore,Explore Karo,friendly,unpredictability,Ai Tutor,1.0
TPL_0315,3,Segment 3,inactive,activation,unpredictability,5,🎉 Check this out!,🎉 Ye dekho!,Your generic progress is impressive. Keep using Leaderboard!,Tumhara generic progress impressive hai. Leaderboard use karte raho!,Try Now,Abhi Try Karo,friendly,unpredictability,Leaderboard,1.0
TPL_0316,3,Segment 3,inactive,activation,empowerment,1,🎮 Your choice!,🎮 Tumhari choice!,Explore Core Feature and take the next step in your generic journey!,Core Feature explore karo aur apne generic journey mein aage badho!,Open Now,Abhi Kholo,friendly,empowerment,Core Feature,1.0
TPL_0317,3,Segment 3,inactive,activation,empowerment,2,⚡ Take control!,⚡ Control lo!,Your User Dashboard experience is waiting. Check it out now!,Tumhara User Dashboard experience wait kar raha. Abhi dekho!,Check It Out,Dekho,friendly,empowerment,User Dashboard,1.0
TPL_0318,3,Segment 3,inactive,activation,empowerment,3,🛠️ Customize it!,🛠️ Customize karo!,Make the most of Notifications today. You're doing great!,Aaj Notifications ka best use karo. Bahut accha chal raha!,Get Started,Shuru Karo,friendly,empowerment,Notifications,1.0
TPL_0319,3,Segment 3,inactive,activation,empowerment,4,🎯 Your way!,🎯 Apne tarike se!,Don't miss what's new in Ai Tutor. Open and see!,Ai Tutor mein naya kya hai miss mat karo. Khol ke dekho!,Explore,Explore Karo,friendly,empowerment,Ai Tutor,1.0
TPL_0320,3,Segment 3,inactive,activation,empowerment,5,💡 You decide!,💡 Tum decide karo!,Your generic progress is impressive. Keep using Leaderboard!,Tumhara generic progress impressive hai. Leaderboard use karte raho!,Try Now,Abhi Try Karo,friendly,empowerment,Leaderboard,1.0
TPL_0321,3,Segment 3,paid,advocacy,accomplishment,1,🎯 Keep going!,🎯 Aage badho!,Explore Core Feature and take the next step in your generic journey!,Core Feature explore karo aur apne generic journey mein aage badho!,Open Now,Abhi Kholo,friendly,accomplishment,Core Feature,1.0
TPL_0322,3,Segment 3,paid,advocacy,accomplishment,2,🏆 Great progress!,🏆 Badiya progress!,Your User Dashboard experience is waiting. Check it out now!,Tumhara User Dashboard experience wait kar raha. Abhi dekho!,Check It Out,Dekho,friendly,accomplishment,User Dashboard,1.0
TPL_0323,3,Segment 3,paid,advocacy,accomplishment,3,⭐ You're on track!,⭐ Sahi track pe ho!,Make the most of Notifications today. You're doing great!,Aaj Notifications ka best use karo. Bahut accha chal raha!,Get Started,Shuru Karo,friendly,accomplishment,Notifications,1.0
TPL_0324,3,Segment 3,paid,advocacy,accomplishment,4,🔥 Keep it up!,🔥 Aise hi karo!,Don't miss what's new in Ai Tutor. Open and see!,Ai Tutor mein naya kya hai miss mat karo. Khol ke dekho!,Explore,Explore Karo,friendly,accomplishment,Ai Tutor,1.0
TPL_0325,3,Segment 3,paid,advocacy,accomplishment,5,💪 Almost there!,💪 Bas thoda aur!,Your generic progress is impressive. Keep using Leaderboard!,Tumhara generic progress impressive hai. Leaderboard use karte raho!,Try Now,Abhi Try Karo,friendly,accomplishment,Leaderboard,1.0
TPL_0326,3,Segment 3,paid,advocacy,ownership,1,👑 Your rewards!,👑 Tumhare rewards!,Explore Core Feature and take the next step in your generic journey!,Core Feature explore karo aur apne generic journey mein aage badho!,Open Now,Abhi Kholo,friendly,ownership,Core Feature,1.0
TPL_0327,3,Segment 3,paid,advocacy,ownership,2,💎 Check your progress!,💎 Progress dekho!,Your User Dashboard experience is waiting. Check it out now!,Tumhara User Dashboard experience wait kar raha. Abhi dekho!,Check It Out,Dekho,friendly,ownership,User Dashboard,1.0
TPL_0328,3,Segment 3,paid,advocacy,ownership,3,🏠 Your dashboard!,🏠 Tumhara dashboard!,Make the most of Notifications today. You're doing great!,Aaj Notifications ka best use karo. Bahut accha chal raha!,Get Started,Shuru Karo,friendly,ownership,Notifications,1.0
TPL_0329,3,Segment 3,paid,advocacy,ownership,4,📈 Your stats!,📈 Tumhare stats!,Don't miss what's new in Ai Tutor. Open and see!,Ai Tutor mein naya kya hai miss mat karo. Khol ke dekho!,Explore,Explore Karo,friendly,ownership,Ai Tutor,1.0
TPL_0330,3,Segment 3,paid,advocacy,ownership,5,🎖️ You earned this!,🎖️ Ye tumne kamaya!,Your generic progress is impressive. Keep using Leaderboard!,Tumhara generic progress impressive hai. Leaderboard use karte raho!,Try Now,Abhi Try Karo,friendly,ownership,Leaderboard,1.0
TPL_0331,3,Segment 3,paid,deepening,accomplishment,1,🎯 Keep going!,🎯 Aage badho!,Explore Core Feature and take the next step in your generic journey!,Core Feature explore karo aur apne generic journey mein aage badho!,Open Now,Abhi Kholo,friendly,accomplishment,Core Feature,2.0
TPL_0332,3,Segment 3,paid,deepening,accomplishment,2,🏆 Great progress!,🏆 Badiya progress!,Your User Dashboard experience is waiting. Check it out now!,Tumhara User Dashboard experience wait kar raha. Abhi dekho!,Check It Out,Dekho,friendly,accomplishment,User Dashboard,1.0
TPL_0333,3,Segment 3,paid,deepening,accomplishment,3,⭐ You're on track!,⭐ Sahi track pe ho!,Make the most of Notifications today. You're doing great!,Aaj Notifications ka best use karo. Bahut accha chal raha!,Get Started,Shuru Karo,friendly,accomplishment,Notifications,1.0
TPL_0334,3,Segment 3,paid,deepening,accomplishment,4,🔥 Keep it up!,🔥 Aise hi karo!,Don't miss what's new in Ai Tutor. Open and see!,Ai Tutor mein naya kya hai miss mat karo. Khol ke dekho!,Explore,Explore Karo,friendly,accomplishment,Ai Tutor,1.0
TPL_0335,3,Segment 3,paid,deepening,accomplishment,5,💪 Almost there!,💪 Bas thoda aur!,Your generic progress is impressive. Keep using Leaderboard!,Tumhara generic progress impressive hai. Leaderboard use karte raho!,Try Now,Abhi Try Karo,friendly,accomplishment,Leaderboard,1.0
TPL_0337,3,Segment 3,paid,deepening,ownership,2,💎 Check your progress!,💎 Progress dekho!,Your User Dashboard experience is waiting. Check it out now!,Tumhara User Dashboard experience wait kar raha. Abhi dekho!,Check It Out,Dekho,friendly,ownership,User Dashboard,1.0
TPL_0338,3,Segment 3,paid,deepening,ownership,3,🏠 Your dashboard!,🏠 Tumhara dashboard!,Make the most of Notifications today. You're doing great!,Aaj Notifications ka best use karo. Bahut accha chal raha!,Get Started,Shuru Karo,friendly,ownership,Notifications,1.0
TPL_0339,3,Segment 3,paid,deepening,ownership,4,📈 Your stats!,📈 Tumhare stats!,Don't miss what's new in Ai Tutor. Open and see!,Ai Tutor mein naya kya hai miss mat karo. Khol ke dekho!,Explore,Explore Karo,friendly,ownership,Ai Tutor,1.0
TPL_0340,3,Segment 3,paid,deepening,ownership,5,🎖️ You earned this!,🎖️ Ye tumne kamaya!,Your generic progress is impressive. Keep using Leaderboard!,Tumhara generic progress impressive hai. Leaderboard use karte raho!,Try Now,Abhi Try Karo,friendly,ownership,Leaderboard,1.0
TPL_0341,3,Segment 3,paid,expansion,accomplishment,1,🎯 Keep going!,🎯 Aage badho!,Explore Core Feature and take the next step in your generic journey!,Core Feature explore karo aur apne generic journey mein aage badho!,Open Now,Abhi Kholo,friendly,accomplishment,Core Feature,2.0
TPL_0342,3,Segment 3,paid,expansion,accomplishment,2,🏆 Great progress!,🏆 Badiya progress!,Your User Dashboard experience is waiting. Check it out now!,Tumhara User Dashboard experience wait kar raha. Abhi dekho!,Check It Out,Dekho,friendly,accomplishment,User Dashboard,1.0
TPL_0343,3,Segment 3,paid,expansion,accomplishment,3,⭐ You're on track!,⭐ Sahi track pe ho!,Make the most of Notifications today. You're doing great!,Aaj Notifications ka best use karo. Bahut accha chal raha!,Get Started,Shuru Karo,friendly,accomplishment,Notifications,1.0
TPL_0344,3,Segment 3,paid,expansion,accomplishment,4,🔥 Keep it up!,🔥 Aise hi karo!,Don't miss what's new in Ai Tutor. Open and see!,Ai Tutor mein naya kya hai miss mat karo. Khol ke dekho!,Explore,Explore Karo,friendly,accomplishment,Ai Tutor,1.0
TPL_0345,3,Segment 3,paid,expansion,accomplishment,5,💪 Almost there!,💪 Bas thoda aur!,Your generic progress is impressive. Keep using Leaderboard!,Tumhara generic progress impressive hai. Leaderboard use karte raho!,Try Now,Abhi Try Karo,friendly,accomplishment,Leaderboard,1.0
TPL_0346,3,Segment 3,paid,expansion,ownership,1,👑 Your rewards!,👑 Tumhare rewards!,Explore Core Feature and take the next step in your generic journey!,Core Feature explore karo aur apne generic journey mein aage badho!,Open Now,Abhi Kholo,friendly,ownership,Core Feature,2.0
TPL_0347,3,Segment 3,paid,expansion,ownership,2,💎 Check your progress!,💎 Progress dekho!,Your User Dashboard experience is waiting. Check it out now!,Tumhara User Dashboard experience wait kar raha. Abhi dekho!,Check It Out,Dekho,friendly,ownership,User Dashboard,1.0
TPL_0348,3,Segment 3,paid,expansion,ownership,3,🏠 Your dashboard!,🏠 Tumhara dashboard!,Make the most of Notifications today. You're doing great!,Aaj Notifications ka best use karo. Bahut accha chal raha!,Get Started,Shuru Karo,friendly,ownership,Notifications,1.0
TPL_0349,3,Segment 3,paid,expansion,ownership,4,📈 Your stats!,📈 Tumhare stats!,Don't miss what's new in Ai Tutor. Open and see!,Ai Tutor mein naya kya hai miss mat karo. Khol ke dekho!,Explore,Explore Karo,friendly,ownership,Ai Tutor,1.0
TPL_0350,3,Segment 3,paid,expansion,ownership,5,🎖️ You earned this!,🎖️ Ye tumne kamaya!,Your generic progress is impressive. Keep using Leaderboard!,Tumhara generic progress impressive hai. Leaderboard use karte raho!,Try Now,Abhi Try Karo,friendly,ownership,Leaderboard,1.0
TPL_0351,3,Segment 3,paid,retention,accomplishment,1,🎯 Keep going!,🎯 Aage badho!,Explore Core Feature and take the next step in your generic journey!,Core Feature explore karo aur apne generic journey mein aage badho!,Open Now,Abhi Kholo,friendly,accomplishment,Core Feature,1.0
TPL_0352,3,Segment 3,paid,retention,accomplishment,2,🏆 Great progress!,🏆 Badiya progress!,Your User Dashboard experience is waiting. Check it out now!,Tumhara User Dashboard experience wait kar raha. Abhi dekho!,Check It Out,Dekho,friendly,accomplishment,User Dashboard,1.0
TPL_0353,3,Segment 3,paid,retention,accomplishment,3,⭐ You're on track!,⭐ Sahi track pe ho!,Make the most of Notifications today. You're doing great!,Aaj Notifications ka best use karo. Bahut accha chal raha!,Get Started,Shuru Karo,friendly,accomplishment,Notifications,1.0
TPL_0354,3,Segment 3,paid,retention,accomplishment,4,🔥 Keep it up!,🔥 Aise hi karo!,Don't miss what's new in Ai Tutor. Open and see!,Ai Tutor mein naya kya hai miss mat karo. Khol ke dekho!,Explore,Explore Karo,friendly,accomplishment,Ai Tutor,1.0
TPL_0355,3,Segment 3,paid,retention,accomplishment,5,💪 Almost there!,💪 Bas thoda aur!,Your generic progress is impressive. Keep using Leaderboard!,Tumhara generic progress impressive hai. Leaderboard use karte raho!,Try Now,Abhi Try Karo,friendly,accomplishment,Leaderboard,1.0
TPL_0356,3,Segment 3,paid,retention,ownership,1,👑 Your rewards!,👑 Tumhare rewards!,Explore Core Feature and take the next step in your generic journey!,Core Feature explore karo aur apne generic journey mein aage badho!,Open Now,Abhi Kholo,friendly,ownership,Core Feature,2.0
TPL_0357,3,Segment 3,paid,retention,ownership,2,💎 Check your progress!,💎 Progress dekho!,Your User Dashboard experience is waiting. Check it out now!,Tumhara User Dashboard experience wait kar raha. Abhi dekho!,Check It Out,Dekho,friendly,ownership,User Dashboard,1.0
TPL_0358,3,Segment 3,paid,retention,ownership,3,🏠 Your dashboard!,🏠 Tumhara dashboard!,Make the most of Notifications today. You're doing great!,Aaj Notifications ka best use karo. Bahut accha chal raha!,Get Started,Shuru Karo,friendly,ownership,Notifications,1.0
TPL_0359,3,Segment 3,paid,retention,ownership,4,📈 Your stats!,📈 Tumhare stats!,Don't miss what's new in Ai Tutor. Open and see!,Ai Tutor mein naya kya hai miss mat karo. Khol ke dekho!,Explore,Explore Karo,friendly,ownership,Ai Tutor,1.0
TPL_0360,3,Segment 3,paid,retention,ownership,5,🎖️ You earned this!,🎖️ Ye tumne kamaya!,Your generic progress is impressive. Keep using Leaderboard!,Tumhara generic progress impressive hai. Leaderboard use karte raho!,Try Now,Abhi Try Karo,friendly,ownership,Leaderboard,1.0
TPL_0361,3,Segment 3,trial,activation,accomplishment,1,🎯 Keep going!,🎯 Aage badho!,Explore Core Feature and take the next step in your generic journey!,Core Feature explore karo aur apne generic journey mein aage badho!,Open Now,Abhi Kholo,friendly,accomplishment,Core Feature,1.0
TPL_0362,3,Segment 3,trial,activation,accomplishment,2,🏆 Great progress!,🏆 Badiya progress!,Your User Dashboard experience is waiting. Check it out now!,Tumhara User Dashboard experience wait kar raha. Abhi dekho!,Check It Out,Dekho,friendly,accomplishment,User Dashboard,1.0
TPL_0363,3,Segment 3,trial,activation,accomplishment,3,⭐ You're on track!,⭐ Sahi track pe ho!,Make the most of Notifications today. You're doing great!,Aaj Notifications ka best use karo. Bahut accha chal raha!,Get Started,Shuru Karo,friendly,accomplishment,Notifications,1.0
TPL_0364,3,Segment 3,trial,activation,accomplishment,4,🔥 Keep it up!,🔥 Aise hi karo!,Don't miss what's new in Ai Tutor. Open and see!,Ai Tutor mein naya kya hai miss mat karo. Khol ke dekho!,Explore,Explore Karo,friendly,accomplishment,Ai Tutor,1.0
TPL_0365,3,Segment 3,trial,activation,accomplishment,5,💪 Almost there!,💪 Bas thoda aur!,Your generic progress is impressive. Keep using Leaderboard!,Tumhara generic progress impressive hai. Leaderboard use karte raho!,Try Now,Abhi Try Karo,friendly,accomplishment,Leaderboard,1.0
TPL_0366,3,Segment 3,trial,activation,unpredictability,1,🎁 Surprise for you!,🎁 Tumhare liye surprise!,Explore Core Feature and take the next step in your generic journey!,Core Feature explore karo aur apne generic journey mein aage badho!,Open Now,Abhi Kholo,friendly,unpredictability,Core Feature,1.0
TPL_0367,3,Segment 3,trial,activation,unpredictability,2,✨ Something new!,✨ Kuch naya hai!,Your User Dashboard experience is waiting. Check it out now!,Tumhara User Dashboard experience wait kar raha. Abhi dekho!,Check It Out,Dekho,friendly,unpredictability,User Dashboard,1.0
TPL_0368,3,Segment 3,trial,activation,unpredictability,3,🎲 Discover today!,🎲 Aaj discover karo!,Make the most of Notifications today. You're doing great!,Aaj Notifications ka best use karo. Bahut accha chal raha!,Get Started,Shuru Karo,friendly,unpredictability,Notifications,1.0
TPL_0369,3,Segment 3,trial,activation,unpredictability,4,🔓 Unlock something!,🔓 Kuch unlock karo!,Don't miss what's new in Ai Tutor. Open and see!,Ai Tutor mein naya kya hai miss mat karo. Khol ke dekho!,Explore,Explore Karo,friendly,unpredictability,Ai Tutor,1.0
TPL_0370,3,Segment 3,trial,activation,unpredictability,5,🎉 Check this out!,🎉 Ye dekho!,Your generic progress is impressive. Keep using Leaderboard!,Tumhara generic progress impressive hai. Leaderboard use karte raho!,Try Now,Abhi Try Karo,friendly,unpredictability,Leaderboard,1.0
TPL_0371,3,Segment 3,trial,conversion_readiness,accomplishment,1,🎯 Keep going!,🎯 Aage badho!,Explore Core Feature and take the next step in your generic journey!,Core Feature explore karo aur apne generic journey mein aage badho!,Open Now,Abhi Kholo,friendly,accomplishment,Core Feature,1.0
TPL_0372,3,Segment 3,trial,conversion_readiness,accomplishment,2,🏆 Great progress!,🏆 Badiya progress!,Your User Dashboard experience is waiting. Check it out now!,Tumhara User Dashboard experience wait kar raha. Abhi dekho!,Check It Out,Dekho,friendly,accomplishment,User Dashboard,1.0
TPL_0373,3,Segment 3,trial,conversion_readiness,accomplishment,3,⭐ You're on track!,⭐ Sahi track pe ho!,Make the most of Notifications today. You're doing great!,Aaj Notifications ka best use karo. Bahut accha chal raha!,Get Started,Shuru Karo,friendly,accomplishment,Notifications,1.0
TPL_0374,3,Segment 3,trial,conversion_readiness,accomplishment,4,🔥 Keep it up!,🔥 Aise hi karo!,Don't miss what's new in Ai Tutor. Open and see!,Ai Tutor mein naya kya hai miss mat karo. Khol ke dekho!,Explore,Explore Karo,friendly,accomplishment,Ai Tutor,1.0
TPL_0375,3,Segment 3,trial,conversion_readiness,accomplishment,5,💪 Almost there!,💪 Bas thoda aur!,Your generic progress is impressive. Keep using Leaderboard!,Tumhara generic progress impressive hai. Leaderboard use karte raho!,Try Now,Abhi Try Karo,friendly,accomplishment,Leaderboard,1.0
TPL_0376,3,Segment 3,trial,conversion_readiness,unpredictability,1,🎁 Surprise for you!,🎁 Tumhare liye surprise!,Explore Core Feature and take the next step in your generic journey!,Core Feature explore karo aur apne generic journey mein aage badho!,Open Now,Abhi Kholo,friendly,unpredictability,Core Feature,1.0
TPL_0377,3,Segment 3,trial,conversion_readiness,unpredictability,2,✨ Something new!,✨ Kuch naya hai!,Your User Dashboard experience is waiting. Check it out now!,Tumhara User Dashboard experience wait kar raha. Abhi dekho!,Check It Out,Dekho,friendly,unpredictability,User Dashboard,1.0
TPL_0378,3,Segment 3,trial,conversion_readiness,unpredictability,3,🎲 Discover today!,🎲 Aaj discover karo!,Make the most of Notifications today. You're doing great!,Aaj Notifications ka best use karo. Bahut accha chal raha!,Get Started,Shuru Karo,friendly,unpredictability,Notifications,1.0
TPL_0379,3,Segment 3,trial,conversion_readiness,unpredictability,4,🔓 Unlock something!,🔓 Kuch unlock karo!,Don't miss what's new in Ai Tutor. Open and see!,Ai Tutor mein naya kya hai miss mat karo. Khol ke dekho!,Explore,Explore Karo,friendly,unpredictability,Ai Tutor,1.0
TPL_0380,3,Segment 3,trial,conversion_readiness,unpredictability,5,🎉 Check this out!,🎉 Ye dekho!,Your generic progress is impressive. Keep using Leaderboard!,Tumhara generic progress impressive hai. Leaderboard use karte raho!,Try Now,Abhi Try Karo,friendly,unpredictability,Leaderboard,1.0
TPL_0381,3,Segment 3,trial,feature_discovery,accomplishment,1,🎯 Keep going!,🎯 Aage badho!,Explore Core Feature and take the next step in your generic journey!,Core Feature explore karo aur apne generic journey mein aage badho!,Open Now,Abhi Kholo,friendly,accomplishment,Core Feature,1.0
TPL_0382,3,Segment 3,trial,feature_discovery,accomplishment,2,🏆 Great progress!,🏆 Badiya progress!,Your User Dashboard experience is waiting. Check it out now!,Tumhara User Dashboard experience wait kar raha. Abhi dekho!,Check It Out,Dekho,friendly,accomplishment,User Dashboard,1.0
TPL_0383,3,Segment 3,trial,feature_discovery,accomplishment,3,⭐ You're on track!,⭐ Sahi track pe ho!,Make the most of Notifications today. You're doing great!,Aaj Notifications ka best use karo. Bahut accha chal raha!,Get Started,Shuru Karo,friendly,accomplishment,Notifications,1.0
TPL_0384,3,Segment 3,trial,feature_discovery,accomplishment,4,🔥 Keep it up!,🔥 Aise hi karo!,Don't miss what's new in Ai Tutor. Open and see!,Ai Tutor mein naya kya hai miss mat karo. Khol ke dekho!,Explore,Explore Karo,friendly,accomplishment,Ai Tutor,1.0
TPL_0385,3,Segment 3,trial,feature_discovery,accomplishment,5,💪 Almost there!,💪 Bas thoda aur!,Your generic progress is impressive. Keep using Leaderboard!,Tumhara generic progress impressive hai. Leaderboard use karte raho!,Try Now,Abhi Try Karo,friendly,accomplishment,Leaderboard,1.0
TPL_0386,3,Segment 3,trial,feature_discovery,unpredictability,1,🎁 Surprise for you!,🎁 Tumhare liye surprise!,Explore Core Feature and take the next step in your generic journey!,Core Feature explore karo aur apne generic journey mein aage badho!,Open Now,Abhi Kholo,friendly,unpredictability,Core Feature,1.0
TPL_0387,3,Segment 3,trial,feature_discovery,unpredictability,2,✨ Something new!,✨ Kuch naya hai!,Your User Dashboard experience is waiting. Check it out now!,Tumhara User Dashboard experience wait kar raha. Abhi dekho!,Check It Out,Dekho,friendly,unpredictability,User Dashboard,1.0
TPL_0388,3,Segment 3,trial,feature_discovery,unpredictability,3,🎲 Discover today!,🎲 Aaj discover karo!,Make the most of Notifications today. You're doing great!,Aaj Notifications ka best use karo. Bahut accha chal raha!,Get Started,Shuru Karo,friendly,unpredictability,Notifications,1.0
TPL_0389,3,Segment 3,trial,feature_discovery,unpredictability,4,🔓 Unlock something!,🔓 Kuch unlock karo!,Don't miss what's new in Ai Tutor. Open and see!,Ai Tutor mein naya kya hai miss mat karo. Khol ke dekho!,Explore,Explore Karo,friendly,unpredictability,Ai Tutor,1.0
TPL_0390,3,Segment 3,trial,feature_discovery,unpredictability,5,🎉 Check this out!,🎉 Ye dekho!,Your generic progress is impressive. Keep using Leaderboard!,Tumhara generic progress impressive hai. Leaderboard use karte raho!,Try Now,Abhi Try Karo,friendly,unpredictability,Leaderboard,1.0
TPL_0391,3,Segment 3,trial,habit_formation,accomplishment,1,🎯 Keep going!,🎯 Aage badho!,Explore Core Feature and take the next step in your generic journey!,Core Feature explore karo aur apne generic journey mein aage badho!,Open Now,Abhi Kholo,friendly,accomplishment,Core Feature,1.0
TPL_0392,3,Segment 3,trial,habit_formation,accomplishment,2,🏆 Great progress!,🏆 Badiya progress!,Your User Dashboard experience is waiting. Check it out now!,Tumhara User Dashboard experience wait kar raha. Abhi dekho!,Check It Out,Dekho,friendly,accomplishment,User Dashboard,1.0
TPL_0393,3,Segment 3,trial,habit_formation,accomplishment,3,⭐ You're on track!,⭐ Sahi track pe ho!,Make the most of Notifications today. You're doing great!,Aaj Notifications ka best use karo. Bahut accha chal raha!,Get Started,Shuru Karo,friendly,accomplishment,Notifications,1.0
TPL_0394,3,Segment 3,trial,habit_formation,accomplishment,4,🔥 Keep it up!,🔥 Aise hi karo!,Don't miss what's new in Ai Tutor. Open and see!,Ai Tutor mein naya kya hai miss mat karo. Khol ke dekho!,Explore,Explore Karo,friendly,accomplishment,Ai Tutor,1.0
TPL_0395,3,Segment 3,trial,habit_formation,accomplishment,5,💪 Almost there!,💪 Bas thoda aur!,Your generic progress is impressive. Keep using Leaderboard!,Tumhara generic progress impressive hai. Leaderboard use karte raho!,Try Now,Abhi Try Karo,friendly,accomplishment,Leaderboard,1.0
TPL_0396,3,Segment 3,trial,habit_formation,unpredictability,1,🎁 Surprise for you!,🎁 Tumhare liye surprise!,Explore Core Feature and take the next step in your generic journey!,Core Feature explore karo aur apne generic journey mein aage badho!,Open Now,Abhi Kholo,friendly,unpredictability,Core Feature,1.0
TPL_0397,3,Segment 3,trial,habit_formation,unpredictability,2,✨ Something new!,✨ Kuch naya hai!,Your User Dashboard experience is waiting. Check it out now!,Tumhara User Dashboard experience wait kar raha. Abhi dekho!,Check It Out,Dekho,friendly,unpredictability,User Dashboard,1.0
TPL_0398,3,Segment 3,trial,habit_formation,unpredictability,3,🎲 Discover today!,🎲 Aaj discover karo!,Make the most of Notifications today. You're doing great!,Aaj Notifications ka best use karo. Bahut accha chal raha!,Get Started,Shuru Karo,friendly,unpredictability,Notifications,1.0
TPL_0399,3,Segment 3,trial,habit_formation,unpredictability,4,🔓 Unlock something!,🔓 Kuch unlock karo!,Don't miss what's new in Ai Tutor. Open and see!,Ai Tutor mein naya kya hai miss mat karo. Khol ke dekho!,Explore,Explore Karo,friendly,unpredictability,Ai Tutor,1.0
TPL_0400,3,Segment 3,trial,habit_formation,unpredictability,5,🎉 Check this out!,🎉 Ye dekho!,Your generic progress is impressive. Keep using Leaderboard!,Tumhara generic progress impressive hai. Leaderboard use karte raho!,Try Now,Abhi Try Karo,friendly,unpredictability,Leaderboard,1.0
TPL_0402,4,Active Users,churned,re_engagement,loss_avoidance,2,🔔 Time is running out!,🔔 Time khatam ho raha!,Your User Dashboard experience is waiting. Check it out now!,Tumhara User Dashboard experience wait kar raha. Abhi dekho!,Check It Out,Dekho,friendly,loss_avoidance,User Dashboard,1.0
TPL_0403,4,Active Users,churned,re_engagement,loss_avoidance,3,⏰ Act before it's late!,⏰ Der se pehle karo!,Make the most of Notifications today. You're doing great!,Aaj Notifications ka best use karo. Bahut accha chal raha!,Get Started,Shuru Karo,friendly,loss_avoidance,Notifications,1.0
TPL_0404,4,Active Users,churned,re_engagement,loss_avoidance,4,❗ Your progress is at risk!,❗ Progress khatrey mein!,Don't miss what's new in Ai Tutor. Open and see!,Ai Tutor mein naya kya hai miss mat karo. Khol ke dekho!,Explore,Explore Karo,friendly,loss_avoidance,Ai Tutor,1.0
TPL_0405,4,Active Users,churned,re_engagement,loss_avoidance,5,🚨 Last chance!,🚨 Aakhri mauka!,Your generic progress is impressive. Keep using Leaderboard!,Tumhara generic progress impressive hai. Leaderboard use karte raho!,Try Now,Abhi Try Karo,friendly,loss_avoidance,Leaderboard,1.0
TPL_0406,4,Active Users,churned,re_engagement,unpredictability,1,🎁 Surprise for you!,🎁 Tumhare liye surprise!,Explore Core Feature and take the next step in your generic journey!,Core Feature explore karo aur apne generic journey mein aage badho!,Open Now,Abhi Kholo,friendly,unpredictability,Core Feature,2.0
TPL_0407,4,Active Users,churned,re_engagement,unpredictability,2,✨ Something new!,✨ Kuch naya hai!,Your User Dashboard experience is waiting. Check it out now!,Tumhara User Dashboard experience wait kar raha. Abhi dekho!,Check It Out,Dekho,friendly,unpredictability,User Dashboard,1.0
TPL_0408,4,Active Users,churned,re_engagement,unpredictability,3,🎲 Discover today!,🎲 Aaj discover karo!,Make the most of Notifications today. You're doing great!,Aaj Notifications ka best use karo. Bahut accha chal raha!,Get Started,Shuru Karo,friendly,unpredictability,Notifications,1.0
TPL_0409,4,Active Users,churned,re_engagement,unpredictability,4,🔓 Unlock something!,🔓 Kuch unlock karo!,Don't miss what's new in Ai Tutor. Open and see!,Ai Tutor mein naya kya hai miss mat karo. Khol ke dekho!,Explore,Explore Karo,friendly,unpredictability,Ai Tutor,1.0
TPL_0410,4,Active Users,churned,re_engagement,unpredictability,5,🎉 Check this out!,🎉 Ye dekho!,Your generic progress is impressive. Keep using Leaderboard!,Tumhara generic progress impressive hai. Leaderboard use karte raho!,Try Now,Abhi Try Karo,friendly,unpredictability,Leaderboard,1.0
TPL_0412,4,Active Users,inactive,activation,unpredictability,2,✨ Something new!,✨ Kuch naya hai!,Your User Dashboard experience is waiting. Check it out now!,Tumhara User Dashboard experience wait kar raha. Abhi dekho!,Check It Out,Dekho,friendly,unpredictability,User Dashboard,1.0
TPL_0413,4,Active Users,inactive,activation,unpredictability,3,🎲 Discover today!,🎲 Aaj discover karo!,Make the most of Notifications today. You're doing great!,Aaj Notifications ka best use karo. Bahut accha chal raha!,Get Started,Shuru Karo,friendly,unpredictability,Notifications,1.0
TPL_0414,4,Active Users,inactive,activation,unpredictability,4,🔓 Unlock something!,🔓 Kuch unlock karo!,Don't miss what's new in Ai Tutor. Open and see!,Ai Tutor mein naya kya hai miss mat karo. Khol ke dekho!,Explore,Explore Karo,friendly,unpredictability,Ai Tutor,1.0
TPL_0415,4,Active Users,inactive,activation,unpredictability,5,🎉 Check this out!,🎉 Ye dekho!,Your generic progress is impressive. Keep using Leaderboard!,Tumhara generic progress impressive hai. Leaderboard use karte raho!,Try Now,Abhi Try Karo,friendly,unpredictability,Leaderboard,1.0
TPL_0417,4,Active Users,inactive,activation,empowerment,2,⚡ Take control!,⚡ Control lo!,Your User Dashboard experience is waiting. Check it out now!,Tumhara User Dashboard experience wait kar raha. Abhi dekho!,Check It Out,Dekho,friendly,empowerment,User Dashboard,1.0
TPL_0418,4,Active Users,inactive,activation,empowerment,3,🛠️ Customize it!,🛠️ Customize karo!,Make the most of Notifications today. You're doing great!,Aaj Notifications ka best use karo. Bahut accha chal raha!,Get Started,Shuru Karo,friendly,empowerment,Notifications,1.0
TPL_0419,4,Active Users,inactive,activation,empowerment,4,🎯 Your way!,🎯 Apne tarike se!,Don't miss what's new in Ai Tutor. Open and see!,Ai Tutor mein naya kya hai miss mat karo. Khol ke dekho!,Explore,Explore Karo,friendly,empowerment,Ai Tutor,1.0
TPL_0420,4,Active Users,inactive,activation,empowerment,5,💡 You decide!,💡 Tum decide karo!,Your generic progress is impressive. Keep using Leaderboard!,Tumhara generic progress impressive hai. Leaderboard use karte raho!,Try Now,Abhi Try Karo,friendly,empowerment,Leaderboard,1.0
TPL_0421,4,Active Users,paid,advocacy,accomplishment,1,🎯 Keep going!,🎯 Aage badho!,Explore Core Feature and take the next step in your generic journey!,Core Feature explore karo aur apne generic journey mein aage badho!,Open Now,Abhi Kholo,friendly,accomplishment,Core Feature,1.0
TPL_0422,4,Active Users,paid,advocacy,accomplishment,2,🏆 Great progress!,🏆 Badiya progress!,Your User Dashboard experience is waiting. Check it out now!,Tumhara User Dashboard experience wait kar raha. Abhi dekho!,Check It Out,Dekho,friendly,accomplishment,User Dashboard,1.0
TPL_0423,4,Active Users,paid,advocacy,accomplishment,3,⭐ You're on track!,⭐ Sahi track pe ho!,Make the most of Notifications today. You're doing great!,Aaj Notifications ka best use karo. Bahut accha chal raha!,Get Started,Shuru Karo,friendly,accomplishment,Notifications,1.0
TPL_0424,4,Active Users,paid,advocacy,accomplishment,4,🔥 Keep it up!,🔥 Aise hi karo!,Don't miss what's new in Ai Tutor. Open and see!,Ai Tutor mein naya kya hai miss mat karo. Khol ke dekho!,Explore,Explore Karo,friendly,accomplishment,Ai Tutor,1.0
TPL_0425,4,Active Users,paid,advocacy,accomplishment,5,💪 Almost there!,💪 Bas thoda aur!,Your generic progress is impressive. Keep using Leaderboard!,Tumhara generic progress impressive hai. Leaderboard use karte raho!,Try Now,Abhi Try Karo,friendly,accomplishment,Leaderboard,1.0
TPL_0426,4,Active Users,paid,advocacy,ownership,1,👑 Your rewards!,👑 Tumhare rewards!,Explore Core Feature and take the next step in your generic journey!,Core Feature explore karo aur apne generic journey mein aage badho!,Open Now,Abhi Kholo,friendly,ownership,Core Feature,2.0
TPL_0427,4,Active Users,paid,advocacy,ownership,2,💎 Check your progress!,💎 Progress dekho!,Your User Dashboard experience is waiting. Check it out now!,Tumhara User Dashboard experience wait kar raha. Abhi dekho!,Check It Out,Dekho,friendly,ownership,User Dashboard,1.0
TPL_0428,4,Active Users,paid,advocacy,ownership,3,🏠 Your dashboard!,🏠 Tumhara dashboard!,Make the most of Notifications today. You're doing great!,Aaj Notifications ka best use karo. Bahut accha chal raha!,Get Started,Shuru Karo,friendly,ownership,Notifications,1.0
TPL_0429,4,Active Users,paid,advocacy,ownership,4,📈 Your stats!,📈 Tumhare stats!,Don't miss what's new in Ai Tutor. Open and see!,Ai Tutor mein naya kya hai miss mat karo. Khol ke dekho!,Explore,Explore Karo,friendly,ownership,Ai Tutor,1.0
TPL_0430,4,Active Users,paid,advocacy,ownership,5,🎖️ You earned this!,🎖️ Ye tumne kamaya!,Your generic progress is impressive. Keep using Leaderboard!,Tumhara generic progress impressive hai. Leaderboard use karte raho!,Try Now,Abhi Try Karo,friendly,ownership,Leaderboard,1.0
TPL_0432,4,Active Users,paid,deepening,accomplishment,2,🏆 Great progress!,🏆 Badiya progress!,Your User Dashboard experience is waiting. Check it out now!,Tumhara User Dashboard experience wait kar raha. Abhi dekho!,Check It Out,Dekho,friendly,accomplishment,User Dashboard,1.0
TPL_0433,4,Active Users,paid,deepening,accomplishment,3,⭐ You're on track!,⭐ Sahi track pe ho!,Make the most of Notifications today. You're doing great!,Aaj Notifications ka best use karo. Bahut accha chal raha!,Get Started,Shuru Karo,friendly,accomplishment,Notifications,1.0
TPL_0434,4,Active Users,paid,deepening,accomplishment,4,🔥 Keep it up!,🔥 Aise hi karo!,Don't miss what's new in Ai Tutor. Open and see!,Ai Tutor mein naya kya hai miss mat karo. Khol ke dekho!,Explore,Explore Karo,friendly,accomplishment,Ai Tutor,1.0
TPL_0435,4,Active Users,paid,deepening,accomplishment,5,💪 Almost there!,💪 Bas thoda aur!,Your generic progress is impressive. Keep using Leaderboard!,Tumhara generic progress impressive hai. Leaderboard use karte raho!,Try Now,Abhi Try Karo,friendly,accomplishment,Leaderboard,1.0
TPL_0436,4,Active Users,paid,deepening,ownership,1,👑 Your rewards!,👑 Tumhare rewards!,Explore Core Feature and take the next step in your generic journey!,Core Feature explore karo aur apne generic journey mein aage badho!,Open Now,Abhi Kholo,friendly,ownership,Core Feature,1.0
TPL_0437,4,Active Users,paid,deepening,ownership,2,💎 Check your progress!,💎 Progress dekho!,Your User Dashboard experience is waiting. Check it out now!,Tumhara User Dashboard experience wait kar raha. Abhi dekho!,Check It Out,Dekho,friendly,ownership,User Dashboard,1.0
TPL_0438,4,Active Users,paid,deepening,ownership,3,🏠 Your dashboard!,🏠 Tumhara dashboard!,Make the most of Notifications today. You're doing great!,Aaj Notifications ka best use karo. Bahut accha chal raha!,Get Started,Shuru Karo,friendly,ownership,Notifications,1.0
TPL_0439,4,Active Users,paid,deepening,ownership,4,📈 Your stats!,📈 Tumhare stats!,Don't miss what's new in Ai Tutor. Open and see!,Ai Tutor mein naya kya hai miss mat karo. Khol ke dekho!,Explore,Explore Karo,friendly,ownership,Ai Tutor,1.0
TPL_0440,4,Active Users,paid,deepening,ownership,5,🎖️ You earned this!,🎖️ Ye tumne kamaya!,Your generic progress is impressive. Keep using Leaderboard!,Tumhara generic progress impressive hai. Leaderboard use karte raho!,Try Now,Abhi Try Karo,friendly,ownership,Leaderboard,1.0
TPL_0442,4,Active Users,paid,expansion,accomplishment,2,🏆 Great progress!,🏆 Badiya progress!,Your User Dashboard experience is waiting. Check it out now!,Tumhara User Dashboard experience wait kar raha. Abhi dekho!,Check It Out,Dekho,friendly,accomplishment,User Dashboard,1.0
TPL_0443,4,Active Users,paid,expansion,accomplishment,3,⭐ You're on track!,⭐ Sahi track pe ho!,Make the most of Notifications today. You're doing great!,Aaj Notifications ka best use karo. Bahut accha chal raha!,Get Started,Shuru Karo,friendly,accomplishment,Notifications,1.0
TPL_0444,4,Active Users,paid,expansion,accomplishment,4,🔥 Keep it up!,🔥 Aise hi karo!,Don't miss what's new in Ai Tutor. Open and see!,Ai Tutor mein naya kya hai miss mat karo. Khol ke dekho!,Explore,Explore Karo,friendly,accomplishment,Ai Tutor,1.0
TPL_0445,4,Active Users,paid,expansion,accomplishment,5,💪 Almost there!,💪 Bas thoda aur!,Your generic progress is impressive. Keep using Leaderboard!,Tumhara generic progress impressive hai. Leaderboard use karte raho!,Try Now,Abhi Try Karo,friendly,accomplishment,Leaderboard,1.0
TPL_0446,4,Active Users,paid,expansion,ownership,1,👑 Your rewards!,👑 Tumhare rewards!,Explore Core Feature and take the next step in your generic journey!,Core Feature explore karo aur apne generic journey mein aage badho!,Open Now,Abhi Kholo,friendly,ownership,Core Feature,1.0
TPL_0447,4,Active Users,paid,expansion,ownership,2,💎 Check your progress!,💎 Progress dekho!,Your User Dashboard experience is waiting. Check it out now!,Tumhara User Dashboard experience wait kar raha. Abhi dekho!,Check It Out,Dekho,friendly,ownership,User Dashboard,1.0
TPL_0448,4,Active Users,paid,expansion,ownership,3,🏠 Your dashboard!,🏠 Tumhara dashboard!,Make the most of Notifications today. You're doing great!,Aaj Notifications ka best use karo. Bahut accha chal raha!,Get Started,Shuru Karo,friendly,ownership,Notifications,1.0
TPL_0449,4,Active Users,paid,expansion,ownership,4,📈 Your stats!,📈 Tumhare stats!,Don't miss what's new in Ai Tutor. Open and see!,Ai Tutor mein naya kya hai miss mat karo. Khol ke dekho!,Explore,Explore Karo,friendly,ownership,Ai Tutor,1.0
TPL_0450,4,Active Users,paid,expansion,ownership,5,🎖️ You earned this!,🎖️ Ye tumne kamaya!,Your generic progress is impressive. Keep using Leaderboard!,Tumhara generic progress impressive hai. Leaderboard use karte raho!,Try Now,Abhi Try Karo,friendly,ownership,Leaderboard,1.0
TPL_0451,4,Active Users,paid,retention,accomplishment,1,🎯 Keep going!,🎯 Aage badho!,Explore Core Feature and take the next step in your generic journey!,Core Feature explore karo aur apne generic journey mein aage badho!,Open Now,Abhi Kholo,friendly,accomplishment,Core Feature,1.0
TPL_0452,4,Active Users,paid,retention,accomplishment,2,🏆 Great progress!,🏆 Badiya progress!,Your User Dashboard experience is waiting. Check it out now!,Tumhara User Dashboard experience wait kar raha. Abhi dekho!,Check It Out,Dekho,friendly,accomplishment,User Dashboard,1.0
TPL_0453,4,Active Users,paid,retention,accomplishment,3,⭐ You're on track!,⭐ Sahi track pe ho!,Make the most of Notifications today. You're doing great!,Aaj Notifications ka best use karo. Bahut accha chal raha!,Get Started,Shuru Karo,friendly,accomplishment,Notifications,1.0
TPL_0454,4,Active Users,paid,retention,accomplishment,4,🔥 Keep it up!,🔥 Aise hi karo!,Don't miss what's new in Ai Tutor. Open and see!,Ai Tutor mein naya kya hai miss mat karo. Khol ke dekho!,Explore,Explore Karo,friendly,accomplishment,Ai Tutor,1.0
TPL_0455,4,Active Users,paid,retention,accomplishment,5,💪 Almost there!,💪 Bas thoda aur!,Your generic progress is impressive. Keep using Leaderboard!,Tumhara generic progress impressive hai. Leaderboard use karte raho!,Try Now,Abhi Try Karo,friendly,accomplishment,Leaderboard,1.0
TPL_0456,4,Active Users,paid,retention,ownership,1,👑 Your rewards!,👑 Tumhare rewards!,Explore Core Feature and take the next step in your generic journey!,Core Feature explore karo aur apne generic journey mein aage badho!,Open Now,Abhi Kholo,friendly,ownership,Core Feature,1.0
TPL_0457,4,Active Users,paid,retention,ownership,2,💎 Check your progress!,💎 Progress dekho!,Your User Dashboard experience is waiting. Check it out now!,Tumhara User Dashboard experience wait kar raha. Abhi dekho!,Check It Out,Dekho,friendly,ownership,User Dashboard,1.0
TPL_0458,4,Active Users,paid,retention,ownership,3,🏠 Your dashboard!,🏠 Tumhara dashboard!,Make the most of Notifications today. You're doing great!,Aaj Notifications ka best use karo. Bahut accha chal raha!,Get Started,Shuru Karo,friendly,ownership,Notifications,1.0
TPL_0459,4,Active Users,paid,retention,ownership,4,📈 Your stats!,📈 Tumhare stats!,Don't miss what's new in Ai Tutor. Open and see!,Ai Tutor mein naya kya hai miss mat karo. Khol ke dekho!,Explore,Explore Karo,friendly,ownership,Ai Tutor,1.0
TPL_0460,4,Active Users,paid,retention,ownership,5,🎖️ You earned this!,🎖️ Ye tumne kamaya!,Your generic progress is impressive. Keep using Leaderboard!,Tumhara generic progress impressive hai. Leaderboard use karte raho!,Try Now,Abhi Try Karo,friendly,ownership,Leaderboard,1.0
TPL_0461,4,Active Users,trial,activation,accomplishment,1,🎯 Keep going!,🎯 Aage badho!,Explore Core Feature and take the next step in your generic journey!,Core Feature explore karo aur apne generic journey mein aage badho!,Open Now,Abhi Kholo,friendly,accomplishment,Core Feature,2.0
TPL_0462,4,Active Users,trial,activation,accomplishment,2,🏆 Great progress!,🏆 Badiya progress!,Your User Dashboard experience is waiting. Check it out now!,Tumhara User Dashboard experience wait kar raha. Abhi dekho!,Check It Out,Dekho,friendly,accomplishment,User Dashboard,1.0
TPL_0463,4,Active Users,trial,activation,accomplishment,3,⭐ You're on track!,⭐ Sahi track pe ho!,Make the most of Notifications today. You're doing great!,Aaj Notifications ka best use karo. Bahut accha chal raha!,Get Started,Shuru Karo,friendly,accomplishment,Notifications,1.0
TPL_0464,4,Active Users,trial,activation,accomplishment,4,🔥 Keep it up!,🔥 Aise hi karo!,Don't miss what's new in Ai Tutor. Open and see!,Ai Tutor mein naya kya hai miss mat karo. Khol ke dekho!,Explore,Explore Karo,friendly,accomplishment,Ai Tutor,1.0
TPL_0465,4,Active Users,trial,activation,accomplishment,5,💪 Almost there!,💪 Bas thoda aur!,Your generic progress is impressive. Keep using Leaderboard!,Tumhara generic progress impressive hai. Leaderboard use karte raho!,Try Now,Abhi Try Karo,friendly,accomplishment,Leaderboard,1.0
TPL_0466,4,Active Users,trial,activation,unpredictability,1,🎁 Surprise for you!,🎁 Tumhare liye surprise!,Explore Core Feature and take the next step in your generic journey!,Core Feature explore karo aur apne generic journey mein aage badho!,Open Now,Abhi Kholo,friendly,unpredictability,Core Feature,1.0
TPL_0467,4,Active Users,trial,activation,unpredictability,2,✨ Something new!,✨ Kuch naya hai!,Your User Dashboard experience is waiting. Check it out now!,Tumhara User Dashboard experience wait kar raha. Abhi dekho!,Check It Out,Dekho,friendly,unpredictability,User Dashboard,1.0
TPL_0468,4,Active Users,trial,activation,unpredictability,3,🎲 Discover today!,🎲 Aaj discover karo!,Make the most of Notifications today. You're doing great!,Aaj Notifications ka best use karo. Bahut accha chal raha!,Get Started,Shuru Karo,friendly,unpredictability,Notifications,1.0
TPL_0469,4,Active Users,trial,activation,unpredictability,4,🔓 Unlock something!,🔓 Kuch unlock karo!,Don't miss what's new in Ai Tutor. Open and see!,Ai Tutor mein naya kya hai miss mat karo. Khol ke dekho!,Explore,Explore Karo,friendly,unpredictability,Ai Tutor,1.0
TPL_0470,4,Active Users,trial,activation,unpredictability,5,🎉 Check this out!,🎉 Ye dekho!,Your generic progress is impressive. Keep using Leaderboard!,Tumhara generic progress impressive hai. Leaderboard use karte raho!,Try Now,Abhi Try Karo,friendly,unpredictability,Leaderboard,1.0
TPL_0471,4,Active Users,trial,conversion_readiness,accomplishment,1,🎯 Keep going!,🎯 Aage badho!,Explore Core Feature and take the next step in your generic journey!,Core Feature explore karo aur apne generic journey mein aage badho!,Open Now,Abhi Kholo,friendly,accomplishment,Core Feature,1.0
TPL_0472,4,Active Users,trial,conversion_readiness,accomplishment,2,🏆 Great progress!,🏆 Badiya progress!,Your User Dashboard experience is waiting. Check it out now!,Tumhara User Dashboard experience wait kar raha. Abhi dekho!,Check It Out,Dekho,friendly,accomplishment,User Dashboard,1.0
TPL_0473,4,Active Users,trial,conversion_readiness,accomplishment,3,⭐ You're on track!,⭐ Sahi track pe ho!,Make the most of Notifications today. You're doing great!,Aaj Notifications ka best use karo. Bahut accha chal raha!,Get Started,Shuru Karo,friendly,accomplishment,Notifications,1.0
TPL_0474,4,Active Users,trial,conversion_readiness,accomplishment,4,🔥 Keep it up!,🔥 Aise hi karo!,Don't miss what's new in Ai Tutor. Open and see!,Ai Tutor mein naya kya hai miss mat karo. Khol ke dekho!,Explore,Explore Karo,friendly,accomplishment,Ai Tutor,1.0
TPL_0475,4,Active Users,trial,conversion_readiness,accomplishment,5,💪 Almost there!,💪 Bas thoda aur!,Your generic progress is impressive. Keep using Leaderboard!,Tumhara generic progress impressive hai. Leaderboard use karte raho!,Try Now,Abhi Try Karo,friendly,accomplishment,Leaderboard,1.0
TPL_0477,4,Active Users,trial,conversion_readiness,unpredictability,2,✨ Something new!,✨ Kuch naya hai!,Your User Dashboard experience is waiting. Check it out now!,Tumhara User Dashboard experience wait kar raha. Abhi dekho!,Check It Out,Dekho,friendly,unpredictability,User Dashboard,1.0
TPL_0478,4,Active Users,trial,conversion_readiness,unpredictability,3,🎲 Discover today!,🎲 Aaj discover karo!,Make the most of Notifications today. You're doing great!,Aaj Notifications ka best use karo. Bahut accha chal raha!,Get Started,Shuru Karo,friendly,unpredictability,Notifications,1.0
TPL_0479,4,Active Users,trial,conversion_readiness,unpredictability,4,🔓 Unlock something!,🔓 Kuch unlock karo!,Don't miss what's new in Ai Tutor. Open and see!,Ai Tutor mein naya kya hai miss mat karo. Khol ke dekho!,Explore,Explore Karo,friendly,unpredictability,Ai Tutor,1.0
TPL_0480,4,Active Users,trial,conversion_readiness,unpredictability,5,🎉 Check this out!,🎉 Ye dekho!,Your generic progress is impressive. Keep using Leaderboard!,Tumhara generic progress impressive hai. Leaderboard use karte raho!,Try Now,Abhi Try Karo,friendly,unpredictability,Leaderboard,1.0
TPL_0482,4,Active Users,trial,feature_discovery,accomplishment,2,🏆 Great progress!,🏆 Badiya progress!,Your User Dashboard experience is waiting. Check it out now!,Tumhara User Dashboard experience wait kar raha. Abhi dekho!,Check It Out,Dekho,friendly,accomplishment,User Dashboard,1.0
TPL_0483,4,Active Users,trial,feature_discovery,accomplishment,3,⭐ You're on track!,⭐ Sahi track pe ho!,Make the most of Notifications today. You're doing great!,Aaj Notifications ka best use karo. Bahut accha chal raha!,Get Started,Shuru Karo,friendly,accomplishment,Notifications,1.0
TPL_0484,4,Active Users,trial,feature_discovery,accomplishment,4,🔥 Keep it up!,🔥 Aise hi karo!,Don't miss what's new in Ai Tutor. Open and see!,Ai Tutor mein naya kya hai miss mat karo. Khol ke dekho!,Explore,Explore Karo,friendly,accomplishment,Ai Tutor,1.0
TPL_0485,4,Active Users,trial,feature_discovery,accomplishment,5,💪 Almost there!,💪 Bas thoda aur!,Your generic progress is impressive. Keep using Leaderboard!,Tumhara generic progress impressive hai. Leaderboard use karte raho!,Try Now,Abhi Try Karo,friendly,accomplishment,Leaderboard,1.0
TPL_0486,4,Active Users,trial,feature_discovery,unpredictability,1,🎁 Surprise for you!,🎁 Tumhare liye surprise!,Explore Core Feature and take the next step in your generic journey!,Core Feature explore karo aur apne generic journey mein aage badho!,Open Now,Abhi Kholo,friendly,unpredictability,Core Feature,1.0
TPL_0487,4,Active Users,trial,feature_discovery,unpredictability,2,✨ Something new!,✨ Kuch naya hai!,Your User Dashboard experience is waiting. Check it out now!,Tumhara User Dashboard experience wait kar raha. Abhi dekho!,Check It Out,Dekho,friendly,unpredictability,User Dashboard,1.0
TPL_0488,4,Active Users,trial,feature_discovery,unpredictability,3,🎲 Discover today!,🎲 Aaj discover karo!,Make the most of Notifications today. You're doing great!,Aaj Notifications ka best use karo. Bahut accha chal raha!,Get Started,Shuru Karo,friendly,unpredictability,Notifications,1.0
TPL_0489,4,Active Users,trial,feature_discovery,unpredictability,4,🔓 Unlock something!,🔓 Kuch unlock karo!,Don't miss what's new in Ai Tutor. Open and see!,Ai Tutor mein naya kya hai miss mat karo. Khol ke dekho!,Explore,Explore Karo,friendly,unpredictability,Ai Tutor,1.0
TPL_0490,4,Active Users,trial,feature_discovery,unpredictability,5,🎉 Check this out!,🎉 Ye dekho!,Your generic progress is impressive. Keep using Leaderboard!,Tumhara generic progress impressive hai. Leaderboard use karte raho!,Try Now,Abhi Try Karo,friendly,unpredictability,Leaderboard,1.0
TPL_0492,4,Active Users,trial,habit_formation,accomplishment,2,🏆 Great progress!,🏆 Badiya progress!,Your User Dashboard experience is waiting. Check it out now!,Tumhara User Dashboard experience wait kar raha. Abhi dekho!,Check It Out,Dekho,friendly,accomplishment,User Dashboard,1.0
TPL_0493,4,Active Users,trial,habit_formation,accomplishment,3,⭐ You're on track!,⭐ Sahi track pe ho!,Make the most of Notifications today. You're doing great!,Aaj Notifications ka best use karo. Bahut accha chal raha!,Get Started,Shuru Karo,friendly,accomplishment,Notifications,1.0
TPL_0494,4,Active Users,trial,habit_formation,accomplishment,4,🔥 Keep it up!,🔥 Aise hi karo!,Don't miss what's new in Ai Tutor. Open and see!,Ai Tutor mein naya kya hai miss mat karo. Khol ke dekho!,Explore,Explore Karo,friendly,accomplishment,Ai Tutor,1.0
TPL_0495,4,Active Users,trial,habit_formation,accomplishment,5,💪 Almost there!,💪 Bas thoda aur!,Your generic progress is impressive. Keep using Leaderboard!,Tumhara generic progress impressive hai. Leaderboard use karte raho!,Try Now,Abhi Try Karo,friendly,accomplishment,Leaderboard,1.0
TPL_0496,4,Active Users,trial,habit_formation,unpredictability,1,🎁 Surprise for you!,🎁 Tumhare liye surprise!,Explore Core Feature and take the next step in your generic journey!,Core Feature explore karo aur apne generic journey mein aage badho!,Open Now,Abhi Kholo,friendly,unpredictability,Core Feature,1.0
TPL_0497,4,Active Users,trial,habit_formation,unpredictability,2,✨ Something new!,✨ Kuch naya hai!,Your User Dashboard experience is waiting. Check it out now!,Tumhara User Dashboard experience wait kar raha. Abhi dekho!,Check It Out,Dekho,friendly,unpredictability,User Dashboard,1.0
TPL_0498,4,Active Users,trial,habit_formation,unpredictability,3,🎲 Discover today!,🎲 Aaj discover karo!,Make the most of Notifications today. You're doing great!,Aaj Notifications ka best use karo. Bahut accha chal raha!,Get Started,Shuru Karo,friendly,unpredictability,Notifications,1.0
TPL_0499,4,Active Users,trial,habit_formation,unpredictability,4,🔓 Unlock something!,🔓 Kuch unlock karo!,Don't miss what's new in Ai Tutor. Open and see!,Ai Tutor mein naya kya hai miss mat karo. Khol ke dekho!,Explore,Explore Karo,friendly,unpredictability,Ai Tutor,1.0
TPL_0500,4,Active Users,trial,habit_formation,unpredictability,5,🎉 Check this out!,🎉 Ye dekho!,Your generic progress is impressive. Keep using Leaderboard!,Tumhara generic progress impressive hai. Leaderboard use karte raho!,Try Now,Abhi Try Karo,friendly,unpredictability,Leaderboard,1.0
TPL_0501,5,Social Engagers,churned,re_engagement,accomplishment,1,🎯 Keep going!,🎯 Aage badho!,Explore Core Feature and take the next step in your generic journey!,Core Feature explore karo aur apne generic journey mein aage badho!,Open Now,Abhi Kholo,friendly,accomplishment,Core Feature,1.0
TPL_0502,5,Social Engagers,churned,re_engagement,accomplishment,2,🏆 Great progress!,🏆 Badiya progress!,Your User Dashboard experience is waiting. Check it out now!,Tumhara User Dashboard experience wait kar raha. Abhi dekho!,Check It Out,Dekho,friendly,accomplishment,User Dashboard,1.0
TPL_0503,5,Social Engagers,churned,re_engagement,accomplishment,3,⭐ You're on track!,⭐ Sahi track pe ho!,Make the most of Notifications today. You're doing great!,Aaj Notifications ka best use karo. Bahut accha chal raha!,Get Started,Shuru Karo,friendly,accomplishment,Notifications,1.0
TPL_0504,5,Social Engagers,churned,re_engagement,accomplishment,4,🔥 Keep it up!,🔥 Aise hi karo!,Don't miss what's new in Ai Tutor. Open and see!,Ai Tutor mein naya kya hai miss mat karo. Khol ke dekho!,Explore,Explore Karo,friendly,accomplishment,Ai Tutor,1.0
TPL_0505,5,Social Engagers,churned,re_engagement,accomplishment,5,💪 Almost there!,💪 Bas thoda aur!,Your generic progress is impressive. Keep using Leaderboard!,Tumhara generic progress impressive hai. Leaderboard use karte raho!,Try Now,Abhi Try Karo,friendly,accomplishment,Leaderboard,1.0
TPL_0506,5,Social Engagers,churned,re_engagement,ownership,1,👑 Your rewards!,👑 Tumhare rewards!,Explore Core Feature and take the next step in your generic journey!,Core Feature explore karo aur apne generic journey mein aage badho!,Open Now,Abhi Kholo,friendly,ownership,Core Feature,1.0
TPL_0507,5,Social Engagers,churned,re_engagement,ownership,2,💎 Check your progress!,💎 Progress dekho!,Your User Dashboard experience is waiting. Check it out now!,Tumhara User Dashboard experience wait kar raha. Abhi dekho!,Check It Out,Dekho,friendly,ownership,User Dashboard,1.0
TPL_0508,5,Social Engagers,churned,re_engagement,ownership,3,🏠 Your dashboard!,🏠 Tumhara dashboard!,Make the most of Notifications today. You're doing great!,Aaj Notifications ka best use karo. Bahut accha chal raha!,Get Started,Shuru Karo,friendly,ownership,Notifications,1.0
TPL_0509,5,Social Engagers,churned,re_engagement,ownership,4,📈 Your stats!,📈 Tumhare stats!,Don't miss what's new in Ai Tutor. Open and see!,Ai Tutor mein naya kya hai miss mat karo. Khol ke dekho!,Explore,Explore Karo,friendly,ownership,Ai Tutor,1.0
TPL_0510,5,Social Engagers,churned,re_engagement,ownership,5,🎖️ You earned this!,🎖️ Ye tumne kamaya!,Your generic progress is impressive. Keep using Leaderboard!,Tumhara generic progress impressive hai. Leaderboard use karte raho!,Try Now,Abhi Try Karo,friendly,ownership,Leaderboard,1.0
TPL_0511,5,Social Engagers,inactive,activation,accomplishment,1,🎯 Keep going!,🎯 Aage badho!,Explore Core Feature and take the next step in your generic journey!,Core Feature explore karo aur apne generic journey mein aage badho!,Open Now,Abhi Kholo,friendly,accomplishment,Core Feature,1.0
TPL_0512,5,Social Engagers,inactive,activation,accomplishment,2,🏆 Great progress!,🏆 Badiya progress!,Your User Dashboard experience is waiting. Check it out now!,Tumhara User Dashboard experience wait kar raha. Abhi dekho!,Check It Out,Dekho,friendly,accomplishment,User Dashboard,1.0
TPL_0513,5,Social Engagers,inactive,activation,accomplishment,3,⭐ You're on track!,⭐ Sahi track pe ho!,Make the most of Notifications today. You're doing great!,Aaj Notifications ka best use karo. Bahut accha chal raha!,Get Started,Shuru Karo,friendly,accomplishment,Notifications,1.0
TPL_0514,5,Social Engagers,inactive,activation,accomplishment,4,🔥 Keep it up!,🔥 Aise hi karo!,Don't miss what's new in Ai Tutor. Open and see!,Ai Tutor mein naya kya hai miss mat karo. Khol ke dekho!,Explore,Explore Karo,friendly,accomplishment,Ai Tutor,1.0
TPL_0515,5,Social Engagers,inactive,activation,accomplishment,5,💪 Almost there!,💪 Bas thoda aur!,Your generic progress is impressive. Keep using Leaderboard!,Tumhara generic progress impressive hai. Leaderboard use karte raho!,Try Now,Abhi Try Karo,friendly,accomplishment,Leaderboard,1.0
TPL_0516,5,Social Engagers,inactive,activation,ownership,1,👑 Your rewards!,👑 Tumhare rewards!,Explore Core Feature and take the next step in your generic journey!,Core Feature explore karo aur apne generic journey mein aage badho!,Open Now,Abhi Kholo,friendly,ownership,Core Feature,1.0
TPL_0517,5,Social Engagers,inactive,activation,ownership,2,💎 Check your progress!,💎 Progress dekho!,Your User Dashboard experience is waiting. Check it out now!,Tumhara User Dashboard experience wait kar raha. Abhi dekho!,Check It Out,Dekho,friendly,ownership,User Dashboard,1.0
TPL_0518,5,Social Engagers,inactive,activation,ownership,3,🏠 Your dashboard!,🏠 Tumhara dashboard!,Make the most of Notifications today. You're doing great!,Aaj Notifications ka best use karo. Bahut accha chal raha!,Get Started,Shuru Karo,friendly,ownership,Notifications,1.0
TPL_0519,5,Social Engagers,inactive,activation,ownership,4,📈 Your stats!,📈 Tumhare stats!,Don't miss what's new in Ai Tutor. Open and see!,Ai Tutor mein naya kya hai miss mat karo. Khol ke dekho!,Explore,Explore Karo,friendly,ownership,Ai Tutor,1.0
TPL_0520,5,Social Engagers,inactive,activation,ownership,5,🎖️ You earned this!,🎖️ Ye tumne kamaya!,Your generic progress is impressive. Keep using Leaderboard!,Tumhara generic progress impressive hai. Leaderboard use karte raho!,Try Now,Abhi Try Karo,friendly,ownership,Leaderboard,1.0
TPL_0521,5,Social Engagers,paid,advocacy,accomplishment,1,🎯 Keep going!,🎯 Aage badho!,Explore Core Feature and take the next step in your generic journey!,Core Feature explore karo aur apne generic journey mein aage badho!,Open Now,Abhi Kholo,friendly,accomplishment,Core Feature,1.0
TPL_0522,5,Social Engagers,paid,advocacy,accomplishment,2,🏆 Great progress!,🏆 Badiya progress!,Your User Dashboard experience is waiting. Check it out now!,Tumhara User Dashboard experience wait kar raha. Abhi dekho!,Check It Out,Dekho,friendly,accomplishment,User Dashboard,1.0
TPL_0523,5,Social Engagers,paid,advocacy,accomplishment,3,⭐ You're on track!,⭐ Sahi track pe ho!,Make the most of Notifications today. You're doing great!,Aaj Notifications ka best use karo. Bahut accha chal raha!,Get Started,Shuru Karo,friendly,accomplishment,Notifications,1.0
TPL_0524,5,Social Engagers,paid,advocacy,accomplishment,4,🔥 Keep it up!,🔥 Aise hi karo!,Don't miss what's new in Ai Tutor. Open and see!,Ai Tutor mein naya kya hai miss mat karo. Khol ke dekho!,Explore,Explore Karo,friendly,accomplishment,Ai Tutor,1.0
TPL_0525,5,Social Engagers,paid,advocacy,accomplishment,5,💪 Almost there!,💪 Bas thoda aur!,Your generic progress is impressive. Keep using Leaderboard!,Tumhara generic progress impressive hai. Leaderboard use karte raho!,Try Now,Abhi Try Karo,friendly,accomplishment,Leaderboard,1.0
TPL_0526,5,Social Engagers,paid,advocacy,ownership,1,👑 Your rewards!,👑 Tumhare rewards!,Explore Core Feature and take the next step in your generic journey!,Core Feature explore karo aur apne generic journey mein aage badho!,Open Now,Abhi Kholo,friendly,ownership,Core Feature,1.0
TPL_0527,5,Social Engagers,paid,advocacy,ownership,2,💎 Check your progress!,💎 Progress dekho!,Your User Dashboard experience is waiting. Check it out now!,Tumhara User Dashboard experience wait kar raha. Abhi dekho!,Check It Out,Dekho,friendly,ownership,User Dashboard,1.0
TPL_0528,5,Social Engagers,paid,advocacy,ownership,3,🏠 Your dashboard!,🏠 Tumhara dashboard!,Make the most of Notifications today. You're doing great!,Aaj Notifications ka best use karo. Bahut accha chal raha!,Get Started,Shuru Karo,friendly,ownership,Notifications,1.0
TPL_0529,5,Social Engagers,paid,advocacy,ownership,4,📈 Your stats!,📈 Tumhare stats!,Don't miss what's new in Ai Tutor. Open and see!,Ai Tutor mein naya kya hai miss mat karo. Khol ke dekho!,Explore,Explore Karo,friendly,ownership,Ai Tutor,1.0
TPL_0530,5,Social Engagers,paid,advocacy,ownership,5,🎖️ You earned this!,🎖️ Ye tumne kamaya!,Your generic progress is impressive. Keep using Leaderboard!,Tumhara generic progress impressive hai. Leaderboard use karte raho!,Try Now,Abhi Try Karo,friendly,ownership,Leaderboard,1.0
TPL_0531,5,Social Engagers,paid,deepening,accomplishment,1,🎯 Keep going!,🎯 Aage badho!,Explore Core Feature and take the next step in your generic journey!,Core Feature explore karo aur apne generic journey mein aage badho!,Open Now,Abhi Kholo,friendly,accomplishment,Core Feature,1.0
TPL_0532,5,Social Engagers,paid,deepening,accomplishment,2,🏆 Great progress!,🏆 Badiya progress!,Your User Dashboard experience is waiting. Check it out now!,Tumhara User Dashboard experience wait kar raha. Abhi dekho!,Check It Out,Dekho,friendly,accomplishment,User Dashboard,1.0
TPL_0533,5,Social Engagers,paid,deepening,accomplishment,3,⭐ You're on track!,⭐ Sahi track pe ho!,Make the most of Notifications today. You're doing great!,Aaj Notifications ka best use karo. Bahut accha chal raha!,Get Started,Shuru Karo,friendly,accomplishment,Notifications,1.0
TPL_0534,5,Social Engagers,paid,deepening,accomplishment,4,🔥 Keep it up!,🔥 Aise hi karo!,Don't miss what's new in Ai Tutor. Open and see!,Ai Tutor mein naya kya hai miss mat karo. Khol ke dekho!,Explore,Explore Karo,friendly,accomplishment,Ai Tutor,1.0
TPL_0535,5,Social Engagers,paid,deepening,accomplishment,5,💪 Almost there!,💪 Bas thoda aur!,Your generic progress is impressive. Keep using Leaderboard!,Tumhara generic progress impressive hai. Leaderboard use karte raho!,Try Now,Abhi Try Karo,friendly,accomplishment,Leaderboard,1.0
TPL_0536,5,Social Engagers,paid,deepening,ownership,1,👑 Your rewards!,👑 Tumhare rewards!,Explore Core Feature and take the next step in your generic journey!,Core Feature explore karo aur apne generic journey mein aage badho!,Open Now,Abhi Kholo,friendly,ownership,Core Feature,1.0
TPL_0537,5,Social Engagers,paid,deepening,ownership,2,💎 Check your progress!,💎 Progress dekho!,Your User Dashboard experience is waiting. Check it out now!,Tumhara User Dashboard experience wait kar raha. Abhi dekho!,Check It Out,Dekho,friendly,ownership,User Dashboard,1.0
TPL_0538,5,Social Engagers,paid,deepening,ownership,3,🏠 Your dashboard!,🏠 Tumhara dashboard!,Make the most of Notifications today. You're doing great!,Aaj Notifications ka best use karo. Bahut accha chal raha!,Get Started,Shuru Karo,friendly,ownership,Notifications,1.0
TPL_0539,5,Social Engagers,paid,deepening,ownership,4,📈 Your stats!,📈 Tumhare stats!,Don't miss what's new in Ai Tutor. Open and see!,Ai Tutor mein naya kya hai miss mat karo. Khol ke dekho!,Explore,Explore Karo,friendly,ownership,Ai Tutor,1.0
TPL_0540,5,Social Engagers,paid,deepening,ownership,5,🎖️ You earned this!,🎖️ Ye tumne kamaya!,Your generic progress is impressive. Keep using Leaderboard!,Tumhara generic progress impressive hai. Leaderboard use karte raho!,Try Now,Abhi Try Karo,friendly,ownership,Leaderboard,1.0
TPL_0541,5,Social Engagers,paid,expansion,accomplishment,1,🎯 Keep going!,🎯 Aage badho!,Explore Core Feature and take the next step in your generic journey!,Core Feature explore karo aur apne generic journey mein aage badho!,Open Now,Abhi Kholo,friendly,accomplishment,Core Feature,1.0
TPL_0542,5,Social Engagers,paid,expansion,accomplishment,2,🏆 Great progress!,🏆 Badiya progress!,Your User Dashboard experience is waiting. Check it out now!,Tumhara User Dashboard experience wait kar raha. Abhi dekho!,Check It Out,Dekho,friendly,accomplishment,User Dashboard,1.0
TPL_0543,5,Social Engagers,paid,expansion,accomplishment,3,⭐ You're on track!,⭐ Sahi track pe ho!,Make the most of Notifications today. You're doing great!,Aaj Notifications ka best use karo. Bahut accha chal raha!,Get Started,Shuru Karo,friendly,accomplishment,Notifications,1.0
TPL_0544,5,Social Engagers,paid,expansion,accomplishment,4,🔥 Keep it up!,🔥 Aise hi karo!,Don't miss what's new in Ai Tutor. Open and see!,Ai Tutor mein naya kya hai miss mat karo. Khol ke dekho!,Explore,Explore Karo,friendly,accomplishment,Ai Tutor,1.0
TPL_0545,5,Social Engagers,paid,expansion,accomplishment,5,💪 Almost there!,💪 Bas thoda aur!,Your generic progress is impressive. Keep using Leaderboard!,Tumhara generic progress impressive hai. Leaderboard use karte raho!,Try Now,Abhi Try Karo,friendly,accomplishment,Leaderboard,1.0
TPL_0546,5,Social Engagers,paid,expansion,ownership,1,👑 Your rewards!,👑 Tumhare rewards!,Explore Core Feature and take the next step in your generic journey!,Core Feature explore karo aur apne generic journey mein aage badho!,Open Now,Abhi Kholo,friendly,ownership,Core Feature,2.0
TPL_0547,5,Social Engagers,paid,expansion,ownership,2,💎 Check your progress!,💎 Progress dekho!,Your User Dashboard experience is waiting. Check it out now!,Tumhara User Dashboard experience wait kar raha. Abhi dekho!,Check It Out,Dekho,friendly,ownership,User Dashboard,1.0
TPL_0548,5,Social Engagers,paid,expansion,ownership,3,🏠 Your dashboard!,🏠 Tumhara dashboard!,Make the most of Notifications today. You're doing great!,Aaj Notifications ka best use karo. Bahut accha chal raha!,Get Started,Shuru Karo,friendly,ownership,Notifications,1.0
TPL_0549,5,Social Engagers,paid,expansion,ownership,4,📈 Your stats!,📈 Tumhare stats!,Don't miss what's new in Ai Tutor. Open and see!,Ai Tutor mein naya kya hai miss mat karo. Khol ke dekho!,Explore,Explore Karo,friendly,ownership,Ai Tutor,1.0
TPL_0550,5,Social Engagers,paid,expansion,ownership,5,🎖️ You earned this!,🎖️ Ye tumne kamaya!,Your generic progress is impressive. Keep using Leaderboard!,Tumhara generic progress impressive hai. Leaderboard use karte raho!,Try Now,Abhi Try Karo,friendly,ownership,Leaderboard,1.0
TPL_0551,5,Social Engagers,paid,retention,accomplishment,1,🎯 Keep going!,🎯 Aage badho!,Explore Core Feature and take the next step in your generic journey!,Core Feature explore karo aur apne generic journey mein aage badho!,Open Now,Abhi Kholo,friendly,accomplishment,Core Feature,1.0
TPL_0552,5,Social Engagers,paid,retention,accomplishment,2,🏆 Great progress!,🏆 Badiya progress!,Your User Dashboard experience is waiting. Check it out now!,Tumhara User Dashboard experience wait kar raha. Abhi dekho!,Check It Out,Dekho,friendly,accomplishment,User Dashboard,1.0
TPL_0553,5,Social Engagers,paid,retention,accomplishment,3,⭐ You're on track!,⭐ Sahi track pe ho!,Make the most of Notifications today. You're doing great!,Aaj Notifications ka best use karo. Bahut accha chal raha!,Get Started,Shuru Karo,friendly,accomplishment,Notifications,1.0
TPL_0554,5,Social Engagers,paid,retention,accomplishment,4,🔥 Keep it up!,🔥 Aise hi karo!,Don't miss what's new in Ai Tutor. Open and see!,Ai Tutor mein naya kya hai miss mat karo. Khol ke dekho!,Explore,Explore Karo,friendly,accomplishment,Ai Tutor,1.0
TPL_0555,5,Social Engagers,paid,retention,accomplishment,5,💪 Almost there!,💪 Bas thoda aur!,Your generic progress is impressive. Keep using Leaderboard!,Tumhara generic progress impressive hai. Leaderboard use karte raho!,Try Now,Abhi Try Karo,friendly,accomplishment,Leaderboard,1.0
TPL_0556,5,Social Engagers,paid,retention,ownership,1,👑 Your rewards!,👑 Tumhare rewards!,Explore Core Feature and take the next step in your generic journey!,Core Feature explore karo aur apne generic journey mein aage badho!,Open Now,Abhi Kholo,friendly,ownership,Core Feature,1.0
TPL_0557,5,Social Engagers,paid,retention,ownership,2,💎 Check your progress!,💎 Progress dekho!,Your User Dashboard experience is waiting. Check it out now!,Tumhara User Dashboard experience wait kar raha. Abhi dekho!,Check It Out,Dekho,friendly,ownership,User Dashboard,1.0
TPL_0558,5,Social Engagers,paid,retention,ownership,3,🏠 Your dashboard!,🏠 Tumhara dashboard!,Make the most of Notifications today. You're doing great!,Aaj Notifications ka best use karo. Bahut accha chal raha!,Get Started,Shuru Karo,friendly,ownership,Notifications,1.0
TPL_0559,5,Social Engagers,paid,retention,ownership,4,📈 Your stats!,📈 Tumhare stats!,Don't miss what's new in Ai Tutor. Open and see!,Ai Tutor mein naya kya hai miss mat karo. Khol ke dekho!,Explore,Explore Karo,friendly,ownership,Ai Tutor,1.0
TPL_0560,5,Social Engagers,paid,retention,ownership,5,🎖️ You earned this!,🎖️ Ye tumne kamaya!,Your generic progress is impressive. Keep using Leaderboard!,Tumhara generic progress impressive hai. Leaderboard use karte raho!,Try Now,Abhi Try Karo,friendly,ownership,Leaderboard,1.0
TPL_0561,5,Social Engagers,trial,activation,accomplishment,1,🎯 Keep going!,🎯 Aage badho!,Explore Core Feature and take the next step in your generic journey!,Core Feature explore karo aur apne generic journey mein aage badho!,Open Now,Abhi Kholo,friendly,accomplishment,Core Feature,1.0
TPL_0562,5,Social Engagers,trial,activation,accomplishment,2,🏆 Great progress!,🏆 Badiya progress!,Your User Dashboard experience is waiting. Check it out now!,Tumhara User Dashboard experience wait kar raha. Abhi dekho!,Check It Out,Dekho,friendly,accomplishment,User Dashboard,1.0
TPL_0563,5,Social Engagers,trial,activation,accomplishment,3,⭐ You're on track!,⭐ Sahi track pe ho!,Make the most of Notifications today. You're doing great!,Aaj Notifications ka best use karo. Bahut accha chal raha!,Get Started,Shuru Karo,friendly,accomplishment,Notifications,1.0
TPL_0564,5,Social Engagers,trial,activation,accomplishment,4,🔥 Keep it up!,🔥 Aise hi karo!,Don't miss what's new in Ai Tutor. Open and see!,Ai Tutor mein naya kya hai miss mat karo. Khol ke dekho!,Explore,Explore Karo,friendly,accomplishment,Ai Tutor,1.0
TPL_0565,5,Social Engagers,trial,activation,accomplishment,5,💪 Almost there!,💪 Bas thoda aur!,Your generic progress is impressive. Keep using Leaderboard!,Tumhara generic progress impressive hai. Leaderboard use karte raho!,Try Now,Abhi Try Karo,friendly,accomplishment,Leaderboard,1.0
TPL_0566,5,Social Engagers,trial,activation,ownership,1,👑 Your rewards!,👑 Tumhare rewards!,Explore Core Feature and take the next step in your generic journey!,Core Feature explore karo aur apne generic journey mein aage badho!,Open Now,Abhi Kholo,friendly,ownership,Core Feature,2.0
TPL_0567,5,Social Engagers,trial,activation,ownership,2,💎 Check your progress!,💎 Progress dekho!,Your User Dashboard experience is waiting. Check it out now!,Tumhara User Dashboard experience wait kar raha. Abhi dekho!,Check It Out,Dekho,friendly,ownership,User Dashboard,1.0
TPL_0568,5,Social Engagers,trial,activation,ownership,3,🏠 Your dashboard!,🏠 Tumhara dashboard!,Make the most of Notifications today. You're doing great!,Aaj Notifications ka best use karo. Bahut accha chal raha!,Get Started,Shuru Karo,friendly,ownership,Notifications,1.0
TPL_0569,5,Social Engagers,trial,activation,ownership,4,📈 Your stats!,📈 Tumhare stats!,Don't miss what's new in Ai Tutor. Open and see!,Ai Tutor mein naya kya hai miss mat karo. Khol ke dekho!,Explore,Explore Karo,friendly,ownership,Ai Tutor,1.0
TPL_0570,5,Social Engagers,trial,activation,ownership,5,🎖️ You earned this!,🎖️ Ye tumne kamaya!,Your generic progress is impressive. Keep using Leaderboard!,Tumhara generic progress impressive hai. Leaderboard use karte raho!,Try Now,Abhi Try Karo,friendly,ownership,Leaderboard,1.0
TPL_0571,5,Social Engagers,trial,conversion_readiness,accomplishment,1,🎯 Keep going!,🎯 Aage badho!,Explore Core Feature and take the next step in your generic journey!,Core Feature explore karo aur apne generic journey mein aage badho!,Open Now,Abhi Kholo,friendly,accomplishment,Core Feature,2.0
TPL_0572,5,Social Engagers,trial,conversion_readiness,accomplishment,2,🏆 Great progress!,🏆 Badiya progress!,Your User Dashboard experience is waiting. Check it out now!,Tumhara User Dashboard experience wait kar raha. Abhi dekho!,Check It Out,Dekho,friendly,accomplishment,User Dashboard,1.0
TPL_0573,5,Social Engagers,trial,conversion_readiness,accomplishment,3,⭐ You're on track!,⭐ Sahi track pe ho!,Make the most of Notifications today. You're doing great!,Aaj Notifications ka best use karo. Bahut accha chal raha!,Get Started,Shuru Karo,friendly,accomplishment,Notifications,1.0
TPL_0574,5,Social Engagers,trial,conversion_readiness,accomplishment,4,🔥 Keep it up!,🔥 Aise hi karo!,Don't miss what's new in Ai Tutor. Open and see!,Ai Tutor mein naya kya hai miss mat karo. Khol ke dekho!,Explore,Explore Karo,friendly,accomplishment,Ai Tutor,1.0
TPL_0575,5,Social Engagers,trial,conversion_readiness,accomplishment,5,💪 Almost there!,💪 Bas thoda aur!,Your generic progress is impressive. Keep using Leaderboard!,Tumhara generic progress impressive hai. Leaderboard use karte raho!,Try Now,Abhi Try Karo,friendly,accomplishment,Leaderboard,1.0
TPL_0576,5,Social Engagers,trial,conversion_readiness,ownership,1,👑 Your rewards!,👑 Tumhare rewards!,Explore Core Feature and take the next step in your generic journey!,Core Feature explore karo aur apne generic journey mein aage badho!,Open Now,Abhi Kholo,friendly,ownership,Core Feature,1.0
TPL_0577,5,Social Engagers,trial,conversion_readiness,ownership,2,💎 Check your progress!,💎 Progress dekho!,Your User Dashboard experience is waiting. Check it out now!,Tumhara User Dashboard experience wait kar raha. Abhi dekho!,Check It Out,Dekho,friendly,ownership,User Dashboard,1.0
TPL_0578,5,Social Engagers,trial,conversion_readiness,ownership,3,🏠 Your dashboard!,🏠 Tumhara dashboard!,Make the most of Notifications today. You're doing great!,Aaj Notifications ka best use karo. Bahut accha chal raha!,Get Started,Shuru Karo,friendly,ownership,Notifications,1.0
TPL_0579,5,Social Engagers,trial,conversion_readiness,ownership,4,📈 Your stats!,📈 Tumhare stats!,Don't miss what's new in Ai Tutor. Open and see!,Ai Tutor mein naya kya hai miss mat karo. Khol ke dekho!,Explore,Explore Karo,friendly,ownership,Ai Tutor,1.0
TPL_0580,5,Social Engagers,trial,conversion_readiness,ownership,5,🎖️ You earned this!,🎖️ Ye tumne kamaya!,Your generic progress is impressive. Keep using Leaderboard!,Tumhara generic progress impressive hai. Leaderboard use karte raho!,Try Now,Abhi Try Karo,friendly,ownership,Leaderboard,1.0
TPL_0581,5,Social Engagers,trial,feature_discovery,accomplishment,1,🎯 Keep going!,🎯 Aage badho!,Explore Core Feature and take the next step in your generic journey!,Core Feature explore karo aur apne generic journey mein aage badho!,Open Now,Abhi Kholo,friendly,accomplishment,Core Feature,1.0
TPL_0582,5,Social Engagers,trial,feature_discovery,accomplishment,2,🏆 Great progress!,🏆 Badiya progress!,Your User Dashboard experience is waiting. Check it out now!,Tumhara User Dashboard experience wait kar raha. Abhi dekho!,Check It Out,Dekho,friendly,accomplishment,User Dashboard,1.0
TPL_0583,5,Social Engagers,trial,feature_discovery,accomplishment,3,⭐ You're on track!,⭐ Sahi track pe ho!,Make the most of Notifications today. You're doing great!,Aaj Notifications ka best use karo. Bahut accha chal raha!,Get Started,Shuru Karo,friendly,accomplishment,Notifications,1.0
TPL_0584,5,Social Engagers,trial,feature_discovery,accomplishment,4,🔥 Keep it up!,🔥 Aise hi karo!,Don't miss what's new in Ai Tutor. Open and see!,Ai Tutor mein naya kya hai miss mat karo. Khol ke dekho!,Explore,Explore Karo,friendly,accomplishment,Ai Tutor,1.0
TPL_0585,5,Social Engagers,trial,feature_discovery,accomplishment,5,💪 Almost there!,💪 Bas thoda aur!,Your generic progress is impressive. Keep using Leaderboard!,Tumhara generic progress impressive hai. Leaderboard use karte raho!,Try Now,Abhi Try Karo,friendly,accomplishment,Leaderboard,1.0
TPL_0586,5,Social Engagers,trial,feature_discovery,ownership,1,👑 Your rewards!,👑 Tumhare rewards!,Explore Core Feature and take the next step in your generic journey!,Core Feature explore karo aur apne generic journey mein aage badho!,Open Now,Abhi Kholo,friendly,ownership,Core Feature,2.0
TPL_0587,5,Social Engagers,trial,feature_discovery,ownership,2,💎 Check your progress!,💎 Progress dekho!,Your User Dashboard experience is waiting. Check it out now!,Tumhara User Dashboard experience wait kar raha. Abhi dekho!,Check It Out,Dekho,friendly,ownership,User Dashboard,1.0
TPL_0588,5,Social Engagers,trial,feature_discovery,ownership,3,🏠 Your dashboard!,🏠 Tumhara dashboard!,Make the most of Notifications today. You're doing great!,Aaj Notifications ka best use karo. Bahut accha chal raha!,Get Started,Shuru Karo,friendly,ownership,Notifications,1.0
TPL_0589,5,Social Engagers,trial,feature_discovery,ownership,4,📈 Your stats!,📈 Tumhare stats!,Don't miss what's new in Ai Tutor. Open and see!,Ai Tutor mein naya kya hai miss mat karo. Khol ke dekho!,Explore,Explore Karo,friendly,ownership,Ai Tutor,1.0
TPL_0590,5,Social Engagers,trial,feature_discovery,ownership,5,🎖️ You earned this!,🎖️ Ye tumne kamaya!,Your generic progress is impressive. Keep using Leaderboard!,Tumhara generic progress impressive hai. Leaderboard use karte raho!,Try Now,Abhi Try Karo,friendly,ownership,Leaderboard,1.0
TPL_0591,5,Social Engagers,trial,habit_formation,accomplishment,1,🎯 Keep going!,🎯 Aage badho!,Explore Core Feature and take the next step in your generic journey!,Core Feature explore karo aur apne generic journey mein aage badho!,Open Now,Abhi Kholo,friendly,accomplishment,Core Feature,2.0
TPL_0592,5,Social Engagers,trial,habit_formation,accomplishment,2,🏆 Great progress!,🏆 Badiya progress!,Your User Dashboard experience is waiting. Check it out now!,Tumhara User Dashboard experience wait kar raha. Abhi dekho!,Check It Out,Dekho,friendly,accomplishment,User Dashboard,1.0
TPL_0593,5,Social Engagers,trial,habit_formation,accomplishment,3,⭐ You're on track!,⭐ Sahi track pe ho!,Make the most of Notifications today. You're doing great!,Aaj Notifications ka best use karo. Bahut accha chal raha!,Get Started,Shuru Karo,friendly,accomplishment,Notifications,1.0
TPL_0594,5,Social Engagers,trial,habit_formation,accomplishment,4,🔥 Keep it up!,🔥 Aise hi karo!,Don't miss what's new in Ai Tutor. Open and see!,Ai Tutor mein naya kya hai miss mat karo. Khol ke dekho!,Explore,Explore Karo,friendly,accomplishment,Ai Tutor,1.0
TPL_0595,5,Social Engagers,trial,habit_formation,accomplishment,5,💪 Almost there!,💪 Bas thoda aur!,Your generic progress is impressive. Keep using Leaderboard!,Tumhara generic progress impressive hai. Leaderboard use karte raho!,Try Now,Abhi Try Karo,friendly,accomplishment,Leaderboard,1.0
TPL_0597,5,Social Engagers,trial,habit_formation,ownership,2,💎 Check your progress!,💎 Progress dekho!,Your User Dashboard experience is waiting. Check it out now!,Tumhara User Dashboard experience wait kar raha. Abhi dekho!,Check It Out,Dekho,friendly,ownership,User Dashboard,1.0
TPL_0598,5,Social Engagers,trial,habit_formation,ownership,3,🏠 Your dashboard!,🏠 Tumhara dashboard!,Make the most of Notifications today. You're doing great!,Aaj Notifications ka best use karo. Bahut accha chal raha!,Get Started,Shuru Karo,friendly,ownership,Notifications,1.0
TPL_0599,5,Social Engagers,trial,habit_formation,ownership,4,📈 Your stats!,📈 Tumhare stats!,Don't miss what's new in Ai Tutor. Open and see!,Ai Tutor mein naya kya hai miss mat karo. Khol ke dekho!,Explore,Explore Karo,friendly,ownership,Ai Tutor,1.0
TPL_0600,5,Social Engagers,trial,habit_formation,ownership,5,🎖️ You earned this!,🎖️ Ye tumne kamaya!,Your generic progress is impressive. Keep using Leaderboard!,Tumhara generic progress impressive hai. Leaderboard use karte raho!,Try Now,Abhi Try Karo,friendly,ownership,Leaderboard,1.0
