user_id,lifecycle_stage,segment_id,segment_name,activeness,gamification_propensity,social_propensity,ai_tutor_propensity,leaderboard_propensity,churn_risk,rfm_score,rfm_segment,engagement_intensity,streak_consistency,feature_diversity
U0000,trial,0,Needs Attention,0.23900237935258778,0.2822311289245157,0.0,0.0,0.4878491064526056,0.6608538915373836,2.9,Needs Attention,0.015971234707006628,0.02127659574468085,0.0
U0001,inactive,0,Needs Attention,0.3005448018479645,0.5564462257849031,0.0,1.0,0.3976447276575623,0.7600986508061149,3.6000000000000005,Potential Loyalist,0.09850183219322395,0.3333333333333333,0.5
U0002,paid,0,Needs Attention,0.28677396658860865,0.5744822979291917,0.0,1.0,0.6029467174048472,0.5555951945149199,1.9,Lost,0.007145097290948953,0.06451612903225806,0.5
U0003,paid,2,Social Engagers,0.19265360393083747,0.644622578490314,1.0,0.0,0.7071693949697148,0.5397269865776677,2.2,At Risk,0.00556923057889197,0.0375,0.5
U0004,trial,3,Segment 3,0.4359573654156297,0.2631930527722111,0.0,0.0,0.7890357494014246,0.34693621904849453,2.2,At Risk,0.019962832281108987,0.06818181818181818,0.0
U0005,trial,2,Social Engagers,0.20493703654645448,0.9094856379425518,1.0,1.0,0.649935076144799,0.5195909695614891,2.7,Needs Attention,0.004289401444187578,0.03614457831325301,1.0
U0006,trial,2,Social Engagers,0.39621736683945363,0.7391449565798264,1.0,1.0,0.13202885171091247,0.7324823458537746,3.7,Potential Loyalist,0.2507081417479891,0.125,1.0
U0007,churned,0,Needs Attention,0.3232185055561375,0.5818303273213092,0.0,1.0,0.3567366943625078,0.7209625136875941,2.9,Needs Attention,0.06346262219986475,0.047619047619047616,0.5
U0008,paid,3,Segment 3,0.42430936796503604,0.4585838343353374,0.0,1.0,0.5582093025001313,0.3922228898592762,2.0,At Risk,0.025079176529804174,0.04938271604938271,0.5
U0009,paid,0,Needs Attention,0.30183306741695287,0.0036740146960587846,0.0,0.0,0.4257713929732123,0.44443207444344524,1.8000000000000003,Lost,0.013714390055725051,0.034482758620689655,0.0
U0010,trial,0,Needs Attention,0.22791211561426283,0.4772879091516366,0.0,1.0,0.4731680589643707,0.5270825178654848,2.4000000000000004,At Risk,0.006931414071614855,0.0125,0.5
U0011,inactive,3,Segment 3,0.4048023508109535,0.3607214428857715,0.0,1.0,0.3191484091779064,0.46350156823683214,1.4000000000000001,Lost,0.02709412662689336,0.014285714285714285,0.5
U0012,churned,3,Segment 3,0.41150443983983387,0.47695390781563124,0.0,1.0,0.4428715108118859,0.45096967652163156,2.4000000000000004,At Risk,0.029731331895167006,0.013888888888888888,0.5
U0013,trial,2,Social Engagers,0.3033593844828223,0.8750835003340013,1.0,1.0,0.3649711407834395,0.7116013905869024,3.7,Potential Loyalist,0.04408107635391727,0.08,1.0
U0014,trial,2,Social Engagers,0.27110522662950176,0.8259853039412158,1.0,1.0,0.5626894237914031,0.4841453746605968,2.4000000000000004,At Risk,0.011313161897877165,0.036585365853658534,1.0
U0015,trial,0,Needs Attention,0.2497608927881501,0.5945223780895124,0.0,1.0,0.6241103930707858,0.47567537922072695,3.1,Promising,0.0026318384453193782,0.011235955056179775,0.5
U0016,trial,0,Needs Attention,0.3911263388827305,0.5691382765531062,0.0,1.0,0.3436701117590988,0.7142603668831278,4.4,Loyal,0.1467535113737996,0.16666666666666666,0.5
U0017,paid,2,Social Engagers,0.1843730307610516,0.7895791583166333,1.0,1.0,0.24201361524547224,0.8255463943093265,2.9,Needs Attention,0.024871504458749843,0.13333333333333333,1.0
U0018,paid,5,Social Engagers,0.501313050924879,0.884435537742151,1.0,1.0,0.5683306688282933,0.43963770135996627,3.0,Promising,0.049433150312300056,0.06779661016949153,1.0
U0019,trial,0,Needs Attention,0.31161535221240694,0.6519706078824316,0.0,1.0,0.47893690001726297,0.7023924908002153,4.0,Loyal,0.045677679254788356,0.07692307692307693,0.5
U0020,paid,0,Needs Attention,0.4599775694773544,0.323313293253173,0.0,0.0,0.5169462520546712,0.6091198412923107,4.4,Loyal,0.09744283427357157,0.11538461538461539,0.0
U0021,trial,0,Needs Attention,0.31606235877526623,0.5454241816967268,0.0,1.0,0.48437549255815,0.6061072655859041,3.4000000000000004,Promising,0.026249435445500294,0.06382978723404255,0.5
U0022,trial,0,Needs Attention,0.2196835623074765,0.38009352037408145,0.0,1.0,0.22953172262127253,0.7320196498495566,1.3,Lost,0.0,0.0625,0.5
U0023,trial,2,Social Engagers,0.3915214273699269,0.906813627254509,1.0,1.0,0.3738548257563816,0.7182786329397459,3.2,Promising,0.18047966136635088,0.3,1.0
U0024,paid,0,Needs Attention,0.2708133174422962,0.20908483633934535,0.0,0.0,0.3319312782869109,0.7694269031516436,2.5,Needs Attention,0.04472764086936685,0.125,0.0
U0025,churned,0,Needs Attention,0.21578578837639617,0.23947895791583165,0.0,0.0,0.5683179092266931,0.5684008673996942,3.1,Promising,0.0027340590319947637,0.028169014084507043,0.0
U0026,trial,5,Social Engagers,0.5068961539509838,0.8186372745490983,1.0,1.0,0.2452290348487237,0.6277772012464311,3.8,Potential Loyalist,0.19194987396876537,0.058823529411764705,1.0
U0027,paid,0,Needs Attention,0.3195961221238117,0.16733466933867736,0.0,0.0,0.4163983397506623,0.6976040288533725,2.1999999999999997,At Risk,0.0,0.21739130434782608,0.0
U0028,paid,3,Segment 3,0.432233336912238,0.46760187040748163,0.0,1.0,0.4945681625423131,0.6044897850866997,2.1999999999999997,At Risk,0.06682403969572194,0.3076923076923077,0.5
U0029,trial,0,Needs Attention,0.12916767017795588,0.6513026052104208,0.0,1.0,0.7659093467834546,0.5522866319357798,2.2,At Risk,0.0,0.047058823529411764,0.5
U0030,paid,5,Social Engagers,0.489094469799089,0.7625250501002004,1.0,1.0,0.4475437766919607,0.3448411904609721,2.9,Needs Attention,0.03622409935708506,0.011627906976744186,1.0
U0031,trial,0,Needs Attention,0.2011157986354411,0.4515698062792251,0.0,1.0,0.30737504972491797,0.8367773293293737,2.5,Needs Attention,0.06782600590730369,0.7142857142857143,0.5
U0032,trial,0,Needs Attention,0.27978129822800035,0.447561790247161,0.0,1.0,0.29625092882394005,0.7640461146802211,2.6,Needs Attention,0.0737496466797273,0.2857142857142857,0.5
U0033,inactive,3,Segment 3,0.37777647361171807,0.04943219772879092,0.0,0.0,0.3749003625227984,0.44141922221594787,1.4000000000000001,Lost,0.021643002250653427,0.012658227848101266,0.0
U0034,inactive,2,Social Engagers,0.2293813864432641,0.40313961255845027,1.0,0.0,0.25894485600414313,0.8198179766446798,3.3000000000000003,Promising,0.08102955230456065,0.7142857142857143,0.5
U0035,churned,0,Needs Attention,0.19904786414834286,0.37040748162992654,0.0,1.0,0.10037002844640593,0.8465287283195049,2.3,At Risk,0.05272210512978511,0.1111111111111111,0.5
U0036,trial,0,Needs Attention,0.20696594678671992,0.551436205744823,0.0,1.0,0.4941328349583061,0.6673097936300956,2.2,At Risk,0.011868932390209856,0.0625,0.5
U0037,trial,5,Social Engagers,0.32508990652153674,0.9923179692718772,1.0,1.0,0.6915689056014651,0.49430775821473755,2.2,At Risk,0.012544596141041215,0.041666666666666664,1.0
U0038,paid,5,Social Engagers,0.4613997831001577,0.8453573814295258,1.0,1.0,0.5625858458490014,0.45933034290586283,3.5,Potential Loyalist,0.0463126119190538,0.0847457627118644,1.0
U0039,paid,0,Needs Attention,0.2842931087538867,0.01603206412825651,0.0,0.0,0.4047961090720768,0.45921136879022123,1.4000000000000001,Lost,0.012226193355366975,0.022988505747126436,0.0
U0040,trial,2,Social Engagers,0.2414433486045969,0.6002004008016032,1.0,0.0,0.6035711873184572,0.510453139773412,3.0,Promising,0.008187999800097701,0.012195121951219513,0.5
U0041,paid,0,Needs Attention,0.18598000609001542,0.11022044088176353,0.0,0.0,0.285875871593374,0.7267098686864163,2.4000000000000004,At Risk,0.004929266072371538,0.02564102564102564,0.0
U0042,trial,5,Social Engagers,0.5260810755563406,0.4549098196392785,1.0,0.0,0.18524689829096394,0.6162662482832169,3.1,Promising,0.1986890314362217,0.0,0.5
U0043,inactive,2,Social Engagers,0.2282375530951565,0.6700066800267201,1.0,1.0,0.3872351444461957,0.5992276809088636,2.1,At Risk,0.009446181988554441,0.0847457627118644,1.0
U0044,trial,0,Needs Attention,0.4006403924926509,0.3957915831663326,0.0,1.0,0.2890500101326248,0.674509381525686,3.1999999999999997,Promising,0.11132685553617643,0.29411764705882354,0.5
U0045,paid,2,Social Engagers,0.40938158968335037,0.8363393453573814,1.0,1.0,0.2850284839341604,0.6947965781048835,3.3000000000000003,Promising,0.15159396918119258,0.14285714285714285,1.0
U0046,trial,3,Segment 3,0.4138069073980678,0.5267201068804276,0.0,1.0,0.4057463241088919,0.6155456427952019,2.5999999999999996,Needs Attention,0.06318789145125214,0.0967741935483871,0.5
U0047,paid,0,Needs Attention,0.3394763368935341,0.14829659318637275,0.0,0.0,0.334438915283751,0.6899312191404754,3.4,Promising,0.06151937775223815,0.125,0.0
U0048,paid,0,Needs Attention,0.20532759214507296,0.36305945223780894,0.0,1.0,0.2840332350093445,0.6257396149257222,2.1,At Risk,0.005989908638942083,0.016666666666666666,0.5
U0049,trial,0,Needs Attention,0.08122041935709093,0.5407481629926519,0.0,1.0,0.43887550381662205,0.7597783866836177,2.2,At Risk,0.0019515723371436422,0.044444444444444446,0.5
U0050,inactive,1,At-Risk Users,0.3297572105098865,0.30060120240480964,0.0,0.0,0.4080918391089295,0.7851243970983235,4.6,Champions,0.40060372783822645,1.0,0.0
U0051,churned,2,Social Engagers,0.19662267152145124,0.5587842351369405,1.0,0.0,0.5936156958110977,0.7033029928318101,2.5999999999999996,Needs Attention,0.012371270749200908,0.1891891891891892,0.5
U0052,inactive,3,Segment 3,0.4599211303202252,0.6646626586506347,0.0,1.0,0.6219660294371514,0.5325579601057372,2.9,Needs Attention,0.05296621098417517,0.09302325581395349,0.5
U0053,churned,2,Social Engagers,0.28878151298809623,0.4826319305277221,1.0,0.0,0.36203267959139257,0.6565183262496955,2.3,At Risk,0.02736752039274416,0.05,0.5
U0054,paid,0,Needs Attention,0.3178940876284033,0.572812291249165,0.0,1.0,0.6394789579158316,0.42628482401870266,3.1,Promising,0.013919041048475814,0.022222222222222223,0.5
U0055,inactive,3,Segment 3,0.5193632798880178,0.343687374749499,0.0,1.0,0.24593456576073494,0.4585947980246361,2.5,Needs Attention,0.06075311449045039,0.01818181818181818,0.5
U0056,trial,3,Segment 3,0.3335217957794655,0.4422177688710755,0.0,1.0,0.4976484804815624,0.4296741565748739,1.7000000000000002,Lost,0.016137093644578465,0.022988505747126436,0.5
U0057,trial,2,Social Engagers,0.3112275817598812,0.6910487641950568,1.0,1.0,0.30003752824000063,0.6387953658376884,2.1,At Risk,0.032674761080695384,0.10256410256410256,1.0
U0058,trial,5,Social Engagers,0.4434508601840097,0.4168336673346693,1.0,0.0,0.16926812426350826,0.6743550158044878,2.6,Needs Attention,0.14424742511765312,0.06666666666666667,0.5
U0059,trial,1,At-Risk Users,0.35241022697284186,0.4832999331997328,0.0,1.0,0.3945358882559125,0.7502559914758693,3.1999999999999997,Promising,0.3836190429446922,1.75,0.5
U0060,trial,5,Social Engagers,0.5469005290532423,0.6356045424181697,1.0,0.0,0.6539566023432632,0.3101575549084802,3.8,Potential Loyalist,0.04551553132574862,0.011627906976744186,0.5
U0061,trial,0,Needs Attention,0.26227294797881473,0.11823647294589179,0.0,0.0,0.34145744672866335,0.7277426141914346,2.3,At Risk,0.03645938310161888,0.16,0.0
U0062,churned,3,Segment 3,0.5417166595523077,0.5110220440881763,0.0,1.0,0.28929919764622875,0.6196508553324451,3.6999999999999997,Potential Loyalist,0.28965532874029715,0.15384615384615385,0.5
U0063,trial,2,Social Engagers,0.2719716719895,0.4318637274549098,1.0,0.0,0.43523451397176377,0.4921361457424702,2.5,Needs Attention,0.006132672339225873,0.012195121951219513,0.5
U0064,trial,2,Social Engagers,0.3998186233877383,0.7658650634602538,1.0,1.0,0.45238191739283806,0.5984066983077825,3.2,Promising,0.0484235679249312,0.21212121212121213,1.0
U0065,paid,0,Needs Attention,0.2538292095165635,0.44255177020708086,0.0,1.0,0.332064878821313,0.7668514104602746,3.1,Promising,0.036783048822930375,0.3125,0.5
U0066,trial,0,Needs Attention,0.25321632181585696,0.10053440213760856,0.0,0.0,0.38742578790539883,0.6608361643572943,2.4000000000000004,At Risk,0.018407818713149927,0.09523809523809523,0.0
U0067,churned,2,Social Engagers,0.34286797586291146,0.5040080160320641,1.0,0.0,0.5474537089159593,0.5049175123545936,3.1999999999999997,Promising,0.003265408814928621,0.06060606060606061,0.5
U0068,trial,2,Social Engagers,0.4147043129771211,0.7792251169004677,1.0,1.0,0.4148056412450369,0.5128795398733018,3.2,Promising,0.03794480996421473,0.05454545454545454,1.0
U0069,inactive,2,Social Engagers,0.2575294655123964,0.5283901135604543,1.0,0.0,0.5152814993282445,0.6539929589904345,3.0,Promising,0.01929504089883881,0.11904761904761904,0.5
U0070,churned,2,Social Engagers,0.3303937507447379,0.79124916499666,1.0,1.0,0.3148446706146375,0.6570828984893275,3.1,Promising,0.04065595433249783,0.058823529411764705,1.0
U0071,trial,0,Needs Attention,0.21808656628512846,0.1843687374749499,0.0,0.0,0.39298296968468777,0.7372331666119016,2.1999999999999997,At Risk,0.010810376869811816,0.1,0.0
U0072,trial,0,Needs Attention,0.37838780183275683,0.3643954575818303,0.0,1.0,0.24267261113988278,0.7048822125173672,3.5,Potential Loyalist,0.06378944997043084,0.38461538461538464,0.5
U0073,churned,0,Needs Attention,0.49183444303817536,0.3770875083500334,0.0,1.0,0.2553646619080858,0.636814227794116,3.5,Potential Loyalist,0.21457719338700976,0.38461538461538464,0.5
U0074,paid,0,Needs Attention,0.24059935888584463,0.5370741482965932,0.0,1.0,0.36741122694827855,0.774789320838706,2.5,Needs Attention,0.041336329483220205,0.16666666666666666,0.5
U0075,paid,2,Social Engagers,0.4210977384116169,0.9702738810955244,1.0,1.0,0.4863787500093821,0.6111711441870724,3.7,Potential Loyalist,0.07258328508190796,0.0625,1.0
U0076,churned,0,Needs Attention,0.31384839417514493,0.6369405477621911,0.0,1.0,0.44592931180713485,0.6542441549842748,4.1,Loyal,0.017764506376620574,0.0,0.5
U0077,trial,0,Needs Attention,0.19803829496260444,0.017368069472277887,0.0,0.0,0.2859073953149745,0.6811770230224372,1.3,Lost,0.006297173175981511,0.06521739130434782,0.0
U0078,trial,0,Needs Attention,0.32500105638959315,0.4986639946559786,0.0,1.0,0.3368662418469899,0.6815951108470952,3.4,Promising,0.03945807536341175,0.06896551724137931,0.5
U0079,trial,3,Segment 3,0.5281052945664115,0.4094856379425518,0.0,1.0,0.3046167240848739,0.4278176743239828,2.5,Needs Attention,0.05535569487087379,0.0,0.5
U0080,churned,0,Needs Attention,0.284540830781309,0.5467601870407481,0.0,1.0,0.47522460651640364,0.5697010334461082,2.7,Needs Attention,0.016834773383492364,0.016129032258064516,0.5
U0081,paid,0,Needs Attention,0.18727559339383085,0.4038076152304609,0.0,1.0,0.3135454429458167,0.649336771623276,2.4000000000000004,At Risk,0.003569027743082737,0.017543859649122806,0.5
U0082,trial,5,Social Engagers,0.6317193360022719,0.5991983967935872,1.0,0.0,0.3887115054078194,0.5528832920156581,4.4,Loyal,0.31792504525456156,0.125,0.5
U0083,trial,0,Needs Attention,0.1576267746320788,0.2638610554442218,0.0,0.0,0.5698535648075177,0.662870743731391,2.5,Needs Attention,0.005794517273142811,0.05357142857142857,0.0
U0084,trial,0,Needs Attention,0.3798981394600758,0.16800267201068805,0.0,0.0,0.2350438705125607,0.733763243983529,3.3000000000000003,Promising,0.1867593800484152,0.1,0.0
U0085,trial,0,Needs Attention,0.20094925244247375,0.49832999331997324,0.0,1.0,0.34027755886304445,0.7517708740664306,3.0,Promising,0.010718930891640352,0.06666666666666667,0.5
U0086,paid,3,Segment 3,0.4304961613426399,0.6179024716098864,0.0,1.0,0.541123445392658,0.6225533670242033,2.8,Needs Attention,0.0691368021108043,0.2,0.5
U0087,paid,0,Needs Attention,0.26266023735398103,0.5571142284569138,0.0,1.0,0.7346423183445543,0.46793577248122836,2.7,Needs Attention,0.010175225405228553,0.07142857142857142,0.5
U0088,churned,1,At-Risk Users,0.23528439871684714,0.2882431529726119,0.0,0.0,0.46989109304751825,0.8247868075784024,3.8,Potential Loyalist,0.14499017734483977,1.0,0.0
U0089,paid,0,Needs Attention,0.290631208503783,0.07748830995323981,0.0,0.0,0.517188684485075,0.5320042536211345,1.2999999999999998,Lost,0.015436977235757104,0.09230769230769231,0.0
U0090,trial,3,Segment 3,0.45676603296896684,0.3567134268537074,0.0,1.0,0.2364887077525838,0.5216850610696837,2.9,Needs Attention,0.054456958656741515,0.02040816326530612,0.5
U0091,paid,1,At-Risk Users,0.38962242919050794,0.5724782899131596,0.0,1.0,0.2799689266172795,0.757715904187823,3.5,Potential Loyalist,0.5972238412060072,0.3333333333333333,0.5
U0092,churned,0,Needs Attention,0.2663385920850616,0.06279225116900468,0.0,0.0,0.4609195919929747,0.6274308873021546,1.7,Lost,0.020879658403781778,0.15555555555555556,0.0
U0093,paid,2,Social Engagers,0.15176039806191186,0.5544422177688711,1.0,0.0,0.3364646896789834,0.8493692930777466,2.8,Needs Attention,0.021729998782231186,0.14285714285714285,0.5
U0094,churned,3,Segment 3,0.45669931483524584,0.002338009352037408,0.0,0.0,0.17761890822844192,0.5983208366307674,2.4,At Risk,0.08437054174326462,0.06666666666666667,0.0
U0095,paid,3,Segment 3,0.49948898238901235,0.4438877755511022,0.0,1.0,0.46149077180578385,0.4066895892899969,2.5,Needs Attention,0.0461084839655291,0.04411764705882353,0.5
U0096,paid,0,Needs Attention,0.3482222875994559,0.2040748162992652,0.0,0.0,0.4010785616176173,0.7059602444616031,2.9,Needs Attention,0.08364060371335424,0.2222222222222222,0.0
U0097,paid,5,Social Engagers,0.40599023515421695,0.6716766867067469,1.0,1.0,0.3668077728490689,0.48406543337555497,1.4000000000000001,Lost,0.030722564986913007,0.06451612903225806,1.0
U0098,trial,0,Needs Attention,0.3176359229484998,0.22211088844355378,0.0,0.0,0.42360901578437776,0.6519716377202618,2.2,At Risk,0.013414116262861151,0.05405405405405406,0.0
U0099,trial,5,Social Engagers,0.5095526328741369,0.5564462257849031,1.0,0.0,0.3463338662343413,0.5921407607010498,2.5,Needs Attention,0.08552897118355567,0.04,0.5
U0100,trial,0,Needs Attention,0.33059929964278056,0.03072812291249165,0.0,0.0,0.3067580854593081,0.5931297819164594,2.1,At Risk,0.03003494396205056,0.0625,0.0
U0101,paid,2,Social Engagers,0.16056107478460868,0.4205076820307281,1.0,0.0,0.39354138989589665,0.6270676104483837,1.7000000000000002,Lost,0.003207602693961926,0.03076923076923077,0.5
U0102,trial,0,Needs Attention,0.2565670238193798,0.5163660654642618,0.0,1.0,0.511122619771378,0.6120172325168828,2.7,Needs Attention,0.015133523001341208,0.07547169811320754,0.5
U0103,paid,2,Social Engagers,0.2885775922860384,0.7201068804275218,1.0,1.0,0.5122417118881958,0.47791727441561094,2.2,At Risk,0.008908004116453956,0.06329113924050633,1.0
U0104,inactive,5,Social Engagers,0.38957514061040815,0.783567134268537,1.0,1.0,0.4198967222835184,0.45987193691035083,2.9,Needs Attention,0.023830132255210728,0.0136986301369863,1.0
U0105,trial,0,Needs Attention,0.25986490040719906,0.39111556446225787,0.0,1.0,0.34355002139109675,0.7589746767769572,2.3,At Risk,0.059656076574947224,0.4666666666666667,0.5
U0106,paid,5,Social Engagers,0.4763190990677726,0.7722110888443554,1.0,1.0,0.3853197030765651,0.501442583112528,2.8000000000000003,Needs Attention,0.05908501904021542,0.061224489795918366,1.0
U0107,churned,3,Segment 3,0.2795385562079326,0.6459585838343354,0.0,1.0,0.6718012804635488,0.4620641003177936,2.2,At Risk,0.008474941759441636,0.011363636363636364,0.5
U0108,trial,0,Needs Attention,0.2978926825641227,0.0056780227120908485,0.0,0.0,0.5232810189667726,0.5063707734402497,2.2,At Risk,0.012005895814901161,0.11764705882352941,0.0
U0109,trial,0,Needs Attention,0.1879882473631204,0.4953239812959252,0.0,1.0,0.2698558165019177,0.8361432217948938,2.5,Needs Attention,0.03927785394902755,0.16666666666666666,0.5
U0110,trial,2,Social Engagers,0.33500271892975475,0.45557782231128924,1.0,0.0,0.4394729533974316,0.543679219705977,3.2,Promising,0.010000357777114917,0.05084745762711865,0.5
U0111,trial,0,Needs Attention,0.23422595644974062,0.11690046760187041,0.0,0.0,0.35173192827602767,0.6977622984705811,1.6,Lost,0.01921665376649234,0.08108108108108109,0.0
U0112,inactive,2,Social Engagers,0.30790760327816635,0.8426853707414829,1.0,1.0,0.6007378051984118,0.5386596933522491,2.7,Needs Attention,0.020420209579898433,0.09836065573770492,1.0
U0113,churned,0,Needs Attention,0.20279324848984254,0.624248496993988,0.0,1.0,0.5148852011138382,0.6953453275018392,2.5,Needs Attention,0.012746018163708106,0.046511627906976744,0.5
U0114,paid,3,Segment 3,0.4859494604108915,0.4782899131596527,0.0,1.0,0.5367168794517875,0.40204734503006084,2.8,Needs Attention,0.04415713706117097,0.05714285714285714,0.5
U0115,churned,2,Social Engagers,0.2399935479031895,0.644622578490314,1.0,0.0,0.48694467586859114,0.6943017435985118,2.5,Needs Attention,0.018997784473674076,0.02564102564102564,0.5
U0116,churned,0,Needs Attention,0.23008355883924012,0.4231796927187708,0.0,1.0,0.4291722020820667,0.6151413540581581,2.8000000000000003,Needs Attention,0.0061133679591901064,0.07142857142857142,0.5
U0117,trial,2,Social Engagers,0.32577073794879263,0.9572478289913159,1.0,1.0,0.5894575668190313,0.5364524508477457,3.4000000000000004,Promising,0.021180538389728505,0.031746031746031744,1.0
U0118,churned,3,Segment 3,0.45056080251378305,0.02237808951235805,0.0,0.0,0.29091741535505466,0.5296635184917302,1.3,Lost,0.03983541149968244,0.06521739130434782,0.0
U0119,paid,3,Segment 3,0.34727676101960253,0.34301937207748834,0.0,1.0,0.5688620687067018,0.3958892625371746,1.0,Lost,0.011135046629318334,0.07954545454545454,0.5
U0120,churned,0,Needs Attention,0.2470022000020239,0.10521042084168336,0.0,0.0,0.27599693769561595,0.7964795310626154,2.6,Needs Attention,0.07326722573309546,0.36363636363636365,0.0
U0121,churned,0,Needs Attention,0.30965063550629884,0.6072144288577155,0.0,1.0,0.635678848333371,0.5418691931643058,3.8,Potential Loyalist,0.010238538790208541,0.06451612903225806,0.5
U0122,trial,3,Segment 3,0.3192067288011146,0.2458249832999332,0.0,0.0,0.697135844723154,0.46805043080443753,2.7,Needs Attention,0.01744482321627505,0.06493506493506493,0.0
U0123,trial,3,Segment 3,0.5709688075732563,0.05444221776887107,0.0,0.0,0.14432985821830926,0.5595463750305143,3.1999999999999997,Promising,0.1662745405597312,0.0,0.0
U0124,trial,3,Segment 3,0.38989243145059527,0.3089512358049432,0.0,0.0,0.671123520449138,0.4596815624062386,2.6,Needs Attention,0.025261093909501816,0.04225352112676056,0.0
U0125,paid,0,Needs Attention,0.22104079446613614,0.43987975951903807,0.0,1.0,0.33089099547409423,0.6503542467245736,1.6,Lost,0.006334921287410169,0.019230769230769232,0.5
U0126,churned,1,At-Risk Users,0.2579298893946784,0.3376753507014028,0.0,1.0,0.1822446390909159,0.8154548323206396,2.5999999999999996,Needs Attention,0.2203667881925467,1.25,0.5
U0127,churned,0,Needs Attention,0.35600038300281794,0.09285237140948564,0.0,0.0,0.34341416916229467,0.5395912595600113,2.8000000000000003,Needs Attention,0.02574965431374287,0.01694915254237288,0.0
U0128,trial,5,Social Engagers,0.44695527284812386,0.8106212424849698,1.0,1.0,0.5432055121478913,0.4169332192698491,2.8,Needs Attention,0.036379918382494665,0.05555555555555555,1.0
U0129,paid,2,Social Engagers,0.33476831979440425,0.889445557782231,1.0,1.0,0.42727327313803637,0.7055219868467617,3.7,Potential Loyalist,0.07138276327096224,0.2,1.0
U0130,paid,2,Social Engagers,0.3418196840856642,0.5447561790247161,1.0,0.0,0.47696591685243145,0.5310784023145589,3.1,Promising,0.021392224344130024,0.015873015873015872,0.5
U0131,trial,0,Needs Attention,0.3483832423497525,0.42084168336673344,0.0,1.0,0.5193435560259095,0.5399062248029145,2.8000000000000003,Needs Attention,0.026427744149476795,0.12962962962962962,0.5
U0132,trial,2,Social Engagers,0.2059312422291415,0.894121576486306,1.0,1.0,0.6341964828533472,0.5530369993433661,1.9,Lost,0.006640854306039748,0.05405405405405406,1.0
U0133,trial,0,Needs Attention,0.137589227804307,0.17401469605878425,0.0,0.0,0.41708585710747337,0.6791485909769903,1.9,Lost,0.004478023665504927,0.017543859649122806,0.0
U0134,inactive,3,Segment 3,0.6236682175536096,0.6549766199064796,0.0,1.0,0.688309953239813,0.2470756652125151,3.8,Potential Loyalist,0.056434203668254856,0.011111111111111112,0.5
U0135,trial,3,Segment 3,0.364058447880929,0.3904475617902472,0.0,1.0,0.24026029587264416,0.6113521653139958,1.3,Lost,0.014061844513563302,0.024390243902439025,0.5
U0136,paid,1,At-Risk Users,0.27459285370789566,0.11923847695390782,0.0,0.0,0.2933957803246943,0.8097123728816455,3.3000000000000003,Promising,0.31927019020209785,1.6666666666666667,0.0
U0137,paid,2,Social Engagers,0.24982920668711409,0.33734134936539745,1.0,0.0,0.12273460779236374,0.8203152419451784,3.4,Promising,0.03917664951885907,0.5,0.5
U0138,trial,0,Needs Attention,0.13487920167840417,0.5751503006012024,0.0,1.0,0.29013157400944206,0.9020512023972129,3.0999999999999996,Promising,0.03920668556625882,0.2,0.5
U0139,inactive,1,At-Risk Users,0.6016534424900265,0.22444889779559118,0.0,0.0,0.3727635045371642,0.6092207004634309,4.7,Champions,0.9342389361851071,0.8,0.0
U0140,inactive,0,Needs Attention,0.2703319137783402,0.07715430861723448,0.0,0.0,0.5089895146097438,0.5867370219457618,2.8000000000000003,Needs Attention,0.01406701076652008,0.12962962962962962,0.0
U0141,trial,0,Needs Attention,0.37854630434899084,0.49198396793587174,0.0,1.0,0.3642686121306283,0.5771275365395417,3.1,Promising,0.03812614364933629,0.02127659574468085,0.5
U0142,paid,2,Social Engagers,0.25338403158865125,0.8236472945891783,1.0,1.0,0.5790780061996652,0.47350149594042623,2.4000000000000004,At Risk,0.00890318749068227,0.034482758620689655,1.0
U0143,trial,3,Segment 3,0.47264867586489623,0.386439545758183,0.0,1.0,0.29954815999039275,0.50790015618319,1.3,Lost,0.03973317578079511,0.04081632653061224,0.5
U0144,trial,2,Social Engagers,0.4036843516452046,0.5464261857047429,1.0,0.0,0.2763887325212222,0.7237468358213879,4.4,Loyal,0.184232661132,0.1111111111111111,0.5
U0145,trial,0,Needs Attention,0.2892115334898358,0.1867067468269873,0.0,0.0,0.35786779551612585,0.737111377778439,3.0,Promising,0.0542054203296982,0.15,0.0
U0146,paid,5,Social Engagers,0.4738147442868986,0.7535070140280561,1.0,1.0,0.37822611515165167,0.4561366853427544,3.2,Promising,0.04760751242184928,0.03278688524590164,1.0
U0147,paid,3,Segment 3,0.499985338775427,0.19104876419505679,0.0,0.0,0.4517229214984275,0.5425619882241055,3.5,Potential Loyalist,0.0609741083465747,0.11428571428571428,0.0
U0148,trial,2,Social Engagers,0.24122211575053487,0.5447561790247161,1.0,0.0,0.4282767782756524,0.6467560922518067,3.0,Promising,0.01339009292236586,0.02,0.5
U0149,trial,0,Needs Attention,0.3240678756739198,0.5340681362725451,0.0,1.0,0.6041055894560657,0.452367785233946,3.1,Promising,0.01605755730327809,0.036585365853658534,0.5
U0150,inactive,5,Social Engagers,0.46197506720890713,0.4529058116232465,1.0,0.0,0.38137023109890195,0.4632404915895494,1.2999999999999998,Lost,0.022197705348729564,0.016129032258064516,0.5
U0151,trial,0,Needs Attention,0.19067146611054944,0.4181696726786907,0.0,1.0,0.17809476631164953,0.8175120139506916,1.9,Lost,0.02580521105187319,0.058823529411764705,0.5
U0152,trial,3,Segment 3,0.42757378919836786,0.20073480293921175,0.0,0.0,0.6265774995684252,0.36473232222566015,3.5,Potential Loyalist,0.025737062982147018,0.03409090909090909,0.0
U0153,paid,1,At-Risk Users,0.2727844651022257,0.8383433533734136,1.0,1.0,0.24583399007753334,0.823563363491856,2.8,Needs Attention,0.303630512734247,0.6666666666666666,1.0
U0154,inactive,2,Social Engagers,0.2705866783108544,0.42651970607882433,1.0,0.0,0.442624574992682,0.680201184502849,2.4000000000000004,At Risk,0.028849977694485156,0.21875,0.5
U0155,trial,0,Needs Attention,0.13814286035579357,0.038744154976619906,0.0,0.0,0.283687975201339,0.8447738582546089,1.9000000000000001,Lost,0.016380863238372324,0.46153846153846156,0.0
U0156,paid,2,Social Engagers,0.34485703473280455,0.8700734802939212,1.0,1.0,0.5663281619418613,0.41861769405393423,2.7,Needs Attention,0.017582660344081825,0.011235955056179775,1.0
U0157,churned,0,Needs Attention,0.14175822323840795,0.05377421509686039,0.0,0.0,0.3901038031118416,0.6043067681846148,1.0,Lost,0.003173864957195433,0.0273972602739726,0.0
U0158,trial,0,Needs Attention,0.29819308649848797,0.28423513694054775,0.0,0.0,0.6018381331952294,0.5317224459732477,2.6,Needs Attention,0.017055142933225412,0.029411764705882353,0.0
U0159,paid,5,Social Engagers,0.4770406461250374,0.6292585170340681,1.0,0.0,0.41128098894418047,0.6542011442398712,3.9000000000000004,Potential Loyalist,0.19334677420784005,0.14285714285714285,0.5
U0160,trial,2,Social Engagers,0.4580823982694784,0.996993987975952,1.0,1.0,0.40111383816321783,0.6825973695489513,4.3,Loyal,0.24600901203189782,0.09090909090909091,1.0
U0161,paid,3,Segment 3,0.445202780022419,0.43253173012692053,0.0,1.0,0.37185757282354964,0.49458045964612307,2.8000000000000003,Needs Attention,0.04593877214859066,0.03571428571428571,0.5
U0162,paid,2,Social Engagers,0.3508778660741851,0.6389445557782231,1.0,0.0,0.6194689003475115,0.5043668973767655,3.8,Potential Loyalist,0.017980306560984465,0.029850746268656716,0.5
U0163,paid,2,Social Engagers,0.2862665710040226,0.43219772879091517,1.0,0.0,0.27039997598192644,0.7048358020784375,3.1,Promising,0.02330275463354102,0.06896551724137931,0.5
U0164,trial,2,Social Engagers,0.22282469684585218,0.5313961255845023,1.0,0.0,0.29469200573431503,0.8280073095520633,4.0,Loyal,0.02967702529443113,0.2222222222222222,0.5
U0165,churned,2,Social Engagers,0.35932610229544837,0.45257181028724114,1.0,0.0,0.4330961548565295,0.4992979556440076,2.9,Needs Attention,0.019723312973387835,0.029850746268656716,0.5
U0166,trial,5,Social Engagers,0.569790968274716,0.8867735470941884,1.0,1.0,0.30999452087695994,0.5602530786096385,4.1,Loyal,0.16964917936061577,0.0,1.0
U0167,trial,3,Segment 3,0.3989418154803035,0.5060120240480962,0.0,1.0,0.4869109004525905,0.44148597454160515,2.8,Needs Attention,0.027539029713702694,0.013157894736842105,0.5
U0168,trial,3,Segment 3,0.539240372991997,0.459251837007348,0.0,1.0,0.412809889441805,0.48922173365161026,3.1,Promising,0.08894209294288255,0.09523809523809523,0.5
U0169,paid,0,Needs Attention,0.34520606898373823,0.23246492985971945,0.0,0.0,0.36242747667619885,0.7503231671203954,4.4,Loyal,0.1251420342210767,0.3333333333333333,0.0
U0170,paid,2,Social Engagers,0.1239081990406393,0.47528390113560454,1.0,0.0,0.5340853992629454,0.5852295486607227,1.5999999999999999,Lost,0.0026325131970279443,0.0379746835443038,0.5
U0171,trial,2,Social Engagers,0.11552924947124693,0.5881763527054108,1.0,0.0,0.5675771017690813,0.7477037269129965,2.2,At Risk,0.00239323193810793,0.125,0.5
U0172,paid,0,Needs Attention,0.18285738125201942,0.5123580494321978,0.0,1.0,0.40224568988163595,0.7753919542275117,2.1999999999999997,At Risk,0.01646738905801496,0.16,0.5
U0173,trial,0,Needs Attention,0.17689450049736472,0.1843687374749499,0.0,0.0,0.1993500108831896,0.8810973422547725,3.1999999999999997,Promising,0.06427681172043992,0.0,0.0
U0174,paid,5,Social Engagers,0.4561135158969306,0.3894455577822311,1.0,0.0,0.19356540796949706,0.6752680606746077,3.0999999999999996,Promising,0.24819323665325158,0.2727272727272727,0.5
U0175,trial,0,Needs Attention,0.3037830203051561,0.17167668670674682,0.0,0.0,0.45557181779288913,0.5666663580296722,3.1,Promising,0.015044850467811203,0.03389830508474576,0.0
U0176,paid,3,Segment 3,0.470061439189873,0.45457581830327315,0.0,1.0,0.5470851815991534,0.3392397322307571,2.9,Needs Attention,0.03057191647147511,0.03409090909090909,0.5
U0177,trial,3,Segment 3,0.3306988550319596,0.22778891115564462,0.0,0.0,0.7199237426163188,0.4483891976191221,3.1,Promising,0.01753753897824549,0.0759493670886076,0.0
U0178,inactive,2,Social Engagers,0.09692481528950225,0.47661990647962593,1.0,0.0,0.3485300188391765,0.7801429831667241,1.9,Lost,0.0030189354761670684,0.05263157894736842,0.5
U0179,trial,0,Needs Attention,0.21133043154705647,0.18971275885103542,0.0,0.0,0.5889636951806234,0.5583081240504895,2.0,At Risk,0.0077693190599135275,0.05555555555555555,0.0
U0180,trial,1,At-Risk Users,0.5303817042076617,0.02738810955243821,0.0,0.0,0.20903604962734457,0.6477284242839136,3.8,Potential Loyalist,0.7256746561875995,1.0,0.0
U0181,trial,0,Needs Attention,0.2061907913431322,0.10988643954575818,0.0,0.0,0.4859164020925746,0.6550089294494398,1.6,Lost,0.011785220611393706,0.125,0.0
U0182,inactive,0,Needs Attention,0.127931252915879,0.5637942551770206,0.0,1.0,0.6304609218436874,0.5402625248462173,1.9,Lost,0.0017779712949908002,0.022222222222222223,0.5
U0183,churned,2,Social Engagers,0.347245207196001,0.7107548430193721,1.0,1.0,0.20775858833772412,0.7108018118526122,3.1999999999999997,Promising,0.04335582746136225,0.16666666666666666,1.0
U0184,trial,0,Needs Attention,0.24924876391197728,0.19939879759519039,0.0,0.0,0.49115909722065854,0.5568337203762179,1.9,Lost,0.011269853764226378,0.014285714285714285,0.0
U0185,paid,0,Needs Attention,0.37189301928339225,0.48563794255177023,0.0,1.0,0.4538027365592609,0.6066514224725179,3.1,Promising,0.04625555218042952,0.13513513513513514,0.5
U0186,churned,0,Needs Attention,0.3443635505655194,0.4509018036072144,0.0,1.0,0.5385422530454167,0.5210414441287735,2.8000000000000003,Needs Attention,0.02297464835831459,0.1,0.5
U0187,paid,0,Needs Attention,0.2628255655480651,0.5945223780895124,0.0,1.0,0.5705523406363288,0.6295387032243525,2.2,At Risk,0.017901410248923406,0.08333333333333333,0.5
U0188,paid,0,Needs Attention,0.1980184439010141,0.44789579158316634,0.0,1.0,0.4992066530063873,0.5492740400423702,1.7000000000000002,Lost,0.006069922326713433,0.03896103896103896,0.5
U0189,trial,2,Social Engagers,0.22525573961426304,0.3643954575818303,1.0,0.0,0.26551905308744833,0.7371869817633571,1.5999999999999999,Lost,0.012024960584517057,0.14285714285714285,0.5
U0190,trial,5,Social Engagers,0.34429272640658803,0.7939211756847028,1.0,1.0,0.6486028236247776,0.4742754279858344,1.5999999999999999,Lost,0.018573451949202,0.11594202898550725,1.0
U0191,churned,3,Segment 3,0.4339717262347077,0.2895791583166333,0.0,0.0,0.6408900197398543,0.41195738979109026,3.0,Promising,0.030321579689998976,0.025974025974025976,0.0
U0192,inactive,2,Social Engagers,0.24069764911584748,0.5875083500334002,1.0,0.0,0.7204671515315275,0.4981346020198532,2.7,Needs Attention,0.008209549697837777,0.06172839506172839,0.5
U0193,paid,5,Social Engagers,0.38535070042508657,0.7648630594522379,1.0,1.0,0.31093047518257494,0.5985768137875013,2.8000000000000003,Needs Attention,0.04880155021715861,0.05,1.0
U0194,trial,0,Needs Attention,0.10319027780835377,0.39913159652638613,0.0,1.0,0.36392560401702284,0.7380858333149878,1.3,Lost,0.0027951644233540377,0.08888888888888889,0.5
U0195,trial,3,Segment 3,0.4877443077439057,0.026052104208416832,0.0,0.0,0.3878498570174056,0.43501298982174175,2.2,At Risk,0.04860670014228249,0.06451612903225806,0.0
U0196,paid,5,Social Engagers,0.4225173135642678,0.5594522378089511,1.0,0.0,0.5062687172097003,0.4996811012231414,3.4000000000000004,Promising,0.040299696502775456,0.034482758620689655,0.5
U0197,churned,0,Needs Attention,0.06374992582609589,0.5170340681362725,0.0,1.0,0.5308917460388943,0.672388342376683,1.5999999999999999,Lost,0.0008602022189919253,0.04477611940298507,0.5
U0198,churned,2,Social Engagers,0.2371220849800184,0.9402137608550434,1.0,1.0,0.6462062702183392,0.6066629192247549,2.5,Needs Attention,0.012964800381160812,0.08928571428571429,1.0
U0199,churned,5,Social Engagers,0.41464522660344255,0.737808951235805,1.0,1.0,0.283876366966142,0.5810000980804877,2.8000000000000003,Needs Attention,0.056394237076298835,0.05,1.0
U0200,paid,5,Social Engagers,0.47342149347376683,0.8810955243820975,1.0,1.0,0.460496273445768,0.5414790188093569,3.8,Potential Loyalist,0.07246555709415924,0.075,1.0
U0201,trial,5,Social Engagers,0.343651154624296,0.8897795591182365,1.0,1.0,0.5410904205414574,0.47040505190627346,3.5,Potential Loyalist,0.014347850104154099,0.012987012987012988,1.0
U0202,trial,0,Needs Attention,0.32108650107736836,0.3299933199732799,0.0,0.0,0.6165101739058642,0.6541566099918769,4.1,Loyal,0.024026343986718424,0.15151515151515152,0.0
U0203,churned,0,Needs Attention,0.4064050304407505,0.2982631930527722,0.0,0.0,0.3503231181464052,0.7348803859908688,5.0,Champions,0.32870702182248,0.16666666666666666,0.0
U0204,paid,0,Needs Attention,0.23886742725394006,0.052772211088844355,0.0,0.0,0.47861490771805787,0.47795613939231685,1.0,Lost,0.006877771174618877,0.03409090909090909,0.0
U0205,trial,2,Social Engagers,0.25575491993417027,0.9448897795591181,1.0,1.0,0.4123055098961969,0.7656959842097106,4.0,Loyal,0.032025965902607145,0.10526315789473684,1.0
U0206,trial,0,Needs Attention,0.18511801368675435,0.24649298597194388,0.0,0.0,0.7090398024513446,0.5357377024262453,2.3,At Risk,0.00472776975950425,0.0625,0.0
U0207,paid,5,Social Engagers,0.5032232706905369,0.8523714094856379,1.0,1.0,0.5317721585493084,0.5108319950324864,3.5,Potential Loyalist,0.08276443504267175,0.15,1.0
U0208,trial,5,Social Engagers,0.43734903863935853,0.7334669338677354,1.0,1.0,0.3173620649538778,0.49078206617808695,3.2,Promising,0.023716867401025136,0.01694915254237288,1.0
U0209,trial,3,Segment 3,0.47292301001983467,0.0070140280561122245,0.0,0.0,0.4242424924755879,0.4481610876051204,1.3,Lost,0.023967653527114222,0.1016949152542373,0.0
U0210,paid,0,Needs Attention,0.3954521102869511,0.11289245156980628,0.0,0.0,0.3555890807832894,0.5584734146788932,2.4000000000000004,At Risk,0.04170775140809265,0.041666666666666664,0.0
U0211,paid,2,Social Engagers,0.40854176362118866,0.7471609886439546,1.0,1.0,0.36364038939301824,0.5718962184230315,3.2,Promising,0.03293395444649246,0.0975609756097561,1.0
U0212,paid,2,Social Engagers,0.27793726185123735,0.5804943219772879,1.0,0.0,0.35877147553534033,0.7779184939530874,3.2,Promising,0.07844229513231099,0.15384615384615385,0.5
U0213,trial,0,Needs Attention,0.3773814666062163,0.30227120908483635,0.0,0.0,0.6003985499088064,0.5735711200362702,4.1,Loyal,0.03491209757994153,0.08888888888888889,0.0
U0214,paid,0,Needs Attention,0.25066826322792735,0.41249164996659987,0.0,1.0,0.4754129982812066,0.47087563780792446,1.7000000000000002,Lost,0.009340199953976468,0.02247191011235955,0.5
U0215,trial,0,Needs Attention,0.19491230025828046,0.04943219772879092,0.0,0.0,0.3108554187025737,0.6575207049514147,1.3,Lost,0.009570309243509644,0.03773584905660377,0.0
U0216,trial,3,Segment 3,0.5953150534734288,0.2618570474281897,0.0,0.0,0.5154150998626467,0.4598322445116874,3.4000000000000004,Promising,0.09830576591254929,0.07142857142857142,0.0
U0217,paid,3,Segment 3,0.3953344661476295,0.19305277221108885,0.0,0.0,0.5252625100388042,0.49045889477950744,2.8,Needs Attention,0.03166644771768868,0.047619047619047616,0.0
U0218,paid,2,Social Engagers,0.17543202685718323,0.6686706746826987,1.0,1.0,0.23271561850292344,0.7713365285665412,2.0,At Risk,0.011528742431037511,0.14814814814814814,1.0
U0219,churned,0,Needs Attention,0.25942635464569597,0.41082164328657317,0.0,1.0,0.24939842231279039,0.6868973787019441,2.8000000000000003,Needs Attention,0.009240527707653014,0.02631578947368421,0.5
U0220,paid,5,Social Engagers,0.36187518713605205,0.9565798263193054,1.0,1.0,0.5442202757575075,0.5318110579311347,2.9,Needs Attention,0.026664901033223967,0.016666666666666666,1.0
U0221,paid,5,Social Engagers,0.49840877450629184,0.9348697394789579,1.0,1.0,0.3573416495913175,0.6711675012536717,3.4,Promising,0.29720828205611755,0.2857142857142857,1.0
U0222,trial,3,Segment 3,0.43657263614044617,0.2561790247160989,0.0,0.0,0.3044936314576719,0.7210351417199876,3.5,Potential Loyalist,0.42323438736199454,0.2,0.0
U0223,trial,0,Needs Attention,0.3944820358231861,0.5263861055444222,0.0,1.0,0.45784677970172555,0.5675660976550245,3.1,Promising,0.0454828895424443,0.06666666666666667,0.5
U0224,trial,2,Social Engagers,0.2726217412607551,0.5875083500334002,1.0,0.0,0.5343248294341492,0.589618444605249,3.4000000000000004,Promising,0.013506174003797493,0.034482758620689655,0.5
U0225,trial,0,Needs Attention,0.3679475103741745,0.3587174348697395,0.0,1.0,0.20441031876487056,0.647316600158474,3.1999999999999997,Promising,0.04647216720541435,0.06451612903225806,0.5
U0226,inactive,0,Needs Attention,0.317692741930314,0.1629926519706079,0.0,0.0,0.3120563223825929,0.7115120144162798,3.4,Promising,0.04590817840118038,0.08695652173913043,0.0
U0227,trial,2,Social Engagers,0.22862675423448325,0.97561790247161,1.0,1.0,0.4625092882394002,0.6926111815018632,2.5,Needs Attention,0.013567957500812508,0.0,1.0
U0228,churned,2,Social Engagers,0.3960004955810147,0.6953907815631263,1.0,1.0,0.19576531339833225,0.7113358728641572,3.0999999999999996,Promising,0.20624724781926834,0.4,1.0
U0229,paid,5,Social Engagers,0.4655626187013696,0.5881763527054108,1.0,0.0,0.5376145549526018,0.5717262585664122,2.5999999999999996,Needs Attention,0.0723918345891804,0.15625,0.5
U0230,churned,2,Social Engagers,0.09600968108924747,0.9893119572478289,1.0,1.0,0.6840685115549451,0.704096319006026,2.5,Needs Attention,0.0021048496893352944,0.09433962264150944,1.0
U0231,paid,0,Needs Attention,0.4107675580415295,0.4071476285905144,0.0,1.0,0.34909519413358553,0.6131139332601887,3.5,Potential Loyalist,0.058941512829775916,0.16666666666666666,0.5
U0232,paid,0,Needs Attention,0.2419190872355254,0.47094188376753504,0.0,1.0,0.37993064781247887,0.684635781701238,2.7,Needs Attention,0.017321182549732875,0.07692307692307693,0.5
U0233,paid,0,Needs Attention,0.24015895813602145,0.5280561122244488,0.0,1.0,0.37374899611957996,0.7239897315013658,2.5,Needs Attention,0.023928097735923484,0.06451612903225806,0.5
U0234,trial,2,Social Engagers,0.24321538526534625,0.4004676018704075,1.0,0.0,0.4705050550539281,0.5008792794790901,1.2999999999999998,Lost,0.007564262282428265,0.036585365853658534,0.5
U0235,paid,1,At-Risk Users,0.48956813178479597,0.6432865731462926,1.0,0.0,0.4136985581650192,0.6934931634823138,4.6,Champions,1.5162618425281251,1.5,0.5
U0236,trial,2,Social Engagers,0.28215193879603356,0.8570474281897127,1.0,1.0,0.6454369412983271,0.48602798565855004,1.5999999999999999,Lost,0.012300636105699318,0.0641025641025641,1.0
U0237,trial,2,Social Engagers,0.38307519614872143,0.7585170340681362,1.0,1.0,0.40982789549135723,0.44675062699161827,2.5,Needs Attention,0.025045077817831208,0.012987012987012988,1.0
U0238,paid,5,Social Engagers,0.4999283498428565,0.40681362725450904,1.0,0.0,0.14801212912716818,0.6532344794559882,3.0000000000000004,Promising,0.24204939724311383,0.08333333333333333,0.5
U0239,trial,0,Needs Attention,0.2729977259612199,0.052104208416833664,0.0,0.0,0.2944263057951108,0.6659885984658213,1.3,Lost,0.018543362001210668,0.07692307692307693,0.0
U0240,inactive,2,Social Engagers,0.36080712092328143,0.39345357381429524,1.0,0.0,0.30356593336485704,0.5111753019141162,2.2,At Risk,0.02389952162914296,0.0,0.5
U0241,inactive,0,Needs Attention,0.29844109912978645,0.24181696726786905,0.0,0.0,0.3534274541592548,0.7656161915859578,4.0,Loyal,0.08084901364601967,0.15384615384615385,0.0
U0242,inactive,0,Needs Attention,0.2283564796216794,0.3760855043420173,0.0,1.0,0.27795816351804736,0.6672414313759286,2.1,At Risk,0.012138091326807838,0.043478260869565216,0.5
U0243,trial,3,Segment 3,0.49641110037964165,0.4141616566466266,0.0,1.0,0.21153993380018465,0.5915150418998745,3.5,Potential Loyalist,0.1191263553319187,0.037037037037037035,0.5
U0244,trial,2,Social Engagers,0.24538623500983928,0.9769539078156312,1.0,1.0,0.53687900144859,0.7676618760153731,2.8,Needs Attention,0.04522750657292594,0.29411764705882354,1.0
U0245,inactive,0,Needs Attention,0.28483648086925384,0.3904475617902472,0.0,1.0,0.3114213445617827,0.5780342816912136,2.1,At Risk,0.017438503561599598,0.016666666666666666,0.5
U0246,paid,3,Segment 3,0.3545419810360556,0.1676686706746827,0.0,0.0,0.5369570601877913,0.5064237475485793,2.4000000000000004,At Risk,0.025758276561198452,0.0625,0.0
U0247,inactive,5,Social Engagers,0.37861847950456673,0.49331997327989313,1.0,0.0,0.5191626699091066,0.4026161463398132,2.0,At Risk,0.019495645162542454,0.011363636363636364,0.5
U0248,inactive,0,Needs Attention,0.2936225168713159,0.2925851703406814,0.0,0.0,0.5865926609773855,0.662124362217636,2.5,Needs Attention,0.029111701001788955,0.14285714285714285,0.0
U0249,churned,0,Needs Attention,0.28674101268466023,0.4231796927187708,0.0,1.0,0.4482733256775724,0.5258277328147357,1.2999999999999998,Lost,0.01404625645503049,0.04285714285714286,0.5
U0250,trial,0,Needs Attention,0.26950286016036845,0.1402805611222445,0.0,0.0,0.5473966659911583,0.48085147539314066,2.4000000000000004,At Risk,0.011010068165037096,0.03614457831325301,0.0
U0251,trial,5,Social Engagers,0.4747753982523628,0.7207748830995323,1.0,1.0,0.1960557819759369,0.5917305057294333,2.4,At Risk,0.08957614227803358,0.03333333333333333,1.0
U0252,churned,0,Needs Attention,0.2962935820613173,0.6519706078824316,0.0,1.0,0.7141428925266263,0.5115855528908693,3.4000000000000004,Promising,0.014489761305051769,0.056338028169014086,0.5
U0253,trial,0,Needs Attention,0.35776640633240897,0.3410153640614562,0.0,1.0,0.41442360376183074,0.4619359008814057,2.2,At Risk,0.022514664319342553,0.05405405405405406,0.5
U0254,trial,3,Segment 3,0.37760396077216096,0.16566466265865062,0.0,0.0,0.5645410671530326,0.49258655970691617,2.8,Needs Attention,0.029710295519136502,0.07936507936507936,0.0
U0255,paid,3,Segment 3,0.48792086481844094,0.3974615898463594,0.0,1.0,0.16525185201864404,0.596609183236595,2.8,Needs Attention,0.10769449439435554,0.0,0.5
U0256,inactive,0,Needs Attention,0.3582594644681774,0.29291917167668674,0.0,0.0,0.6472262877815557,0.521214534085051,3.7,Potential Loyalist,0.02577589698178557,0.06666666666666667,0.0
U0257,paid,5,Social Engagers,0.31515216936563745,0.7965931863727455,1.0,1.0,0.4553946845000863,0.4789938047635963,1.5999999999999999,Lost,0.010998331107902987,0.012658227848101266,1.0
U0258,paid,0,Needs Attention,0.21771138736492104,0.49899799599198397,0.0,1.0,0.4338294566661413,0.7034157207725367,2.7,Needs Attention,0.012604975866544393,0.10810810810810811,0.5
U0259,trial,0,Needs Attention,0.12168682315668089,0.3216432865731463,0.0,0.0,0.533628305299738,0.8248602465315233,2.8,Needs Attention,0.005802192252908264,0.18181818181818182,0.0
U0260,paid,5,Social Engagers,0.2604297582709827,0.9355377421509686,1.0,1.0,0.5531407384056503,0.558635762058687,2.2,At Risk,0.00584523476274118,0.014705882352941176,1.0
U0261,inactive,2,Social Engagers,0.42409500258109223,0.7094188376753507,1.0,1.0,0.21391321969782262,0.6561812963236852,3.1999999999999997,Promising,0.11083868368412668,0.15,1.0
U0262,trial,0,Needs Attention,0.048291595854352824,0.5177020708082832,0.0,1.0,0.4686384003962982,0.6859186595086649,1.5999999999999999,Lost,0.0,0.014705882352941176,0.5
U0263,paid,0,Needs Attention,0.26306411838696586,0.18102872411489646,0.0,0.0,0.48365044696133835,0.5698211034359055,2.0,At Risk,0.014327387815569413,0.03125,0.0
U0264,churned,2,Social Engagers,0.3017207586548722,0.6783567134268537,1.0,1.0,0.17161514039314585,0.7423718001262256,1.5999999999999999,Lost,0.06240519462175576,0.17647058823529413,1.0
U0265,paid,2,Social Engagers,0.13887241380691295,0.8189712758851035,1.0,1.0,0.22683644442442938,0.8698680410775543,2.5,Needs Attention,0.0180610834081506,0.08333333333333333,1.0
U0266,paid,0,Needs Attention,0.23182623181780931,0.45357381429525717,0.0,1.0,0.26555883302184896,0.7672872396327186,1.9,Lost,0.026405043088930037,0.09090909090909091,0.5
U0267,paid,3,Segment 3,0.3838254437238038,0.5885103540414162,0.0,1.0,0.34843544767437495,0.7016196273827391,2.5,Needs Attention,0.08744079581629742,0.058823529411764705,0.5
U0268,trial,5,Social Engagers,0.5788242532054015,0.9836339345357382,1.0,1.0,0.4173417997042774,0.6101522565873974,4.7,Champions,0.4355622851238092,0.2,1.0
U0269,trial,3,Segment 3,0.4240290286594582,0.2925851703406814,0.0,0.0,0.6989522115391832,0.45622088067666555,3.4000000000000004,Promising,0.03620084494562352,0.07692307692307693,0.0
U0270,churned,2,Social Engagers,0.3100227315834784,0.40480961923847697,1.0,0.0,0.15012797129840205,0.7288799780711896,2.3,At Risk,0.05643233335855157,0.0,0.5
U0271,churned,5,Social Engagers,0.5307595346718632,0.762191048764195,1.0,1.0,0.5288577154308617,0.2943102366436906,2.5,Needs Attention,0.03843967329813587,0.03333333333333333,1.0
U0272,churned,3,Segment 3,0.48140496842475056,0.2561790247160989,0.0,0.0,0.6262164778996194,0.3622208487323837,2.7,Needs Attention,0.03347024789491012,0.024390243902439025,0.0
U0273,inactive,2,Social Engagers,0.054277213562317496,0.6419505678022712,1.0,0.0,0.5588045003865408,0.754667714415801,2.5,Needs Attention,0.000825313625810418,0.04,0.5
U0274,paid,0,Needs Attention,0.23947286032156923,0.1229124916499666,0.0,0.0,0.2716016302267456,0.792486496573016,2.5,Needs Attention,0.052729607968296344,0.21428571428571427,0.0
U0275,paid,2,Social Engagers,0.14682956500313737,0.8229792919171676,1.0,1.0,0.45893434809694295,0.6395618354662027,1.5999999999999999,Lost,0.004030943821305459,0.03125,1.0
U0276,churned,0,Needs Attention,0.14701119232329396,0.6332665330661323,0.0,1.0,0.5722178439275555,0.7075379654570875,2.5,Needs Attention,0.005508976686263643,0.06382978723404255,0.5
U0277,paid,5,Social Engagers,0.49916527914713776,0.395123580494322,1.0,0.0,0.16665916101866654,0.5856072154904408,3.1999999999999997,Promising,0.10837670642648228,0.0,0.5
U0278,paid,5,Social Engagers,0.3192971313080021,0.8246492985971944,1.0,1.0,0.4722148416683554,0.489272785044986,1.5999999999999999,Lost,0.01162095116946096,0.013157894736842105,1.0
U0279,churned,0,Needs Attention,0.2791970886295435,0.353373413493654,0.0,1.0,0.38445955581575136,0.6580136617158909,1.3,Lost,0.026225905264216934,0.19444444444444445,0.5
U0280,churned,0,Needs Attention,0.25584994208809614,0.08717434869739478,0.0,0.0,0.3448522513191176,0.6252134390024614,2.4000000000000004,At Risk,0.015305413531117156,0.038461538461538464,0.0
U0281,trial,0,Needs Attention,0.365175583735337,0.5961923847695391,0.0,1.0,0.6437579278407001,0.45323507529071266,2.6,Needs Attention,0.021351382083410978,0.039473684210526314,0.5
U0282,trial,0,Needs Attention,0.18844989829807313,0.3700734802939212,0.0,1.0,0.09254539040628074,0.8613981461275391,2.1999999999999997,At Risk,0.06767532894871885,0.14285714285714285,0.5
U0283,trial,0,Needs Attention,0.2130116729300699,0.6098864395457583,0.0,1.0,0.4147553534034361,0.7530440600717452,2.8,Needs Attention,0.020725790476008712,0.034482758620689655,0.5
U0284,paid,0,Needs Attention,0.08033974841752353,0.31429525718102874,0.0,0.0,0.45174844070162795,0.9007323211622519,3.1,Promising,0.0,0.2727272727272727,0.0
U0285,trial,3,Segment 3,0.42725322476785177,0.38009352037408145,0.0,1.0,0.33327704097333244,0.5904565757775868,1.3,Lost,0.03806867345815845,0.15151515151515152,0.5
U0286,paid,0,Needs Attention,0.4177269142455887,0.24849699398797595,0.0,0.0,0.3005569190816089,0.7280872557079658,4.3,Loyal,0.3776381753146882,0.16666666666666666,0.0
U0287,paid,0,Needs Attention,0.2451254284645384,0.1783567134268537,0.0,0.0,0.4704915448875278,0.5252651684531919,2.0,At Risk,0.01003756980221913,0.0,0.0
U0288,trial,0,Needs Attention,0.1117260587705383,0.3593854375417502,0.0,1.0,0.2421569731222745,0.7925388328227834,1.3,Lost,0.002375459893718756,0.09375,0.5
U0289,paid,2,Social Engagers,0.40860662124723973,0.8313293253173013,1.0,1.0,0.5519285762536309,0.5207934740601668,3.5,Potential Loyalist,0.01672533325897573,0.11764705882352941,1.0
U0290,trial,0,Needs Attention,0.22064039609841551,0.34335337341349365,0.0,1.0,0.45384026479926143,0.5357008687239294,1.0,Lost,0.007230066837054725,0.06666666666666667,0.5
U0291,trial,5,Social Engagers,0.3860216384360735,0.5053440213760855,1.0,0.0,0.5188271674435012,0.5130678680021856,3.1,Promising,0.03377617030626652,0.06896551724137931,0.5
U0292,churned,5,Social Engagers,0.535587891940201,0.8363393453573814,1.0,1.0,0.5917700569678682,0.30417917972949643,3.1999999999999997,Promising,0.03754606403625618,0.034482758620689655,1.0
U0293,trial,0,Needs Attention,0.2876640022431771,0.3239812959251837,0.0,0.0,0.6509475880600152,0.6954867050370724,2.8,Needs Attention,0.03800086320892964,0.2692307692307692,0.0
U0294,trial,3,Segment 3,0.439665262535591,0.5434201736806947,0.0,1.0,0.4452928328567247,0.5404561616275816,3.0,Promising,0.05182501840037772,0.043478260869565216,0.5
U0295,paid,3,Segment 3,0.5693088569760625,0.3550434201736807,0.0,1.0,0.2599123340313586,0.5264997921973412,2.8,Needs Attention,0.13307676055714004,0.13793103448275862,0.5
U0296,churned,0,Needs Attention,0.18152683816061455,0.5033400133600535,0.0,1.0,0.24790930174956657,0.8740626205078866,3.1999999999999997,Promising,0.0883502151824667,0.5,0.5
U0297,trial,2,Social Engagers,0.11140922283191629,0.6376085504342017,1.0,0.0,0.7372340185989957,0.579962976939148,2.2,At Risk,0.0009181770045532185,0.04938271604938271,0.5
U0298,paid,0,Needs Attention,0.37557206863585824,0.45691382765531063,0.0,1.0,0.3018576478800297,0.7108269715844425,4.1,Loyal,0.060046914710574995,0.3076923076923077,0.5
U0299,trial,3,Segment 3,0.38757359383448226,0.4288577154308617,0.0,1.0,0.33784647947580554,0.5972430777418639,1.6,Lost,0.028695939097093965,0.07692307692307693,0.5
U0300,trial,2,Social Engagers,0.22827795544273866,0.3917835671342685,1.0,0.0,0.31088469072977415,0.7821821629045695,2.3,At Risk,0.045101683231707226,0.4,0.5
U0301,paid,2,Social Engagers,0.25079383897389795,0.7074148296593187,1.0,1.0,0.21228374351699655,0.7261194412965123,2.8,Needs Attention,0.008507841072487133,0.06896551724137931,1.0
U0302,paid,0,Needs Attention,0.2651486482723116,0.4101536406145625,0.0,1.0,0.4150225544722404,0.6962299599727833,3.1,Promising,0.024340748279253664,0.2413793103448276,0.5
U0303,paid,0,Needs Attention,0.28504362162583696,0.1850367401469606,0.0,0.0,0.46219029819939506,0.5183355291521574,2.8,Needs Attention,0.008813172984039228,0.0,0.0
U0304,paid,0,Needs Attention,0.323092970117107,0.001002004008016032,0.0,0.0,0.11710687292187372,0.6784846434616507,2.1,At Risk,0.043025828236789514,0.0,0.0
U0305,inactive,1,At-Risk Users,0.34544355400733806,0.5674682698730794,0.0,1.0,0.37121358822513945,0.7757125909998526,4.3,Loyal,0.6957709207396763,2.0,0.5
U0306,paid,0,Needs Attention,0.2609457188949298,0.6055444221776888,0.0,1.0,0.644495733039112,0.6264112920672975,2.5,Needs Attention,0.00847590405272314,0.1276595744680851,0.5
U0307,trial,2,Social Engagers,0.36306886568256286,0.4706078824315297,1.0,0.0,0.5923307288734773,0.4374778295266325,2.8,Needs Attention,0.022064843189208778,0.0641025641025641,0.5
U0308,churned,0,Needs Attention,0.25324285856006673,0.416499665998664,0.0,1.0,0.4273610892196378,0.4948627955022578,2.1,At Risk,0.009206638686949202,0.011904761904761904,0.5
U0309,trial,2,Social Engagers,0.5343408477001135,0.5521042084168336,1.0,0.0,0.36408922714342545,0.5857784701033362,4.1,Loyal,0.04391881086216982,0.09090909090909091,0.5
U0310,paid,5,Social Engagers,0.621916086264907,0.8289913159652639,1.0,1.0,0.5394782073510317,0.30344609292190683,2.8,Needs Attention,0.05872833565578441,0.04,1.0
U0311,trial,0,Needs Attention,0.24724004123807758,0.44822979291917164,0.0,1.0,0.41227473673939635,0.7197410816401322,1.9,Lost,0.028832487711722147,0.2222222222222222,0.5
U0312,trial,0,Needs Attention,0.10441831169212806,0.6315965263861055,0.0,1.0,0.712120870955394,0.6394766725591913,2.2,At Risk,0.0020987391360487283,0.07462686567164178,0.5
U0313,inactive,0,Needs Attention,0.24893759997507842,0.44422177688710757,0.0,1.0,0.5105139117185682,0.5017012698021869,2.1,At Risk,0.009088425199904741,0.037037037037037035,0.5
U0314,churned,3,Segment 3,0.42352024521055154,0.1509686038744155,0.0,0.0,0.49029444657104465,0.4990793422353712,3.1,Promising,0.041712517684302675,0.07142857142857142,0.0
U0315,paid,5,Social Engagers,0.3670770351147561,0.7191048764195056,1.0,1.0,0.26067791012737085,0.6818814385056144,1.5999999999999999,Lost,0.06665118922096935,0.19047619047619047,1.0
U0316,paid,2,Social Engagers,0.2197441767246628,0.8590514362057449,1.0,1.0,0.4313360804005015,0.6681534939652023,1.9,Lost,0.01353079011061625,0.0425531914893617,1.0
U0317,trial,2,Social Engagers,0.23422873424776972,0.612558450233801,1.0,0.0,0.608438600046535,0.5232925466853807,2.6,Needs Attention,0.00897068213132738,0.0125,0.5
U0318,trial,0,Needs Attention,0.21111314037610462,0.4231796927187708,0.0,1.0,0.47374149047157993,0.6095023285402947,1.6,Lost,0.008632725205107413,0.0847457627118644,0.5
U0319,trial,3,Segment 3,0.3978009613957194,0.19572478289913162,0.0,0.0,0.5399195394534387,0.4081279338008662,1.9,Lost,0.018558789018883453,0.011904761904761904,0.0
U0320,paid,0,Needs Attention,0.20573890351864776,0.13927855711422846,0.0,0.0,0.22467181554119472,0.8510247429951943,3.6,Potential Loyalist,0.06049133932851992,0.3333333333333333,0.0
U0321,paid,2,Social Engagers,0.33327971229024383,0.47995991983967934,1.0,0.0,0.347375650176758,0.7106704704981942,3.4,Promising,0.0654956218758737,0.21052631578947367,0.5
U0322,paid,3,Segment 3,0.5024131477554173,0.009352037408149633,0.0,0.0,0.25242319845683875,0.46025423900632406,2.1,At Risk,0.051334388356689714,0.017543859649122806,0.0
U0323,trial,0,Needs Attention,0.3946181614476211,0.6596526386105545,0.0,1.0,0.7476676198839627,0.45684612440802314,3.4000000000000004,Promising,0.02878727975345111,0.07246376811594203,0.5
U0324,inactive,0,Needs Attention,0.0974307356108455,0.11155644622578491,0.0,0.0,0.21904708292990474,0.924520282037748,2.5,Needs Attention,0.038822634702637866,1.0,0.0
U0325,paid,4,Active Users,0.48404293985023855,0.07915831663326653,0.0,0.0,0.21249164996659986,0.6968082786430483,3.7,Potential Loyalist,2.9752419226678395,4.0,0.0
U0326,paid,0,Needs Attention,0.3110666743829774,0.050768203072812296,0.0,0.0,0.33091801580689467,0.5665514847319157,1.7,Lost,0.021529769565064836,0.034482758620689655,0.0
U0327,paid,2,Social Engagers,0.2655099125457025,0.8687374749498998,1.0,1.0,0.44064758730945036,0.6747366056640678,2.2,At Risk,0.018350389033015453,0.07894736842105263,1.0
U0328,paid,2,Social Engagers,0.3963994384401986,0.5831663326653307,1.0,0.0,0.36893412292750294,0.6983305497018384,4.0,Loyal,0.13777389801799209,0.13333333333333333,0.5
U0329,trial,5,Social Engagers,0.339652512568146,0.6115564462257849,1.0,0.0,0.46848528517709576,0.6515276413952826,2.5,Needs Attention,0.036985728095588505,0.058823529411764705,0.5
U0330,trial,2,Social Engagers,0.3036832044584855,0.37140948563794257,1.0,0.0,0.42946192009487133,0.5454496517929939,1.3,Lost,0.01755837735914282,0.08196721311475409,0.5
U0331,churned,5,Social Engagers,0.3474537362217453,0.9362057448229794,1.0,1.0,0.43021323545968343,0.6468469072031231,2.9,Needs Attention,0.04286339878766386,0.02857142857142857,1.0
U0332,trial,5,Social Engagers,0.32201306066388313,0.9104876419505677,1.0,1.0,0.5464426981303431,0.5344517380697552,2.3,At Risk,0.020693492650609338,0.03125,1.0
U0333,trial,2,Social Engagers,0.21705241404065875,0.5861723446893787,1.0,0.0,0.476059985138817,0.7548749345543282,3.3,Promising,0.018427636728234883,0.16,0.5
U0334,trial,3,Segment 3,0.42829022313071907,0.4662658650634603,0.0,1.0,0.3190748538275052,0.6366428873981643,2.5999999999999996,Needs Attention,0.08578863847720498,0.125,0.5
U0335,trial,0,Needs Attention,0.28396964065450164,0.343687374749499,0.0,1.0,0.08488587662215817,0.7828097049690012,3.0999999999999996,Promising,0.0750838394492291,0.08333333333333333,0.5
U0336,churned,0,Needs Attention,0.18483081658466163,0.17735470941883769,0.0,0.0,0.30769178807052305,0.812505765368352,2.5999999999999996,Needs Attention,0.020902032953726668,0.1111111111111111,0.0
U0337,paid,2,Social Engagers,0.3495232409441113,0.6840347361389446,1.0,1.0,0.13646919306778352,0.7264562681994906,3.0999999999999996,Promising,0.09605911879972664,0.13333333333333333,1.0
U0338,paid,2,Social Engagers,0.310250980667147,0.9061456245824983,1.0,1.0,0.5353591077285658,0.4819345179826906,3.5,Potential Loyalist,0.0025638138468079196,0.0,1.0
U0339,trial,2,Social Engagers,0.27718312067736317,0.9104876419505677,1.0,1.0,0.4411992524374592,0.7145411914233694,2.5,Needs Attention,0.03458121497543799,0.1111111111111111,1.0
U0340,paid,0,Needs Attention,0.31143374544793073,0.3981295925183701,0.0,1.0,0.4973805288479581,0.4939908165610288,1.4000000000000001,Lost,0.017378662196732706,0.06944444444444445,0.5
U0341,paid,3,Segment 3,0.3846126090391334,0.43486973947895796,0.0,1.0,0.42251018891716013,0.5096579664914136,1.6,Lost,0.02484289916183567,0.05,0.5
U0342,trial,2,Social Engagers,0.25694226094176825,0.9024716098864395,1.0,1.0,0.6043442690624695,0.6330686859881306,2.5999999999999996,Needs Attention,0.019013936377352183,0.13043478260869565,1.0
U0343,paid,0,Needs Attention,0.32879722440349785,0.6579826319305276,0.0,1.0,0.7209039802451344,0.4239982611025822,3.0,Promising,0.01602368889571565,0.02247191011235955,0.5
U0344,trial,2,Social Engagers,0.20603869543374703,0.44822979291917164,1.0,0.0,0.24148821988546385,0.804036357207837,1.9,Lost,0.028929091453075956,0.11764705882352941,0.5
U0345,paid,0,Needs Attention,0.23993869328919606,0.027054108216432865,0.0,0.0,0.22181066252354897,0.6390155074307378,2.1,At Risk,0.012422953576137397,0.0,0.0
U0346,paid,5,Social Engagers,0.4756698326440667,0.6666666666666666,1.0,1.0,0.15955056179775282,0.6720449089241982,3.8,Potential Loyalist,0.3137744699322311,0.5,1.0
U0347,trial,5,Social Engagers,0.3880920749742723,0.7221108884435538,1.0,1.0,0.44757905323756125,0.426719223100543,1.8000000000000003,Lost,0.02453652110580691,0.0379746835443038,1.0
U0348,trial,0,Needs Attention,0.24141290157679252,0.4388777555110221,0.0,1.0,0.3695893659979134,0.7274926845858394,2.7,Needs Attention,0.024857516186214554,0.18518518518518517,0.5
U0349,paid,0,Needs Attention,0.27069129906104966,0.060788243152972606,0.0,0.0,0.32932756899566923,0.6375852205633702,2.5,Needs Attention,0.010595492772674525,0.06521739130434782,0.0
U0350,paid,0,Needs Attention,0.24318183326659853,0.32197728790915164,0.0,0.0,0.5388312204934212,0.6455802617421685,3.3000000000000003,Promising,0.013728711847081269,0.02,0.0
U0351,churned,0,Needs Attention,0.29562816480593573,0.6329325317301269,0.0,1.0,0.6617714830409883,0.5162401223930343,3.4000000000000004,Promising,0.011112830247231635,0.04225352112676056,0.5
U0352,paid,1,At-Risk Users,0.1796708864376199,0.9542418169672678,1.0,1.0,0.395065787004721,0.8751761915416834,3.4,Promising,0.142739876071752,1.0,1.0
U0353,trial,0,Needs Attention,0.18322394672179176,0.09084836339345358,0.0,0.0,0.4934700862398955,0.6049592489882015,1.2999999999999998,Lost,0.006978712353847959,0.078125,0.0
U0354,trial,0,Needs Attention,0.36764856149551217,0.22311289245156982,0.0,0.0,0.4508282482568133,0.5921768205495012,3.4000000000000004,Promising,0.04019402758869516,0.045454545454545456,0.0
U0355,paid,0,Needs Attention,0.20167928393044143,0.4575818303273213,0.0,1.0,0.5190050513011041,0.6364392381523734,2.3,At Risk,0.009295966630620937,0.11320754716981132,0.5
U0356,trial,0,Needs Attention,0.2694470311371211,0.12057448229792918,0.0,0.0,0.4067168043953075,0.7191828451475146,2.3,At Risk,0.04004453638906818,0.25,0.0
U0357,paid,0,Needs Attention,0.27686346486405755,0.3002672010688043,0.0,0.0,0.6879076505070065,0.5657968146985868,2.5,Needs Attention,0.012275838538609824,0.08333333333333333,0.0
U0358,inactive,0,Needs Attention,0.07725290719378927,0.06680026720106881,0.0,0.0,0.14095757057185532,0.9408822982369179,2.5,Needs Attention,0.0155791671937772,0.6666666666666666,0.0
U0359,paid,0,Needs Attention,0.2013004946421994,0.397127588510354,0.0,1.0,0.20162197053282596,0.7941133202359569,1.5999999999999999,Lost,0.027017040405654495,0.1,0.5
U0360,trial,3,Segment 3,0.4582440299837969,0.11356045424181697,0.0,0.0,0.415433113417847,0.5207982628607857,2.0,At Risk,0.049259905399875514,0.08695652173913043,0.0
U0361,paid,0,Needs Attention,0.2838690825806684,0.43286573146292584,0.0,1.0,0.15196685505843147,0.7743594015154287,3.4,Promising,0.05999756997754047,0.0,0.5
U0362,paid,0,Needs Attention,0.2870233743240194,0.16867067468269872,0.0,0.0,0.35855831513213693,0.7171476775332479,2.5999999999999996,Needs Attention,0.04330197153515629,0.12,0.0
U0363,paid,0,Needs Attention,0.17848064142736106,0.5293921175684703,0.0,1.0,0.5177816306770845,0.5652520406754982,2.7,Needs Attention,0.0016339838850927052,0.01282051282051282,0.5
U0364,inactive,5,Social Engagers,0.5801928215659404,0.7130928523714095,1.0,1.0,0.4085984703489376,0.3455013283370315,1.4000000000000001,Lost,0.04378613044114388,0.04225352112676056,1.0
U0365,trial,2,Social Engagers,0.29882501552651336,0.4352037408149632,1.0,0.0,0.2951288344479221,0.7398539268543047,2.7,Needs Attention,0.06865670126874274,0.23529411764705882,0.5
U0366,inactive,3,Segment 3,0.43045754156285887,0.3984635938543754,0.0,1.0,0.4759916837420158,0.3800233474027102,2.5999999999999996,Needs Attention,0.027437192260032373,0.03571428571428571,0.5
U0367,inactive,2,Social Engagers,0.20650766312619973,0.6867067468269873,1.0,1.0,0.08333596031013336,0.8420528489327908,2.3,At Risk,0.05845088794957493,0.1111111111111111,1.0
U0368,trial,0,Needs Attention,0.18142491972411545,0.6629926519706079,0.0,1.0,0.5349027643301585,0.7294429205059563,2.5,Needs Attention,0.010703537779532668,0.05263157894736842,0.5
U0369,trial,0,Needs Attention,0.31558055270366464,0.6566466265865064,0.0,1.0,0.5660099224666562,0.6063963492288651,2.5,Needs Attention,0.018132261703272628,0.041666666666666664,0.5
U0370,trial,0,Needs Attention,0.17584860288577042,0.45323981295925186,0.0,1.0,0.40754692906412077,0.6391716893323676,1.6,Lost,0.006806768264530209,0.03333333333333333,0.5
U0371,trial,3,Segment 3,0.35602405115783,0.10220440881763526,0.0,0.0,0.36774747997868396,0.5225557820712594,2.5,Needs Attention,0.02615907146131401,0.015873015873015872,0.0
U0372,trial,0,Needs Attention,0.3204815903707164,0.49331997327989313,0.0,1.0,0.5450053665383201,0.4417535989690595,2.0,At Risk,0.01527672837609761,0.023255813953488372,0.5
U0373,paid,0,Needs Attention,0.2194983715519157,0.44422177688710757,0.0,1.0,0.14796709523916748,0.8640456579199145,2.5,Needs Attention,0.3173364787134345,0.5,0.5
U0374,trial,5,Social Engagers,0.2864464228198154,0.9555778223112892,1.0,1.0,0.6814205189405027,0.45366406120172775,2.6,Needs Attention,0.012256382252185045,0.022727272727272728,1.0
U0375,trial,0,Needs Attention,0.2861269031104232,0.3607214428857715,0.0,1.0,0.3266390458820262,0.526196198559278,1.0,Lost,0.013611869420871416,0.013888888888888888,0.5
U0376,churned,0,Needs Attention,0.32427236398906883,0.4445557782231129,0.0,1.0,0.2820089617437121,0.7501174326703886,3.8000000000000003,Potential Loyalist,0.07608255320834233,0.36363636363636365,0.5
U0377,trial,2,Social Engagers,0.2492508964792607,0.8390113560454241,1.0,1.0,0.4082997455585328,0.586619674878401,2.0,At Risk,0.01283564911123383,0.0,1.0
U0378,churned,3,Segment 3,0.4535608799377173,0.5771543086172345,0.0,1.0,0.6951318367071221,0.387437940122476,3.5,Potential Loyalist,0.03407903363367922,0.06493506493506493,0.5
U0379,trial,0,Needs Attention,0.3994520303825364,0.6416165664662659,0.0,1.0,0.6412420346310599,0.4199032498555846,2.6,Needs Attention,0.022958143973072994,0.012345679012345678,0.5
U0380,trial,3,Segment 3,0.3794557302987903,0.2555110220440882,0.0,0.0,0.6547619583736761,0.45743294479944924,2.3,At Risk,0.023908382021260083,0.05555555555555555,0.0
U0381,paid,2,Social Engagers,0.04972888636618043,0.491315965263861,1.0,0.0,0.3328889989717262,0.876545646903696,2.1999999999999997,At Risk,0.0015907924837952764,0.14285714285714285,0.5
U0382,paid,0,Needs Attention,0.28982660034067165,0.46459585838343354,0.0,1.0,0.22826627036845226,0.7537636142636821,2.1999999999999997,At Risk,0.055512926732145564,0.05555555555555555,0.5
U0383,churned,5,Social Engagers,0.5584643934487327,0.8667334669338677,1.0,1.0,0.5693551897803096,0.38407030010097315,3.5,Potential Loyalist,0.06365914047591782,0.0625,1.0
U0384,paid,0,Needs Attention,0.3377150078589929,0.2404809619238477,0.0,0.0,0.6438517484407017,0.4441795059229021,3.1,Promising,0.01778298413750755,0.036585365853658534,0.0
U0385,churned,0,Needs Attention,0.38749467682600414,0.564128256513026,0.0,1.0,0.40270503553924325,0.6100563853937593,3.4000000000000004,Promising,0.05195498489424278,0.02631578947368421,0.5
U0386,trial,0,Needs Attention,0.42837308391361334,0.24014696058784235,0.0,0.0,0.4229184961683667,0.6068059368858746,3.8,Potential Loyalist,0.06381344189689489,0.0625,0.0
U0387,trial,0,Needs Attention,0.298792832732654,0.595190380761523,0.0,1.0,0.33264356428212233,0.7781711088710459,3.2,Promising,0.10580862885383717,0.09090909090909091,0.5
U0388,churned,2,Social Engagers,0.29864956961864075,0.8590514362057449,1.0,1.0,0.4571787770297148,0.6250655773777517,1.9,Lost,0.023221515938270276,0.06666666666666667,1.0
U0389,churned,5,Social Engagers,0.5076265817544823,0.4599198396793587,1.0,0.0,0.5561745213272987,0.31244532754305526,3.1999999999999997,Promising,0.03788140597405572,0.033707865168539325,0.5
U0390,inactive,2,Social Engagers,0.2922844653874622,0.34001336005344024,1.0,0.0,0.19319688065269114,0.684203788852629,1.3,Lost,0.030665863369843203,0.06060606060606061,0.5
U0391,paid,0,Needs Attention,0.2059748464071846,0.6503006012024048,0.0,1.0,0.6001133352848018,0.6934363687514339,2.5,Needs Attention,0.011989607455354776,0.0975609756097561,0.5
U0392,trial,0,Needs Attention,0.2762365533588228,0.6265865063460253,0.0,1.0,0.45280373481044484,0.7917048764953446,3.4,Promising,0.09179797947384005,0.5,0.5
U0393,churned,2,Social Engagers,0.3061250356634432,0.7254509018036073,1.0,1.0,0.12957075199087312,0.7737717871125724,3.0999999999999996,Promising,0.08327031821296994,0.09090909090909091,1.0
U0394,trial,2,Social Engagers,0.34192536656623695,0.4542418169672679,1.0,0.0,0.5059272102256949,0.42888733325174716,2.1,At Risk,0.017901496200354215,0.023255813953488372,0.5
U0395,inactive,0,Needs Attention,0.3191218091519237,0.0070140280561122245,0.0,0.0,0.2942799456591085,0.5872503187641649,2.5,Needs Attention,0.024812587244972106,0.058823529411764705,0.0
U0396,churned,0,Needs Attention,0.4213693137257285,0.612558450233801,0.0,1.0,0.7050678135296811,0.36845500750924376,3.0,Promising,0.02529412848912996,0.03409090909090909,0.5
U0397,paid,5,Social Engagers,0.3564604551225605,0.9869739478957916,1.0,1.0,0.5701200153115219,0.6074003226711445,4.1,Loyal,0.022529557437782267,0.07317073170731707,1.0
U0398,churned,2,Social Engagers,0.2288889743837213,0.8493653974615899,1.0,1.0,0.30929049109454865,0.7903261898378524,2.5999999999999996,Needs Attention,0.04004402109976118,0.11764705882352941,1.0
U0399,churned,5,Social Engagers,0.5344064246114689,0.7498329993319973,1.0,1.0,0.39739854240315836,0.3602072090629059,2.1,At Risk,0.04213770406580963,0.013157894736842105,1.0
U0400,trial,5,Social Engagers,0.38554786012487285,0.8871075484301937,1.0,1.0,0.45564687427289036,0.5729266030740124,3.4000000000000004,Promising,0.040795967452448144,0.043478260869565216,1.0
U0401,inactive,5,Social Engagers,0.4016651107322171,0.6509686038744155,1.0,0.0,0.6004068061216065,0.6100647633479037,2.5,Needs Attention,0.04934277591160664,0.15625,0.5
U0402,paid,2,Social Engagers,0.4109692012468561,0.6907147628590514,1.0,1.0,0.516182927653059,0.40022698989018424,2.5999999999999996,Needs Attention,0.02576371459418645,0.0759493670886076,1.0
U0403,churned,3,Segment 3,0.4881701608975828,0.3633934535738143,0.0,1.0,0.39260693671988167,0.36667237154655674,1.8000000000000003,Lost,0.0350376011623534,0.025,0.5
U0404,trial,0,Needs Attention,0.42756471721666056,0.058450233800935204,0.0,0.0,0.3902854397934446,0.5051632973295781,2.1,At Risk,0.04221126648899518,0.07407407407407407,0.0
U0405,churned,5,Social Engagers,0.31578044933373306,0.7084168336673345,1.0,1.0,0.49343556025909496,0.43606364529337716,1.0,Lost,0.010128364688079929,0.046511627906976744,1.0
U0406,trial,0,Needs Attention,0.47651295814881706,0.40113560454241814,0.0,1.0,0.17229665323155674,0.6332411612809226,3.5,Potential Loyalist,0.1470678067176864,0.05,0.5
U0407,trial,3,Segment 3,0.4837310475550065,0.6382765531062123,0.0,1.0,0.5914600737054633,0.556569882105294,4.1,Loyal,0.08796683874962012,0.15151515151515152,0.5
U0408,inactive,0,Needs Attention,0.2517426158785195,0.41516366065464266,0.0,1.0,0.48857190035501713,0.5255501751537395,1.2999999999999998,Lost,0.010835366466914643,0.05405405405405406,0.5
U0409,trial,2,Social Engagers,0.3188122610814137,0.5370741482965932,1.0,0.0,0.34980823069359696,0.6470105156915773,2.5999999999999996,Needs Attention,0.032556523167074705,0.0,0.5
U0410,trial,3,Segment 3,0.439334888894927,0.09018036072144288,0.0,0.0,0.3062852296353005,0.5959735347481502,2.0,At Risk,0.0667269839206623,0.09375,0.0
U0411,inactive,1,At-Risk Users,0.37051443044609933,0.34769539078156314,0.0,1.0,0.21810737580028972,0.7521594268387234,2.5999999999999996,Needs Attention,0.8298024694058126,3.0,0.5
U0412,inactive,2,Social Engagers,0.47963061999036316,0.9114896459585838,1.0,1.0,0.3646731665578347,0.5803067343887608,3.8,Potential Loyalist,0.08603453469220783,0.0,1.0
U0413,paid,3,Segment 3,0.4145020690807957,0.6472945891783567,0.0,1.0,0.7319387839349111,0.41512854578556513,3.0,Promising,0.028137063161404192,0.05194805194805195,0.5
U0414,paid,0,Needs Attention,0.34154496440004617,0.5364061456245826,0.0,1.0,0.3450203778343203,0.6716687660408234,3.7,Potential Loyalist,0.049930377091819377,0.03333333333333333,0.5
U0415,paid,0,Needs Attention,0.33216473639806643,0.5160320641282565,0.0,1.0,0.4025489180608408,0.6560203070973304,3.1,Promising,0.0373009355822082,0.09090909090909091,0.5
U0416,trial,5,Social Engagers,0.44243325729623034,0.7224448897795591,1.0,1.0,0.4070890845361134,0.40688047115417664,2.5999999999999996,Needs Attention,0.019427665227336084,0.025974025974025976,1.0
U0417,trial,5,Social Engagers,0.5663267418698399,0.811623246492986,1.0,1.0,0.23858953862781743,0.558076295303628,3.8,Potential Loyalist,0.1567943622383893,0.0,1.0
U0418,paid,0,Needs Attention,0.4164205638740272,0.34301937207748834,0.0,1.0,0.25500439080408005,0.6437646829521795,2.8,Needs Attention,0.10227401742108723,0.22727272727272727,0.5
U0419,churned,2,Social Engagers,0.2936057132584678,0.5981963927855711,1.0,0.0,0.5749754190027996,0.5429855082151321,2.6,Needs Attention,0.017091571103470315,0.030303030303030304,0.5
U0420,churned,0,Needs Attention,0.20957614763410826,0.19906479625918505,0.0,0.0,0.47097490861873564,0.7040415454620882,3.0,Promising,0.010423680037168105,0.10526315789473684,0.0
U0421,churned,2,Social Engagers,0.2749607933441608,0.45223780895123583,1.0,0.0,0.5189044756179024,0.4520448005892482,1.7000000000000002,Lost,0.011101974637559027,0.022222222222222223,0.5
U0422,trial,0,Needs Attention,0.3519697775326164,0.4969939879759519,0.0,1.0,0.46553331381864854,0.584562814331494,2.7,Needs Attention,0.03535450416050197,0.08695652173913043,0.5
U0423,paid,0,Needs Attention,0.28281506524346844,0.21108884435537742,0.0,0.0,0.36352330128421634,0.7622258544709402,4.0,Loyal,0.05926907678517276,0.2,0.0
U0424,trial,5,Social Engagers,0.44069601775833334,0.5998663994655978,1.0,0.0,0.5609150886041746,0.5398377084939362,3.7,Potential Loyalist,0.05740563465833153,0.09090909090909091,0.5
U0425,paid,0,Needs Attention,0.042793125366246035,0.08249832999331998,0.0,0.0,0.2956069442255297,0.7700688056313163,1.6,Lost,0.0,0.02040816326530612,0.0
U0426,paid,0,Needs Attention,0.17692941925688083,0.5654642618570475,0.0,1.0,0.5092844865761486,0.583204050573531,2.3,At Risk,0.004288338701687829,0.0,0.5
U0427,churned,2,Social Engagers,0.29277146982841873,0.41750167000668004,1.0,0.0,0.5755541044636089,0.5392307351242254,2.0,At Risk,0.01839799585671257,0.13114754098360656,0.5
U0428,trial,2,Social Engagers,0.27823154150195967,0.9859719438877755,1.0,1.0,0.666496288457064,0.5436993729711647,3.4000000000000004,Promising,0.008635731087506067,0.04477611940298507,1.0
U0429,trial,2,Social Engagers,0.39290763627930864,0.595190380761523,1.0,0.0,0.38058363918848936,0.7344681841898615,4.7,Champions,0.24841741682112475,0.5,0.5
U0430,trial,2,Social Engagers,0.17465526366425463,0.9071476285905143,1.0,1.0,0.40377684207366044,0.8483983311631493,2.8,Needs Attention,0.04469113283282043,0.4444444444444444,1.0
U0431,churned,0,Needs Attention,0.26073645048773575,0.2889111556446226,0.0,0.0,0.3743044140715888,0.8180262148137416,3.4,Promising,0.1414063945789493,0.3333333333333333,0.0
U0432,paid,0,Needs Attention,0.15591493652117996,0.12725450901803606,0.0,0.0,0.46358409703301734,0.5958127402149516,2.0,At Risk,0.0024161916293006847,0.0273972602739726,0.0
U0433,trial,2,Social Engagers,0.20821214518689146,0.8453573814295258,1.0,1.0,0.39479558367671674,0.7346471809729715,1.9,Lost,0.018005270646652624,0.09375,1.0
U0434,trial,5,Social Engagers,0.4287942385313829,0.8780895123580494,1.0,1.0,0.39456891310711306,0.5725106909237235,3.0,Promising,0.05585441021821772,0.024390243902439025,1.0
U0435,paid,5,Social Engagers,0.5386347869646197,0.9124916499665998,1.0,1.0,0.6267238597044275,0.349159553353143,3.1,Promising,0.049055831227715674,0.039473684210526314,1.0
U0436,trial,0,Needs Attention,0.1259613632794973,0.6336005344021376,0.0,1.0,0.4931510961998904,0.8776146713940036,3.4,Promising,0.026882981701257976,0.625,0.5
U0437,churned,2,Social Engagers,0.31193765574290677,0.9686038744154977,1.0,1.0,0.701188144078419,0.49794378953297935,3.8,Potential Loyalist,0.009255601125737666,0.05555555555555555,1.0
U0438,paid,0,Needs Attention,0.32502370388644497,0.6329325317301269,0.0,1.0,0.7497864643143966,0.5666879053277074,3.3000000000000003,Promising,0.027870140904497447,0.16,0.5
U0439,trial,2,Social Engagers,0.29767006944817737,0.47294589178356716,1.0,0.0,0.5014103112592226,0.5490575327991787,2.8,Needs Attention,0.01682328419310735,0.06451612903225806,0.5
U0440,trial,0,Needs Attention,0.14902912170135038,0.3740814963259853,0.0,1.0,0.45160958621362574,0.5488803993196152,1.4000000000000001,Lost,0.001533215293784519,0.03571428571428571,0.5
U0441,inactive,2,Social Engagers,0.27738184695145385,0.4311957247828991,1.0,0.0,0.3596601442585546,0.5739964237440213,2.1,At Risk,0.015837194039065854,0.016129032258064516,0.5
U0442,trial,3,Segment 3,0.5324443437953721,0.22845691382765532,0.0,0.0,0.3175954906066815,0.6507461596802235,4.7,Champions,0.5229213617782943,0.2857142857142857,0.0
U0443,trial,0,Needs Attention,0.14221594003830768,0.047428189712758854,0.0,0.0,0.49124841443186,0.5827555423599942,1.0,Lost,0.0031208640505618166,0.06666666666666667,0.0
U0444,churned,0,Needs Attention,0.2855340346997612,0.31295925183700735,0.0,0.0,0.6904873417246478,0.471232770669505,2.6,Needs Attention,0.012764947486235415,0.023809523809523808,0.0
U0445,inactive,0,Needs Attention,0.40160618231184303,0.6332665330661323,0.0,1.0,0.795813349545533,0.40158948210225587,3.0,Promising,0.025689250855637957,0.075,0.5
U0446,inactive,1,At-Risk Users,0.32116755422511534,0.17034068136272543,0.0,0.0,0.28157663641890524,0.78602287172025,3.1999999999999997,Promising,0.3296349347028035,0.75,0.0
U0447,churned,0,Needs Attention,0.3274770435028412,0.6426185704742818,0.0,1.0,0.4946784955679149,0.7652159015578698,3.4,Promising,0.19906681669692375,0.8333333333333334,0.5
U0448,trial,3,Segment 3,0.5528277597958862,0.3162992651970608,0.0,0.0,0.5964490779311432,0.42149483348417044,4.1,Loyal,0.06857643880360698,0.034482758620689655,0.0
U0449,trial,0,Needs Attention,0.22576939605116395,0.22712090848363395,0.0,0.0,0.37243926054355897,0.7709213410927058,2.9,Needs Attention,0.02996305106493482,0.09090909090909091,0.0
U0450,churned,0,Needs Attention,0.4077099295434137,0.018704074816299265,0.0,0.0,0.2790037002844641,0.6319697869548029,2.4,At Risk,0.08107204958136255,0.19230769230769232,0.0
U0451,paid,1,At-Risk Users,0.29080211086667856,0.34702738810955247,0.0,1.0,0.18785135814700563,0.7999868185863759,2.5999999999999996,Needs Attention,0.36955545086191893,1.6666666666666667,0.5
U0452,paid,2,Social Engagers,0.21596595353315556,0.9405477621910489,1.0,1.0,0.5570271629401125,0.6874417044758514,3.3000000000000003,Promising,0.011007425880043902,0.0975609756097561,1.0
U0453,inactive,3,Segment 3,0.3894515525630032,0.21042084168336672,0.0,0.0,0.5647279577882357,0.5024992812281556,3.0,Promising,0.032502172515411286,0.06666666666666667,0.0
U0454,trial,3,Segment 3,0.6027987365339362,0.04008016032064128,0.0,0.0,0.0887692988974203,0.5872569282924043,3.5,Potential Loyalist,0.3396096843645903,0.0,0.0
U0455,paid,5,Social Engagers,0.26896913399112116,0.9415497661990648,1.0,1.0,0.6520366575848326,0.5152142642861784,3.0,Promising,0.012122993860171901,0.04,1.0
U0456,trial,3,Segment 3,0.45353694165757064,0.2545090180360721,0.0,0.0,0.6912131378862595,0.3704310264948193,3.5,Potential Loyalist,0.03199700837571843,0.04878048780487805,0.0
U0457,paid,5,Social Engagers,0.464707131660558,0.7808951235804944,1.0,1.0,0.2887602921198202,0.6616012529185589,3.0000000000000004,Promising,0.2166916374930998,0.3333333333333333,1.0
U0458,trial,3,Segment 3,0.27459475782853476,0.11055444221776888,0.0,0.0,0.5659851538282558,0.45651974104756,1.2999999999999998,Lost,0.00837597850502976,0.04597701149425287,0.0
U0459,trial,0,Needs Attention,0.2503833600223638,0.15197060788243152,0.0,0.0,0.326502443088424,0.7901955159014754,2.5,Needs Attention,0.06623092981708485,0.3333333333333333,0.0
U0460,trial,2,Social Engagers,0.14160233882515577,0.8122912491649966,1.0,1.0,0.1905684027230491,0.8682300860666088,2.5,Needs Attention,0.020701217751429263,0.0,1.0
U0461,paid,0,Needs Attention,0.39228708263435685,0.44689378757515036,0.0,1.0,0.40344809469125514,0.6412234951002369,2.7,Needs Attention,0.07898511459499055,0.24,0.5
U0462,paid,2,Social Engagers,0.1660011053892706,0.44689378757515036,1.0,0.0,0.41168779506578695,0.7003993367664376,1.6,Lost,0.007941327185106888,0.08888888888888889,0.5
U0463,paid,2,Social Engagers,0.1435867942610736,0.8052772211088844,1.0,1.0,0.23935961811262976,0.8372521787625048,2.1999999999999997,At Risk,0.0126932045723025,0.05263157894736842,1.0
U0464,inactive,2,Social Engagers,0.4382158892457392,0.9498997995991983,1.0,1.0,0.5521469906104344,0.5030279132610671,3.7,Potential Loyalist,0.0454570089293093,0.03636363636363636,1.0
U0465,trial,0,Needs Attention,0.3140890236553687,0.060454241816967264,0.0,0.0,0.29191491597427066,0.6200572241046511,2.5,Needs Attention,0.02696144781304022,0.044444444444444446,0.0
U0466,trial,0,Needs Attention,0.26131298376902545,0.22578490313961255,0.0,0.0,0.2853354649373654,0.8134249756960314,4.3,Loyal,0.08326448875099185,0.125,0.0
U0467,churned,2,Social Engagers,0.30486503530978104,0.9949899799599198,1.0,1.0,0.6230798676003693,0.5872937447715781,3.3000000000000003,Promising,0.023006539057065338,0.05660377358490566,1.0
U0468,trial,0,Needs Attention,0.15159689307546922,0.4211756847027388,0.0,1.0,0.4567562090473081,0.6622333535164205,2.0,At Risk,0.002664317426544102,0.09090909090909091,0.5
U0469,inactive,2,Social Engagers,0.18440027274017307,0.7364729458917836,1.0,1.0,0.2859111481389746,0.7489343044410026,1.6,Lost,0.013031770012056644,0.09375,1.0
U0470,trial,0,Needs Attention,0.30775039491914713,0.17434869739478956,0.0,0.0,0.5282812816644525,0.5855625290059585,3.1,Promising,0.022500983942345176,0.09803921568627451,0.0
U0471,inactive,2,Social Engagers,0.3443298386172171,0.727120908483634,1.0,1.0,0.22150293095554405,0.6146786925743506,2.1,At Risk,0.03546141065286173,0.0,1.0
U0472,trial,5,Social Engagers,0.4287573536032375,0.48129592518370073,1.0,0.0,0.6513333783672213,0.37678814102954683,2.0,At Risk,0.02514824312301623,0.07317073170731707,0.5
U0473,churned,2,Social Engagers,0.27181415022107563,0.4168336673346693,1.0,0.0,0.4085939669601375,0.5390391694418227,1.7000000000000002,Lost,0.013963277449628908,0.02857142857142857,0.5
U0474,paid,0,Needs Attention,0.3090835888084351,0.3790915163660655,0.0,1.0,0.2427619283510842,0.7294434637362155,2.0,At Risk,0.06861224263496064,0.2222222222222222,0.5
U0475,inactive,3,Segment 3,0.42118875247774695,0.405811623246493,0.0,1.0,0.47959439478207355,0.38983994000271355,2.5,Needs Attention,0.027803625802906445,0.03614457831325301,0.5
U0476,trial,0,Needs Attention,0.25694665587685794,0.250501002004008,0.0,0.0,0.36248602073059977,0.7564703043462258,2.9,Needs Attention,0.03975779315145102,0.045454545454545456,0.0
U0477,paid,2,Social Engagers,0.241553557380243,0.8179692718770876,1.0,1.0,0.35280073255124483,0.6976210570612159,2.7,Needs Attention,0.01817211163393638,0.05405405405405406,1.0
U0478,inactive,0,Needs Attention,0.24927052955677537,0.29458917835671344,0.0,0.0,0.6339150210533426,0.6036291716276369,2.9,Needs Attention,0.014671736407697757,0.07142857142857142,0.0
U0479,paid,0,Needs Attention,0.19413037391904667,0.2832331329325317,0.0,0.0,0.6337949306853408,0.6239473075634656,2.5,Needs Attention,0.008528358072881211,0.06779661016949153,0.0
U0480,paid,1,At-Risk Users,0.2618137868005525,0.3620574482297929,1.0,0.0,0.1695480849339128,0.8216351321749875,3.4,Promising,0.22376930838745338,1.3333333333333333,0.5
U0481,paid,5,Social Engagers,0.3521934486324662,0.9368737474949901,1.0,1.0,0.6046640096672746,0.6482583989056265,4.0,Loyal,0.05261370291547255,0.25,1.0
U0482,paid,5,Social Engagers,0.5493495213607187,0.7641950567802271,1.0,1.0,0.570936629813935,0.33847539356654754,2.9,Needs Attention,0.05335389916227479,0.08108108108108109,1.0
U0483,paid,0,Needs Attention,0.2811629870845759,0.030394121576486303,0.0,0.0,0.1910682788798571,0.6866213566854247,1.3,Lost,0.02726637706639122,0.02857142857142857,0.0
U0484,paid,0,Needs Attention,0.2432771274083421,0.06913827655310621,0.0,0.0,0.4938573776767017,0.5774379788741436,1.6,Lost,0.012425158231687727,0.09836065573770492,0.0
U0485,inactive,0,Needs Attention,0.33657263666896375,0.40113560454241814,0.0,1.0,0.33297081053492755,0.5682691839560685,2.8000000000000003,Needs Attention,0.026784468582497455,0.037037037037037035,0.5
U0486,trial,5,Social Engagers,0.23914685219680726,0.7284569138276553,1.0,1.0,0.42733331832203736,0.5799161440010646,1.0,Lost,0.011690866453301947,0.06349206349206349,1.0
U0487,trial,2,Social Engagers,0.15147511087767,0.6947227788911157,1.0,1.0,0.5201909436851231,0.5559234441116958,1.0,Lost,0.003570398397844173,0.0759493670886076,1.0
U0488,inactive,0,Needs Attention,0.19401079174598984,0.2758851035404142,0.0,0.0,0.3650236803194404,0.8538062909098528,3.4,Promising,0.07179332134380827,0.2857142857142857,0.0
U0489,churned,5,Social Engagers,0.4345026376490386,0.8881095524382098,1.0,1.0,0.5356750955093709,0.42014948124036405,2.3,At Risk,0.027656117938536805,0.013157894736842105,1.0
U0490,paid,0,Needs Attention,0.2946606546976893,0.05177020708082832,0.0,0.0,0.36487882131303806,0.6061823305856417,1.7,Lost,0.02317010228089203,0.08163265306122448,0.0
U0491,paid,3,Segment 3,0.3110060514780949,0.09752839011356046,0.0,0.0,0.5121351316865942,0.4474389223046324,1.2999999999999998,Lost,0.0057043125800672525,0.03529411764705882,0.0
U0492,trial,5,Social Engagers,0.5087883401897727,0.5110220440881763,1.0,0.0,0.35671492798330745,0.562812102269115,3.0,Promising,0.09616575816840063,0.06451612903225806,0.5
U0493,trial,3,Segment 3,0.42187835684164,0.05344021376085504,0.0,0.0,0.3335900264949374,0.500064475256718,2.9,Needs Attention,0.02725404610489129,0.034482758620689655,0.0
U0494,paid,0,Needs Attention,0.35605843879383614,0.12859051436205746,0.0,0.0,0.5533096154856529,0.5097691920428472,2.3,At Risk,0.02556870660804453,0.09836065573770492,0.0
U0495,trial,0,Needs Attention,0.37998987007287266,0.49498997995991983,0.0,1.0,0.3477989687239648,0.6656230992328722,3.8,Potential Loyalist,0.053734142554826315,0.125,0.5
U0496,paid,0,Needs Attention,0.20538934460990405,0.501002004008016,0.0,1.0,0.3721630526971546,0.7831493719574618,2.1999999999999997,At Risk,0.02447752662657192,0.2,0.5
U0497,trial,5,Social Engagers,0.43611912177812895,0.6172344689378758,1.0,0.0,0.5187325962786997,0.5766263992735481,3.3000000000000003,Promising,0.06360308171619769,0.08108108108108109,0.5
U0498,inactive,1,At-Risk Users,0.6048605692488803,0.38510354041416167,0.0,1.0,0.19633949547034144,0.6115517435570548,3.8,Potential Loyalist,1.1966498212199723,1.0,0.5
U0499,inactive,0,Needs Attention,0.43602505803225533,0.3807615230460922,0.0,1.0,0.2852559050685641,0.640512624755115,3.1999999999999997,Promising,0.11908424461942388,0.25,0.5
U0500,paid,0,Needs Attention,0.2652280173980696,0.5898463593854375,0.0,1.0,0.5441534754903065,0.5855440406249879,2.2,At Risk,0.011605676865270047,0.03333333333333333,0.5
U0501,paid,0,Needs Attention,0.14577952276150827,0.5397461589846358,0.0,1.0,0.3925551477486809,0.8061493076196908,2.5,Needs Attention,0.0105223879701351,0.125,0.5
U0502,trial,3,Segment 3,0.47433346018783284,0.09452237808951236,0.0,0.0,0.34470964400711535,0.5026339664404917,1.6,Lost,0.03911318025211116,0.04,0.0
U0503,churned,5,Social Engagers,0.3836898613512315,0.5207080828323313,1.0,0.0,0.4671500303978744,0.5570201257424526,2.3,At Risk,0.03572791976022871,0.061224489795918366,0.5
U0504,paid,2,Social Engagers,0.11424522138215355,0.6780227120908483,1.0,1.0,0.298621963027178,0.710176271426027,1.3,Lost,0.003423044900810816,0.058823529411764705,1.0
U0505,trial,2,Social Engagers,0.3688662415019217,0.407815631262525,1.0,0.0,0.3055684402512891,0.6212334465882087,2.8000000000000003,Needs Attention,0.049476704578146034,0.08333333333333333,0.5
U0506,inactive,2,Social Engagers,0.15978316081367477,0.889445557782231,1.0,1.0,0.5328912506661262,0.6232790396820078,1.9,Lost,0.005029469576214436,0.030303030303030304,1.0
U0507,churned,5,Social Engagers,0.4678026660537179,0.4642618570474282,1.0,0.0,0.5563966885081023,0.3746375493039395,2.8,Needs Attention,0.03553003593298676,0.05063291139240506,0.5
U0508,inactive,2,Social Engagers,0.33629993595309793,0.8026052104208418,1.0,1.0,0.3262007160388192,0.6535391873643115,2.7,Needs Attention,0.04385081943755716,0.058823529411764705,1.0
U0509,paid,0,Needs Attention,0.2,0.23446893787575152,0.0,0.0,0.5322217468645155,0.7140425531914893,3.4000000000000004,Promising,0.0008461369500716667,0.1388888888888889,0.0
U0510,paid,0,Needs Attention,0.22713128500545127,0.4625918503674014,0.0,1.0,0.24798510879436775,0.833933994954176,3.1999999999999997,Promising,0.11143332277379427,0.5,0.5
U0511,paid,0,Needs Attention,0.2359161801942459,0.5654642618570475,0.0,1.0,0.4077863592353246,0.696748164223878,2.2,At Risk,0.018455840640539362,0.02564102564102564,0.5
U0512,inactive,0,Needs Attention,0.31369119912765014,0.24983299933199732,0.0,0.0,0.5033910517664543,0.6288065571191547,2.2,At Risk,0.026736651405001716,0.07142857142857142,0.0
U0513,churned,2,Social Engagers,0.24911398566639525,0.7655310621242485,1.0,1.0,0.3456808748583309,0.6079784171108011,1.6,Lost,0.011045756041379058,0.017241379310344827,1.0
U0514,trial,0,Needs Attention,0.3124872243831193,0.10754843019372078,0.0,0.0,0.24874693206637996,0.7571885164339581,3.4,Promising,0.08274382753884064,0.25,0.0
U0515,trial,1,At-Risk Users,0.16595937117885196,0.27221108884435535,0.0,0.0,0.3463683922151419,0.8876584198458803,3.4,Promising,0.1190477953760151,0.6666666666666666,0.0
U0516,trial,5,Social Engagers,0.43049679065545443,0.9515698062792252,1.0,1.0,0.41524021826424384,0.6651061809258763,4.0,Loyal,0.1344602352640248,0.1111111111111111,1.0
U0517,churned,0,Needs Attention,0.3351818078205059,0.16265865063460253,0.0,0.0,0.44205939969827296,0.6201675110523773,1.9,Lost,0.030858500213843988,0.1,0.0
U0518,inactive,2,Social Engagers,0.2772691293565661,0.8567134268537074,1.0,1.0,0.2649531272282392,0.752787458556273,2.5999999999999996,Needs Attention,0.04833961815414893,0.0,1.0
U0519,trial,5,Social Engagers,0.528080148263591,0.6793587174348698,1.0,1.0,0.09845984103037536,0.6235774429567391,2.3,At Risk,0.1832422677165325,0.06666666666666667,1.0
U0520,paid,5,Social Engagers,0.4599150448244151,0.5016700066800267,1.0,0.0,0.4619696321481915,0.5963913986372658,3.4,Promising,0.10481149518992851,0.23076923076923078,0.5
U0521,trial,0,Needs Attention,0.45020401214188566,0.501002004008016,0.0,1.0,0.2938858991391022,0.6915797203744432,3.1999999999999997,Promising,0.27629829627369273,0.375,0.5
U0522,inactive,3,Segment 3,0.36018341547520855,0.2511690046760187,0.0,0.0,0.639933049619839,0.41367718475742804,1.9,Lost,0.011775710715739315,0.022988505747126436,0.0
U0523,churned,0,Needs Attention,0.2146031337687305,0.5123580494321978,0.0,1.0,0.4325827685333213,0.6882593963345064,2.7,Needs Attention,0.010465009591563226,0.07142857142857142,0.5
U0524,churned,3,Segment 3,0.4626282467510139,0.10521042084168336,0.0,0.0,0.33292577664692685,0.5351890093962002,2.4000000000000004,At Risk,0.05868952634106785,0.045454545454545456,0.0
U0525,paid,5,Social Engagers,0.48753200999425506,0.8319973279893119,1.0,1.0,0.3473531332327577,0.6393956876204683,2.9,Needs Attention,0.17631300382615303,0.2857142857142857,1.0
U0526,paid,0,Needs Attention,0.3346401438606295,0.3720774883099532,0.0,1.0,0.32713366808523414,0.47581165836447337,2.2,At Risk,0.018286236113495516,0.0,0.5
U0527,trial,1,At-Risk Users,0.3671833953614386,0.11389445557782231,0.0,0.0,0.15097310726321558,0.7754346436342007,3.3000000000000003,Promising,0.878872492267194,0.5,0.0
U0528,trial,5,Social Engagers,0.35390006923348066,0.9609218436873747,1.0,1.0,0.5957533043615321,0.6174471925024648,2.5,Needs Attention,0.027101969917917183,0.13513513513513514,1.0
U0529,churned,0,Needs Attention,0.32880026618874725,0.07982631930527721,0.0,0.0,0.4011746339120188,0.5091028190101559,1.7000000000000002,Lost,0.019873824452683996,0.028985507246376812,0.0
U0530,churned,2,Social Engagers,0.31542495000148174,0.8957915831663327,1.0,1.0,0.5677016955258832,0.6320216257437918,2.5999999999999996,Needs Attention,0.03365392719453347,0.15789473684210525,1.0
U0531,inactive,2,Social Engagers,0.2536089526961931,0.9983299933199733,1.0,1.0,0.614809394069037,0.6648559049780288,3.7,Potential Loyalist,0.014298665733928038,0.0975609756097561,1.0
U0532,inactive,0,Needs Attention,0.2633913948274761,0.14829659318637275,0.0,0.0,0.47676101266202814,0.5738800567205357,2.8,Needs Attention,0.01109134816945177,0.04838709677419355,0.0
U0533,paid,0,Needs Attention,0.2954280087216399,0.6175684702738811,0.0,1.0,0.6385422530454167,0.5589134075329736,3.7,Potential Loyalist,0.01699665542061671,0.06666666666666667,0.5
U0534,churned,0,Needs Attention,0.35016670634373526,0.5801603206412825,0.0,1.0,0.3288494592180616,0.7345808272575887,3.6000000000000005,Potential Loyalist,0.11505211345954972,0.07142857142857142,0.5
U0535,inactive,3,Segment 3,0.39346514561531487,0.33266533066132264,0.0,0.0,0.8622533456425959,0.36817623177974723,3.4000000000000004,Promising,0.022878511714261786,0.06741573033707865,0.0
U0536,churned,2,Social Engagers,0.3099203315179073,0.4956579826319305,1.0,0.0,0.6398527391862375,0.44383503513180883,2.0,At Risk,0.0147714712736263,0.05952380952380952,0.5
U0537,trial,1,At-Risk Users,0.27175013441591284,0.5885103540414162,0.0,1.0,0.4255890057268094,0.8156733236057714,4.7,Champions,0.0554421135094544,2.5,0.5
U0538,paid,0,Needs Attention,0.3715263646901899,0.4702738810955244,0.0,1.0,0.5287008473876592,0.47070120246248187,2.8,Needs Attention,0.025839141025776325,0.05714285714285714,0.5
U0539,trial,0,Needs Attention,0.18317636136819915,0.2975951903807615,0.0,0.0,0.424186950680387,0.8177537576471656,2.8,Needs Attention,0.024281591515965976,0.11764705882352941,0.0
U0540,inactive,3,Segment 3,0.31484056512210945,0.20774883099532396,0.0,0.0,0.7373368459765973,0.4153509800756705,2.7,Needs Attention,0.014668876299046667,0.06741573033707865,0.0
U0541,paid,0,Needs Attention,0.24907559458184533,0.2511690046760187,0.0,0.0,0.48562593351496997,0.7228950687828077,3.3,Promising,0.026334094402019056,0.14285714285714285,0.0
U0542,trial,3,Segment 3,0.46478207134123495,0.24549098196392785,0.0,0.0,0.5556033415144896,0.4402796933654718,3.5,Potential Loyalist,0.039518618687023235,0.030303030303030304,0.0
U0543,paid,0,Needs Attention,0.3274514057163104,0.43253173012692053,0.0,1.0,0.42653922076362455,0.6375717097617031,2.8000000000000003,Needs Attention,0.033540623930178384,0.17142857142857143,0.5
U0544,paid,0,Needs Attention,0.1933486967440233,0.017034068136272545,0.0,0.0,0.09868200821117891,0.8627141862089052,2.1999999999999997,At Risk,0.09982423085679067,0.4,0.0
U0545,trial,0,Needs Attention,0.3632856623608597,0.24448897795591182,0.0,0.0,0.6175226858210804,0.4969222196047608,3.5,Potential Loyalist,0.01584386348962986,0.06153846153846154,0.0
U0546,trial,2,Social Engagers,0.27276940333033606,0.7678690714762859,1.0,1.0,0.41393648720662296,0.6533596345975431,2.8000000000000003,Needs Attention,0.019622224023863398,0.125,1.0
U0547,paid,0,Needs Attention,0.1802947525030235,0.42919171676686707,0.0,1.0,0.41009059317136143,0.5726742123279731,1.2999999999999998,Lost,0.005677020478797423,0.013157894736842105,0.5
U0548,paid,3,Segment 3,0.5009452618738639,0.5547762191048764,0.0,1.0,0.4941020618015057,0.46113497053525615,3.8,Potential Loyalist,0.0585551445011097,0.03571428571428571,0.5
U0549,churned,0,Needs Attention,0.3215019116072753,0.2999331997327989,0.0,0.0,0.4310193420548963,0.6624180019718051,2.9,Needs Attention,0.0366902966321159,0.0,0.0
U0550,paid,0,Needs Attention,0.39821229366299027,0.37241148964595855,0.0,1.0,0.33720549713659526,0.5610726238022059,2.5,Needs Attention,0.04510654055587716,0.08888888888888889,0.5
U0551,churned,5,Social Engagers,0.466823852245691,0.9746158984635939,1.0,1.0,0.39034623554224557,0.6305439865249258,4.4,Loyal,0.10249332018596738,0.0,1.0
U0552,paid,5,Social Engagers,0.5232035442528236,0.9899799599198397,1.0,1.0,0.5622646041145963,0.4860778734483059,3.7,Potential Loyalist,0.07194116543778456,0.0425531914893617,1.0
U0553,paid,5,Social Engagers,0.3741540808595507,0.8079492317969272,1.0,1.0,0.28697544902539157,0.6478479770161845,3.4,Promising,0.05922523880410655,0.03225806451612903,1.0
U0554,churned,2,Social Engagers,0.18102950202666987,0.9305277221108884,1.0,1.0,0.43464757229815437,0.8360631498478278,3.1,Promising,0.03956929727416748,0.36363636363636365,1.0
U0555,paid,0,Needs Attention,0.27122336376918355,0.21576486305945222,0.0,0.0,0.24947272822799157,0.8032234285470006,3.2,Promising,0.0973346149850714,0.0,0.0
U0556,trial,2,Social Engagers,0.20031211279647643,0.7361389445557783,1.0,1.0,0.4166632891250666,0.5904510301944546,1.2999999999999998,Lost,0.00704484581018297,0.04477611940298507,1.0
U0557,trial,0,Needs Attention,0.28215929067539086,0.04208416833667334,0.0,0.0,0.12410664024678571,0.7753852766585952,3.0999999999999996,Promising,0.06301696341927286,0.07142857142857142,0.0
U0558,churned,3,Segment 3,0.4576954243110366,0.09752839011356046,0.0,0.0,0.4267418732596278,0.38921253264742056,2.5,Needs Attention,0.03377609033014482,0.0125,0.0
U0559,paid,5,Social Engagers,0.4188180972794957,0.5063460253841016,1.0,0.0,0.5130875984178094,0.43381552461102596,2.4000000000000004,At Risk,0.02978165021398028,0.02702702702702703,0.5
U0560,paid,2,Social Engagers,0.2107175639260219,0.4071476285905144,1.0,0.0,0.14085549375905368,0.8352715893039613,3.0000000000000004,Promising,0.0405961088103615,0.1,0.5
U0561,trial,0,Needs Attention,0.3074473015310947,0.3587174348697395,0.0,1.0,0.33961631127423386,0.4963826829111304,1.8000000000000003,Lost,0.016337579147874308,0.013157894736842105,0.5
U0562,trial,4,Active Users,0.5089570450247998,0.7792251169004677,1.0,1.0,0.21255845023380093,0.6861151346872478,3.3000000000000003,Promising,2.9825960257807598,3.0,1.0
U0563,trial,5,Social Engagers,0.4364371314317007,0.9545758183032732,1.0,1.0,0.40289042504484623,0.7126058062473626,4.2,Loyal,0.47121229250133895,0.6,1.0
U0564,trial,3,Segment 3,0.43278940825236434,0.2635270541082164,0.0,0.0,0.5680214361306883,0.6339433763251772,2.8,Needs Attention,0.06376990647195588,0.35,0.0
U0565,paid,0,Needs Attention,0.3656765619978316,0.615564462257849,0.0,1.0,0.3751150240556019,0.7465515096098116,3.4,Promising,0.17405191942482062,0.25,0.5
U0566,trial,0,Needs Attention,0.13063158231351302,0.6169004676018705,0.0,1.0,0.6075371717217206,0.7258763697608284,2.5,Needs Attention,0.004027863627991179,0.11627906976744186,0.5
U0567,paid,2,Social Engagers,0.2135753760972397,0.5798263193052772,1.0,0.0,0.6273918623764382,0.544195199873571,1.9,Lost,0.007946973502294487,0.039473684210526314,0.5
U0568,inactive,1,At-Risk Users,0.28069391607803074,0.6379425517702071,1.0,0.0,0.3379425517702071,0.8315836503531815,3.4,Promising,0.9518916787214016,1.0,0.5
U0569,trial,0,Needs Attention,0.3742903956909473,0.09151636606546426,0.0,0.0,0.3345875271141534,0.5371278902450061,2.4000000000000004,At Risk,0.031914838479288166,0.017543859649122806,0.0
U0570,paid,0,Needs Attention,0.3197177639630034,0.2879091516366065,0.0,0.0,0.5571975411497151,0.5400842352392192,3.4000000000000004,Promising,0.019869069363599577,0.015625,0.0
U0571,churned,0,Needs Attention,0.28286122740225317,0.6025384101536406,0.0,1.0,0.680066500041281,0.46858113589907363,3.0,Promising,0.012252917200900411,0.03571428571428571,0.5
U0572,trial,5,Social Engagers,0.4283805291819558,0.3720774883099532,1.0,0.0,0.27320108381557123,0.6153121080227414,2.0,At Risk,0.07355541005468215,0.14285714285714285,0.5
U0573,paid,2,Social Engagers,0.28793775676515054,0.7638610554442217,1.0,1.0,0.398692516118379,0.6570245799834629,2.4000000000000004,At Risk,0.02900280092403089,0.13513513513513514,1.0
U0574,churned,5,Social Engagers,0.5650770876948402,0.4235136940547762,1.0,0.0,0.2957983382495328,0.4652090665320321,2.8000000000000003,Needs Attention,0.08117773824372759,0.02127659574468085,0.5
U0575,inactive,3,Segment 3,0.37113423917108734,0.4822979291917167,0.0,1.0,0.5965301389295444,0.44114924373139014,1.5999999999999999,Lost,0.01869350343436572,0.06578947368421052,0.5
U0576,trial,5,Social Engagers,0.36520557946185933,0.7187708750835003,1.0,1.0,0.32026900242432427,0.6149192055143737,1.3,Lost,0.015635614860076814,0.10810810810810811,1.0
U0577,inactive,0,Needs Attention,0.27435573940961017,0.19071476285905142,0.0,0.0,0.4704900437579278,0.6226205989074254,1.9,Lost,0.01875584769055219,0.061224489795918366,0.0
U0578,paid,2,Social Engagers,0.27249645997133387,0.7277889111556446,1.0,1.0,0.35550426696088805,0.6407574431661359,2.1,At Risk,0.02135679119277449,0.09090909090909091,1.0
U0579,trial,0,Needs Attention,0.28967569153912626,0.14128256513026052,0.0,0.0,0.44727507449355636,0.5836413935871625,2.7,Needs Attention,0.019430687360480776,0.05357142857142857,0.0
U0580,paid,2,Social Engagers,0.2656995467247201,0.5521042084168336,1.0,0.0,0.41989447058911833,0.717176016646019,2.9,Needs Attention,0.03339885039036269,0.10714285714285714,0.5
U0581,inactive,3,Segment 3,0.3310489939481307,0.22444889779559118,0.0,0.0,0.7165837292562655,0.4481791142694195,1.9,Lost,0.015353377004411035,0.0759493670886076,0.0
U0582,paid,2,Social Engagers,0.2792428137025958,0.8670674682698731,1.0,1.0,0.2857940600301727,0.8069223968848256,3.9000000000000004,Potential Loyalist,0.1663306368499168,0.3333333333333333,1.0
U0583,trial,0,Needs Attention,0.27439466933719203,0.3383433533734135,0.0,1.0,0.36306245449700897,0.567278092014706,1.7,Lost,0.01631581807174819,0.06557377049180328,0.5
U0584,paid,0,Needs Attention,0.3666955796498905,0.3089512358049432,0.0,0.0,0.5801122844940818,0.6778549926355977,3.6,Potential Loyalist,0.08767652544848385,0.3,0.0
U0585,trial,5,Social Engagers,0.6703747033882441,0.5871743486973947,1.0,0.0,0.7088971951393424,0.25309432690322375,3.5,Potential Loyalist,0.07442838635680274,0.0641025641025641,0.5
U0586,trial,0,Needs Attention,0.28398108743186257,0.3657314629258517,0.0,1.0,0.06947678127791163,0.8253560283919463,2.1999999999999997,At Risk,0.48446567770525184,0.5,0.5
U0587,trial,0,Needs Attention,0.30550316426440305,0.6543086172344689,0.0,1.0,0.7239715385827835,0.4975491652711454,3.4000000000000004,Promising,0.015400716270075387,0.0547945205479452,0.5
U0588,trial,0,Needs Attention,0.19972549141619805,0.5387441549766199,0.0,1.0,0.47357561565077716,0.7142072583417705,2.2,At Risk,0.014383148105980896,0.10810810810810811,0.5
U0589,trial,0,Needs Attention,0.41513642416960184,0.09986639946559787,0.0,0.0,0.20436078148806977,0.6700670816684517,3.5,Potential Loyalist,0.10464688478696556,0.05,0.0
U0590,trial,3,Segment 3,0.4642962801024534,0.58249832999332,0.0,1.0,0.40946462212815143,0.6107839340661876,3.3,Promising,0.09987500403271375,0.07692307692307693,0.5
U0591,paid,2,Social Engagers,0.27051161775715105,0.8072812291249165,1.0,1.0,0.2788168096492611,0.7185440931754966,3.0,Promising,0.031812096615279895,0.034482758620689655,1.0
U0592,trial,1,At-Risk Users,0.28802045226353784,0.4355377421509686,1.0,0.0,0.1355377421509686,0.8271877286418773,2.5,Needs Attention,0.9898701697746657,1.0,0.5
U0593,trial,3,Segment 3,0.4610914121630727,0.6523046092184369,0.0,1.0,0.44631209985514103,0.5829196207872627,3.3000000000000003,Promising,0.07340176293300076,0.0,0.5
U0594,churned,0,Needs Attention,0.27743305400562596,0.09118236472945891,0.0,0.0,0.41627599768826046,0.5356678271710925,1.2999999999999998,Lost,0.010550267065815178,0.02857142857142857,0.0
U0595,paid,5,Social Engagers,0.377624140537241,0.7535070140280561,1.0,1.0,0.4040688117808651,0.5181063667414851,2.0,At Risk,0.028961768043921757,0.05084745762711865,1.0
U0596,paid,0,Needs Attention,0.27589270813182576,0.4128256513026052,0.0,1.0,0.36750729924268005,0.5451026729932449,2.9,Needs Attention,0.002436923761893194,0.014492753623188406,0.5
U0597,trial,5,Social Engagers,0.5091645200342795,0.9789579158316633,1.0,1.0,0.5988081030975809,0.5413097986177302,2.9,Needs Attention,0.0793302126176687,0.15151515151515152,1.0
U0598,trial,3,Segment 3,0.4238318658139726,0.5915163660654642,0.0,1.0,0.5787822836684605,0.5201689656179995,3.4000000000000004,Promising,0.046098252144996056,0.0784313725490196,0.5
U0599,trial,0,Needs Attention,0.3224295144101422,0.4438877755511022,0.0,1.0,0.4656106219930498,0.47462739773689344,2.9,Needs Attention,0.010403000730911877,0.02564102564102564,0.5
U0600,trial,0,Needs Attention,0.31895751026687,0.37140948563794257,0.0,1.0,0.21260798751060173,0.7490510257547716,1.9000000000000001,Lost,0.07350155239913288,0.3333333333333333,0.5
U0601,trial,5,Social Engagers,0.38379732890218266,0.7558450233800936,1.0,1.0,0.2936727387358988,0.6761045813820947,1.9,Lost,0.07431738951811899,0.2,1.0
U0602,trial,3,Segment 3,0.4752456653054814,0.0036740146960587846,0.0,0.0,0.3650972356698416,0.4765547284762856,2.5,Needs Attention,0.055878004444366004,0.09433962264150944,0.0
U0603,trial,0,Needs Attention,0.17625964055227758,0.3573814295257181,0.0,1.0,0.48322412615493154,0.5112654922643781,1.4000000000000001,Lost,0.0036022291956982547,0.045454545454545456,0.5
U0604,trial,3,Segment 3,0.6422457823578213,0.29158316633266534,0.0,0.0,0.5488865371191821,0.42741848803211574,4.1,Loyal,0.12168161887500738,0.06976744186046512,0.0
U0605,paid,2,Social Engagers,0.1665069533233821,0.46860387441549767,1.0,0.0,0.5315252227301044,0.5213724237506516,2.0,At Risk,0.0028043778485881215,0.02247191011235955,0.5
U0606,trial,0,Needs Attention,0.3516296726338443,0.605878423513694,0.0,1.0,0.5560656894312971,0.5720009198239487,2.9,Needs Attention,0.030581626060045785,0.06,0.5
U0607,trial,0,Needs Attention,0.22024298542656084,0.3924515698062792,0.0,1.0,0.23065381699729048,0.7444499534249145,2.0,At Risk,0.021413477888093488,0.06896551724137931,0.5
U0608,paid,0,Needs Attention,0.24804654376019808,0.6589846359385437,0.0,1.0,0.6353891303205662,0.6043635631055833,3.7,Potential Loyalist,0.009273292805606053,0.05263157894736842,0.5
U0609,paid,0,Needs Attention,0.26382068970878003,0.5908483633934536,0.0,1.0,0.4665037941050641,0.6757501393662213,3.4000000000000004,Promising,0.01036642947222687,0.05128205128205128,0.5
U0610,trial,0,Needs Attention,0.2133172895783299,0.6489645958583834,0.0,1.0,0.621623771888346,0.6294564347636403,2.5,Needs Attention,0.0092312119813944,0.05357142857142857,0.5
U0611,churned,2,Social Engagers,0.2636755513179034,0.7528390113560454,1.0,1.0,0.31014238214256223,0.6588159458050027,2.4000000000000004,At Risk,0.020081179576905115,0.046511627906976744,1.0
U0612,paid,0,Needs Attention,0.24607672115439372,0.13326653306613226,0.0,0.0,0.41678713231706865,0.6353326907116191,2.7,Needs Attention,0.01422891854304726,0.06,0.0
U0613,trial,0,Needs Attention,0.364478099068918,0.4231796927187708,0.0,1.0,0.30557669646408925,0.674930161835245,2.7,Needs Attention,0.07540750535248994,0.17391304347826086,0.5
U0614,churned,2,Social Engagers,0.2810554071154921,0.9442217768871076,1.0,1.0,0.5052704660256843,0.6441327131775133,2.9,Needs Attention,0.0236659356184542,0.045454545454545456,1.0
U0615,inactive,0,Needs Attention,0.2832773995941402,0.5440881763527053,0.0,1.0,0.44933162204558935,0.6640761134350053,3.4000000000000004,Promising,0.02352182493455809,0.07894736842105263,0.5
U0616,trial,2,Social Engagers,0.19154809307310613,0.5604542418169672,1.0,0.0,0.5379823317046077,0.5361349739433703,2.3,At Risk,0.0050317098831448815,0.0,0.5
U0617,trial,2,Social Engagers,0.3482594511414524,0.8286573146292585,1.0,1.0,0.31105431837457687,0.6931719888895966,3.0,Promising,0.0693152995420815,0.08695652173913043,1.0
U0618,churned,0,Needs Attention,0.1773234431618655,0.1933867735470942,0.0,0.0,0.4915141143710642,0.6936059341028806,2.3,At Risk,0.0072077496200214225,0.08888888888888889,0.0
U0619,paid,0,Needs Attention,0.18755464499251165,0.35270541082164325,0.0,1.0,0.3770499801100327,0.6534246598130037,1.3,Lost,0.009020895907560254,0.09615384615384616,0.5
U0620,trial,0,Needs Attention,0.2242827324238525,0.21409485637942552,0.0,0.0,0.6099750061921596,0.5207495094818586,1.9,Lost,0.008243420002276939,0.0375,0.0
U0621,trial,3,Segment 3,0.46012184252565924,0.6292585170340681,0.0,1.0,0.6127791162850045,0.5026502987399236,2.9,Needs Attention,0.04557868624149473,0.08,0.5
U0622,trial,3,Segment 3,0.4280710860522128,0.08851035404141616,0.0,0.0,0.18139424917250233,0.709114795177183,2.5,Needs Attention,0.21448115183377742,0.25,0.0
U0623,paid,0,Needs Attention,0.3432743840544215,0.02471609886439546,0.0,0.0,0.47265617377076247,0.4238226036099004,2.2,At Risk,0.016062413313696015,0.047058823529411764,0.0
U0624,paid,4,Active Users,0.6099931910730586,0.6666666666666666,0.0,1.0,0.39999999999999997,0.6297487662072286,4.6,Champions,4.591342783805336,2.0,0.5
U0625,trial,0,Needs Attention,0.4410247595973613,0.36305945223780894,0.0,1.0,0.12261001403556178,0.7013425910500939,3.4,Promising,0.31615701455205897,0.25,0.5
U0626,paid,3,Segment 3,0.47968487647972957,0.5016700066800267,0.0,1.0,0.339872253871038,0.5887848187930134,3.0,Promising,0.09412757317941106,0.06896551724137931,0.5
U0627,paid,2,Social Engagers,0.30423435553178035,0.45223780895123583,1.0,0.0,0.20055241569280882,0.7961827909362509,2.9,Needs Attention,0.24030089450470288,0.4,0.5
U0628,trial,0,Needs Attention,0.22310511742817546,0.05110220440881763,0.0,0.0,0.46945426433391124,0.4959241635856479,1.4000000000000001,Lost,0.0074508457145925164,0.03488372093023256,0.0
U0629,trial,0,Needs Attention,0.3536361625813158,0.6336005344021376,0.0,1.0,0.5392185119302275,0.5878183024512105,3.7,Potential Loyalist,0.031715610753090866,0.0425531914893617,0.5
U0630,paid,0,Needs Attention,0.22492737020886605,0.405811623246493,0.0,1.0,0.2960737955311372,0.7161074076619143,2.8000000000000003,Needs Attention,0.008496836490305488,0.08823529411764706,0.5
U0631,churned,0,Needs Attention,0.24369150491148728,0.4953239812959252,0.0,1.0,0.40169102249442706,0.5856999906701289,1.5999999999999999,Lost,0.011693579331974678,0.0,0.5
U0632,paid,2,Social Engagers,0.23953584224214028,0.5133600534402137,1.0,0.0,0.5822739111181164,0.6052146648674818,2.3,At Risk,0.013715183747219913,0.10909090909090909,0.5
U0633,paid,0,Needs Attention,0.28684627292627385,0.04308617234468937,0.0,0.0,0.5764195056780227,0.42789223624423567,1.4000000000000001,Lost,0.01201472485290777,0.06666666666666667,0.0
U0634,trial,2,Social Engagers,0.1835947410910175,0.688376753507014,1.0,1.0,0.1790134576268642,0.7153750702390065,1.7,Lost,0.008551008152559115,0.0,1.0
U0635,paid,5,Social Engagers,0.4631682894506806,0.714428857715431,1.0,1.0,0.45450376408247206,0.3986947710104427,2.2,At Risk,0.03804668970546403,0.05405405405405406,1.0
U0636,paid,0,Needs Attention,0.3009837367733093,0.4599198396793587,0.0,1.0,0.33520073855576316,0.6874948643189931,3.4,Promising,0.03591325557147835,0.1,0.5
U0637,trial,0,Needs Attention,0.3542920814559636,0.43754175016700064,0.0,1.0,0.574245870017188,0.42572262346684736,2.5,Needs Attention,0.018275210065636194,0.06097560975609756,0.5
U0638,trial,0,Needs Attention,0.22638462370170903,0.46893787575150303,0.0,1.0,0.2288629693844618,0.7960841193959958,2.1999999999999997,At Risk,0.03943347956503168,0.058823529411764705,0.5
U0639,trial,5,Social Engagers,0.41833403971011673,0.8022712090848364,1.0,1.0,0.2625708345530011,0.6426165974505258,3.0,Promising,0.08460231187212876,0.038461538461538464,1.0
U0640,trial,0,Needs Attention,0.27302088793683826,0.6579826319305276,0.0,1.0,0.48419986039494717,0.7936342757485353,4.2,Loyal,0.11802869987422006,0.5,0.5
U0641,trial,0,Needs Attention,0.19535570397946445,0.09218436873747494,0.0,0.0,0.46446901293223153,0.6657653010165767,2.0,At Risk,0.009552771533006545,0.1276595744680851,0.0
U0642,trial,5,Social Engagers,0.38790057003920875,0.5384101536406146,1.0,0.0,0.5526423633784422,0.4438554026573258,2.7,Needs Attention,0.02548329820685417,0.02631578947368421,0.5
U0643,trial,5,Social Engagers,0.3363124313863051,0.4696058784235137,1.0,0.0,0.502190148086435,0.48757424329587656,1.5999999999999999,Lost,0.013083245103221591,0.041666666666666664,0.5
U0644,trial,2,Social Engagers,0.2792713862433368,0.7712090848363392,1.0,1.0,0.4674637664842794,0.4579690831476149,2.5,Needs Attention,0.009576376249985984,0.011235955056179775,1.0
U0645,churned,0,Needs Attention,0.29320777771548456,0.18303273213092852,0.0,0.0,0.4849053913069585,0.6198200142217731,1.9,Lost,0.0172398451687798,0.08695652173913043,0.0
U0646,paid,0,Needs Attention,0.10599634922993378,0.08283233132932531,0.0,0.0,0.4337686609173403,0.6427851691854439,1.2999999999999998,Lost,0.00068108352311715,0.04411764705882353,0.0
U0647,paid,0,Needs Attention,0.3258145077307377,0.6486305945223781,0.0,1.0,0.5684807817882956,0.6555751251487913,2.5,Needs Attention,0.03593281304307416,0.12121212121212122,0.5
U0648,churned,1,At-Risk Users,0.29552194295778944,0.48697394789579157,0.0,1.0,0.18697394789579158,0.8226868342253264,3.6,Potential Loyalist,1.138627082143808,1.0,0.5
U0649,paid,0,Needs Attention,0.071414210276915,0.13293253173012692,0.0,0.0,0.33368159540053893,0.8677897717061915,2.1999999999999997,At Risk,0.0,0.21052631578947367,0.0
U0650,trial,3,Segment 3,0.6437981157717034,0.22277889111556445,0.0,0.0,0.4351384416773622,0.4775509177710205,4.1,Loyal,0.17393934760190363,0.0967741935483871,0.0
U0651,paid,3,Segment 3,0.3946074748033198,0.48363393453573816,0.0,1.0,0.5795140843484723,0.4142993449052421,2.0,At Risk,0.022826576215290835,0.05,0.5
U0652,paid,0,Needs Attention,0.2676337345498411,0.490313961255845,0.0,1.0,0.2723364331659574,0.779845291184989,2.5,Needs Attention,0.050332448066089296,0.14285714285714285,0.5
U0653,paid,0,Needs Attention,0.26369519084922566,0.21476285905143622,0.0,0.0,0.47618608002521895,0.6162509705968475,3.0,Promising,0.016295479192539954,0.03773584905660377,0.0
U0654,paid,0,Needs Attention,0.2173263373655684,0.18637274549098196,0.0,0.0,0.3957360413711317,0.669604197580659,1.9,Lost,0.012987787623389086,0.020833333333333332,0.0
U0655,trial,5,Social Engagers,0.35100215318894795,0.47795591182364733,1.0,0.0,0.4326375597637222,0.5000370059589716,1.5999999999999999,Lost,0.014387801280581307,0.014492753623188406,0.5
U0656,trial,5,Social Engagers,0.4273338269642557,0.9856379425517702,1.0,1.0,0.7189712758851036,0.3606209804171912,3.0,Promising,0.025304595755409616,0.022222222222222223,1.0
U0657,trial,0,Needs Attention,0.3809425897898241,0.48196392785571146,0.0,1.0,0.44376168066470023,0.5076046588920631,2.4000000000000004,At Risk,0.030268021151454234,0.03225806451612903,0.5
U0658,paid,5,Social Engagers,0.3139849954843653,0.9024716098864395,1.0,1.0,0.5459173027703347,0.5307579388795935,1.9,Lost,0.017037307699909614,0.030303030303030304,1.0
U0659,paid,0,Needs Attention,0.209314360264542,0.03406813627254509,0.0,0.0,0.436689859118987,0.5893050008625514,1.4000000000000001,Lost,0.008522761271839619,0.078125,0.0
U0660,trial,0,Needs Attention,0.17240076640937596,0.1092184368737475,0.0,0.0,0.43431206983254905,0.5986871997288425,1.2999999999999998,Lost,0.005364983254724966,0.02857142857142857,0.0
U0661,inactive,5,Social Engagers,0.4691886172004234,0.8944555778223112,1.0,1.0,0.5933319823166934,0.44189108499889485,3.5,Potential Loyalist,0.04248817990636767,0.06349206349206349,1.0
U0662,paid,3,Segment 3,0.5112471256872504,0.5337341349365398,0.0,1.0,0.6033970562848544,0.374102788417437,3.5,Potential Loyalist,0.024878758755575027,0.0547945205479452,0.5
U0663,trial,0,Needs Attention,0.3195292000281863,0.08183032732130928,0.0,0.0,0.2350138479205602,0.6721122672171307,2.0,At Risk,0.03961260945993615,0.030303030303030304,0.0
U0664,trial,2,Social Engagers,0.1563916505734364,0.3523714094856379,1.0,0.0,0.26885081023470164,0.727441605400619,1.3,Lost,0.0075011534197245875,0.07317073170731707,0.5
U0665,trial,3,Segment 3,0.4647025440172551,0.034736138944555774,0.0,0.0,0.4309908205924959,0.34245506933432784,2.5999999999999996,Needs Attention,0.029292046049482524,0.02247191011235955,0.0
U0666,trial,0,Needs Attention,0.2985242320704645,0.564128256513026,0.0,1.0,0.6068248857265092,0.5996088650130404,2.2,At Risk,0.016904280096852024,0.125,0.5
U0667,trial,5,Social Engagers,0.47682775425100354,0.6576486305945224,1.0,0.0,0.4359257841525748,0.6585841985132277,3.5,Potential Loyalist,0.1841845126799225,0.15384615384615385,0.5
U0668,trial,2,Social Engagers,0.33438013106762604,0.35604542418169677,1.0,0.0,0.39237501219667803,0.4844783043381478,2.2,At Risk,0.017229132667746155,0.0410958904109589,0.5
U0669,trial,5,Social Engagers,0.3424585645490702,0.9979959919839679,1.0,1.0,0.6826401867405223,0.46686528680247275,2.2,At Risk,0.01652026569276284,0.025974025974025976,1.0
U0670,trial,5,Social Engagers,0.4707088577698847,0.4338677354709419,1.0,0.0,0.3128939526994063,0.5814044725721117,2.3,At Risk,0.07587443170838366,0.0967741935483871,0.5
U0671,churned,2,Social Engagers,0.386082890820433,0.7174348697394789,1.0,1.0,0.42792176112524677,0.44494601018859126,2.2,At Risk,0.025107811291706753,0.04,1.0
U0672,trial,0,Needs Attention,0.26394173564085127,0.1790247160988644,0.0,0.0,0.4632943790202127,0.5565285756367658,1.5999999999999999,Lost,0.012721376051435376,0.014705882352941176,0.0
U0673,paid,1,At-Risk Users,0.5765466282928303,0.6299265197060788,1.0,0.0,0.4744958080955919,0.6242847889817487,5.0,Champions,1.0810347120915313,1.25,0.5
U0674,paid,3,Segment 3,0.46740419022413277,0.344689378757515,0.0,1.0,0.24543844242792703,0.6259404645889246,2.8,Needs Attention,0.147512720447469,0.2631578947368421,0.5
U0675,inactive,2,Social Engagers,0.32708245639542766,0.6526386105544422,1.0,0.0,0.611065576846577,0.5101335048861476,3.4000000000000004,Promising,0.019256757166777997,0.014285714285714285,0.5
U0676,trial,3,Segment 3,0.45504213043602393,0.3380093520374081,0.0,1.0,0.30804680522092875,0.38654918982349207,2.5999999999999996,Needs Attention,0.03225074599362519,0.0,0.5
U0677,trial,0,Needs Attention,0.16976753033126207,0.03507014028056112,0.0,0.0,0.1800139605052802,0.8385650137161365,1.9000000000000001,Lost,0.028991053997375168,0.23076923076923078,0.0
U0678,inactive,3,Segment 3,0.4321960760305136,0.24348697394789579,0.0,0.0,0.45921731102654756,0.6342993756582876,3.7,Potential Loyalist,0.10598807835335614,0.17391304347826086,0.0
U0679,churned,0,Needs Attention,0.21677127025289983,0.2989311957247829,0.0,0.0,0.7727139672603635,0.5039797910397494,3.0,Promising,0.005521228689407187,0.060240963855421686,0.0
U0680,churned,2,Social Engagers,0.32747745304254877,0.3577154308617234,1.0,0.0,0.3682023222474912,0.4843645920042579,2.5999999999999996,Needs Attention,0.01174950113737376,0.02666666666666667,0.5
U0681,trial,4,Active Users,0.523876234751388,0.6189044756179025,0.0,1.0,0.3855711422845691,0.6771636208512948,5.0,Champions,3.343152545942456,3.0,0.5
U0682,trial,2,Social Engagers,0.1638001434807573,0.9772879091516367,1.0,1.0,0.6697972724475169,0.5315071479540988,2.2,At Risk,0.003929850607656089,0.011363636363636364,1.0
U0683,paid,2,Social Engagers,0.1517933070271637,0.7615230460921844,1.0,1.0,0.46002491875136037,0.66637082429434,2.0,At Risk,0.002738796119683615,0.09259259259259259,1.0
U0684,inactive,3,Segment 3,0.5088534370872962,0.18336673346693388,0.0,0.0,0.47887235144446194,0.3968155973220904,2.8,Needs Attention,0.04552763051643453,0.014084507042253521,0.0
U0685,paid,0,Needs Attention,0.23954097117483514,0.39879759519038077,0.0,1.0,0.42838561017165416,0.4818073321887159,1.4000000000000001,Lost,0.008476073653468584,0.011235955056179775,0.5
U0686,paid,2,Social Engagers,0.3154436582238955,0.42651970607882433,1.0,0.0,0.541126447651858,0.4405210391082159,2.5,Needs Attention,0.014438931322786468,0.047058823529411764,0.5
U0687,trial,0,Needs Attention,0.26268116008755216,0.5958583834335337,0.0,1.0,0.4482928403623727,0.7700508784155538,3.5,Potential Loyalist,0.06095373138742384,0.26666666666666666,0.5
U0688,churned,0,Needs Attention,0.2803042138992792,0.22879091516366065,0.0,0.0,0.5018246230288291,0.5594770461285177,3.1,Promising,0.00928713120131749,0.015384615384615385,0.0
U0689,trial,0,Needs Attention,0.2480397463194296,0.605878423513694,0.0,1.0,0.653443966584855,0.5235165777402571,3.0,Promising,0.009584282233754191,0.039473684210526314,0.5
U0690,trial,2,Social Engagers,0.23656752864198877,0.5187040748162993,1.0,0.0,0.5475430261271607,0.5516765040914025,1.5999999999999999,Lost,0.0050175281443562425,0.04225352112676056,0.5
U0691,paid,2,Social Engagers,0.3232585891595492,0.6566466265865064,1.0,0.0,0.7090810835153453,0.7081725060787386,3.5,Potential Loyalist,0.08886614049910155,0.6666666666666666,0.5
U0692,paid,3,Segment 3,0.5128762438039793,0.22211088844355378,0.0,0.0,0.363683922151419,0.6029125515899529,4.1,Loyal,0.11435160023271865,0.09523809523809523,0.0
U0693,trial,2,Social Engagers,0.44965185391821044,0.3841015364061456,1.0,0.0,0.18485060007655763,0.6493578238192865,3.1999999999999997,Promising,0.10845431514639474,0.10526315789473684,0.5
U0694,trial,0,Needs Attention,0.17319201205778711,0.09686038744154978,0.0,0.0,0.384500836879752,0.6407656438291575,2.0,At Risk,0.004929899829164033,0.03333333333333333,0.0
U0695,paid,0,Needs Attention,0.22938951144344102,0.3109552438209753,0.0,0.0,0.7405432588022487,0.47938756972968005,2.2,At Risk,0.007707253467502932,0.033707865168539325,0.0
U0696,trial,0,Needs Attention,0.2536615924648333,0.047094188376753505,0.0,0.0,0.23361104230933774,0.7073775126062063,2.5,Needs Attention,0.017781546410814694,0.06060606060606061,0.0
U0697,paid,3,Segment 3,0.5245977695415156,0.5895123580494323,0.0,1.0,0.46928763894830866,0.48098601912615446,3.4000000000000004,Promising,0.06929978037657598,0.02040816326530612,0.5
U0698,trial,0,Needs Attention,0.21309257740574628,0.10387441549766198,0.0,0.0,0.39788190613436614,0.7104423258969778,2.4000000000000004,At Risk,0.0121851421934981,0.14285714285714285,0.0
U0699,paid,0,Needs Attention,0.11392935367167731,0.21543086172344691,0.0,0.0,0.4431462175286904,0.7444083452438021,2.2,At Risk,0.0039428117375185185,0.045454545454545456,0.0
U0700,paid,3,Segment 3,0.6195834744284279,0.343687374749499,0.0,1.0,0.5103540414161657,0.2325052344918794,2.5999999999999996,Needs Attention,0.05572840228951025,0.05555555555555555,0.5
U0701,trial,2,Social Engagers,0.37562054234453257,0.34168336673346694,1.0,0.0,0.07913655025406618,0.7320744831039188,3.0999999999999996,Promising,0.168289615079508,0.09090909090909091,0.5
U0702,trial,0,Needs Attention,0.2420352117746514,0.30394121576486305,0.0,0.0,0.703192152094451,0.5398852559139325,2.6,Needs Attention,0.010716801592207633,0.05555555555555555,0.0
U0703,trial,3,Segment 3,0.3623547045478185,0.08483633934535738,0.0,0.0,0.6065591857873048,0.4293956879096068,2.5,Needs Attention,0.02196992037368977,0.08974358974358974,0.0
U0704,trial,3,Segment 3,0.5398632197251623,0.3152972611890447,0.0,0.0,0.6887055008894193,0.35693313199468985,3.8,Potential Loyalist,0.05158186149618529,0.04054054054054054,0.0
U0705,inactive,0,Needs Attention,0.18886409348976135,0.5784903139612558,0.0,1.0,0.5886026735118176,0.6015751609274198,1.9,Lost,0.006552161846104391,0.045454545454545456,0.5
U0706,trial,0,Needs Attention,0.33474144308283155,0.3517034068136273,0.0,1.0,0.22024273265632388,0.6076657724481733,1.3,Lost,0.020360100798104023,0.021739130434782608,0.5
U0707,churned,0,Needs Attention,0.41291466422155226,0.43086172344689383,0.0,1.0,0.2608242702633732,0.7054426908287708,3.4,Promising,0.248647565093583,0.4444444444444444,0.5
U0708,trial,1,At-Risk Users,0.43329247791002323,0.5457581830327322,0.0,1.0,0.453248819736852,0.7059819600624967,4.3,Loyal,0.8163642055512818,2.3333333333333335,0.5
U0709,paid,0,Needs Attention,0.19752080483793472,0.07648630594522378,0.0,0.0,0.45775971418492417,0.5197853894376647,1.7000000000000002,Lost,0.005458171103082772,0.023529411764705882,0.0
U0710,churned,5,Social Engagers,0.49196570100219006,0.6840347361389446,1.0,1.0,0.4443343616071094,0.5601397283348561,3.1999999999999997,Promising,0.11657551332754204,0.38461538461538464,1.0
U0711,paid,2,Social Engagers,0.16975414274588327,0.6516366065464262,1.0,0.0,0.6508875428760142,0.5917645356290657,2.2,At Risk,0.00523353201216405,0.027777777777777776,0.5
U0712,paid,3,Segment 3,0.4865734837657476,0.033400133600534405,0.0,0.0,0.37609676281401755,0.4910346331448068,2.1,At Risk,0.05810861724986455,0.10416666666666667,0.0
U0713,paid,3,Segment 3,0.48255319340076486,0.15564462257849032,0.0,0.0,0.39909031546238544,0.4381276584276262,3.1999999999999997,Promising,0.04583108106581632,0.0,0.0
U0714,trial,0,Needs Attention,0.2617179572501549,0.615564462257849,0.0,1.0,0.7406580952166505,0.5280756086286305,3.0,Promising,0.012093973158097807,0.08571428571428572,0.5
U0715,inactive,2,Social Engagers,0.22210702064390775,0.9348697394789579,1.0,1.0,0.5026600016512425,0.7390762131455701,3.6,Potential Loyalist,0.018012860936046142,0.14285714285714285,1.0
U0716,churned,5,Social Engagers,0.4480659774516174,0.9565798263193054,1.0,1.0,0.48354611845413675,0.6162667965077531,4.0,Loyal,0.10126109240583725,0.11538461538461539,1.0
U0717,inactive,2,Social Engagers,0.1757149792233804,0.7555110220440882,1.0,1.0,0.24539866249352638,0.7881880337425675,2.3,At Risk,0.012529267814890497,0.08,1.0
U0718,trial,0,Needs Attention,0.32439070778341766,0.2651970607882432,0.0,0.0,0.373062229327569,0.7543017455427155,4.3,Loyal,0.1100055518257549,0.16666666666666666,0.0
U0719,paid,2,Social Engagers,0.35113910369120843,0.3336673346693387,1.0,0.0,0.11531527474424504,0.763784622891658,3.0,Promising,0.3238261197643268,0.6,0.5
U0720,inactive,5,Social Engagers,0.4137746888104263,0.6736806947227789,1.0,1.0,0.316377323936262,0.5389692292669357,2.5,Needs Attention,0.04680717265120405,0.08333333333333333,1.0
U0721,trial,3,Segment 3,0.41366930461024626,0.1927187708750835,0.0,0.0,0.42755023154924077,0.5900962895742778,2.7,Needs Attention,0.05836105970031522,0.08108108108108109,0.0
U0722,trial,3,Segment 3,0.36438228586053306,0.4038076152304609,0.0,1.0,0.39594244669113504,0.4494557348666589,2.1,At Risk,0.021943605652136496,0.012658227848101266,0.5
U0723,paid,5,Social Engagers,0.4269912300435105,0.41182364729458915,1.0,0.0,0.30620566976649927,0.5565712194207022,2.0,At Risk,0.046589755010455876,0.045454545454545456,0.5
U0724,paid,0,Needs Attention,0.3785419742559071,0.6269205076820308,0.0,1.0,0.5460216312775364,0.6920237516166685,3.5,Potential Loyalist,0.11433920011102373,0.4,0.5
U0725,churned,0,Needs Attention,0.3108111090369658,0.17635270541082163,0.0,0.0,0.5003227428640051,0.6177686537267567,2.7,Needs Attention,0.02955157146796403,0.11627906976744186,0.0
U0726,trial,0,Needs Attention,0.3760595691409242,0.4625918503674014,0.0,1.0,0.3719551462475512,0.5701089393665093,1.9,Lost,0.030129950913438387,0.041666666666666664,0.5
U0727,churned,0,Needs Attention,0.23567170079335553,0.3376753507014028,0.0,1.0,0.42643939564522304,0.48412889441760365,1.8000000000000003,Lost,0.007144275060366518,0.034482758620689655,0.5
U0728,trial,0,Needs Attention,0.35510227432005076,0.5063460253841016,0.0,1.0,0.4981063250095697,0.4890662949824377,2.8,Needs Attention,0.02154809616985185,0.02857142857142857,0.5
U0729,trial,2,Social Engagers,0.23194089167602164,0.9492317969271876,1.0,1.0,0.5177711227698844,0.6650907841433232,2.5,Needs Attention,0.0151993722250157,0.043478260869565216,1.0
U0730,trial,2,Social Engagers,0.2606900996400982,0.4071476285905144,1.0,0.0,0.33111766604369786,0.6563518976627496,1.6,Lost,0.0,0.06976744186046512,0.5
U0731,churned,0,Needs Attention,0.20927052039232744,0.6376085504342017,0.0,1.0,0.47918158414206685,0.7808206664880077,3.6,Potential Loyalist,0.018736160954363,0.14285714285714285,0.5
U0732,paid,0,Needs Attention,0.3186893540913598,0.20541082164328658,0.0,0.0,0.42114115872193825,0.7024034088217799,2.9,Needs Attention,0.05658310627819598,0.17391304347826086,0.0
U0733,paid,0,Needs Attention,0.045932303345345,0.3209752839011356,0.0,0.0,0.7835221003805364,0.6192491286310908,2.2,At Risk,0.00033558174048620496,0.0625,0.0
U0734,trial,2,Social Engagers,0.306621386758517,0.46760187040748163,1.0,0.0,0.33988651460223823,0.6202824870938259,2.7,Needs Attention,0.026266394437689744,0.02127659574468085,0.5
U0735,churned,0,Needs Attention,0.20287269833490434,0.17100868403473612,0.0,0.0,0.29010980763024175,0.8144465937650149,3.3000000000000003,Promising,0.022545700327193868,0.13333333333333333,0.0
U0736,trial,2,Social Engagers,0.3829230477178148,0.762191048764195,1.0,1.0,0.25207868921363324,0.6638631926459069,1.9,Lost,0.0592726315154261,0.08,1.0
U0737,churned,0,Needs Attention,0.19722246334836963,0.46125584502338013,0.0,1.0,0.2590086540121441,0.7369856709271484,1.9,Lost,0.008007230372689848,0.0,0.5
U0738,paid,5,Social Engagers,0.4292584505813586,0.4154976619906479,1.0,0.0,0.4593178867097491,0.41904067433203596,2.1,At Risk,0.030587218281038536,0.04,0.5
U0739,trial,3,Segment 3,0.5715768200043686,0.3002672010688043,0.0,0.0,0.6541997853384672,0.42726667395482565,4.1,Loyal,0.07746165068347338,0.09803921568627451,0.0
U0740,paid,2,Social Engagers,0.2402354482703537,0.3633934535738143,1.0,0.0,0.3158279105026532,0.7707523480590643,2.7,Needs Attention,0.044065356610726705,0.4666666666666667,0.5
U0741,trial,2,Social Engagers,0.24686200407063275,0.6088844355377422,1.0,0.0,0.5598207651257571,0.5667764145788969,3.0,Promising,0.010562211258615081,0.014705882352941176,0.5
U0742,paid,2,Social Engagers,0.4253280452975845,0.7705410821643287,1.0,1.0,0.27878078253886046,0.6511861515448536,3.1,Promising,0.1122746110371243,0.14285714285714285,1.0
U0743,paid,0,Needs Attention,0.2832182120296623,0.14562458249833,0.0,0.0,0.29056840272304907,0.7704946046970963,2.9,Needs Attention,0.08124996771578821,0.23076923076923078,0.0
U0744,trial,2,Social Engagers,0.14025117537136872,0.6619906479625919,1.0,0.0,0.7803427078876854,0.5413812096707958,2.2,At Risk,0.002207206955945507,0.046511627906976744,0.5
U0745,churned,3,Segment 3,0.49855422922737747,0.5754843019372077,0.0,1.0,0.44290003227428637,0.611505760335914,3.3,Promising,0.15224847764053928,0.21052631578947367,0.5
U0746,trial,3,Segment 3,0.3643686182450582,0.014028056112224449,0.0,0.0,0.23762356173020202,0.6324426588401991,2.5,Needs Attention,0.04766016827930494,0.08823529411764706,0.0
U0747,paid,0,Needs Attention,0.13015344722038463,0.3577154308617234,0.0,1.0,0.4127716106370043,0.5857377189018117,1.0,Lost,0.00219918695573485,0.038461538461538464,0.5
U0748,inactive,5,Social Engagers,0.3899247005543648,0.9181696726786908,1.0,1.0,0.6024393356000389,0.47242815839078534,1.9,Lost,0.022325149771024726,0.04411764705882353,1.0
U0749,paid,3,Segment 3,0.5245902457108553,0.33132932531730125,0.0,0.0,0.5223405612723574,0.4724798951266783,4.1,Loyal,0.06804442129903078,0.0,0.0
U0750,trial,0,Needs Attention,0.2544529143388357,0.18704074816299265,0.0,0.0,0.5510856919832174,0.7069027194818049,2.1999999999999997,At Risk,0.014338836870890511,0.2962962962962963,0.0
U0751,inactive,3,Segment 3,0.36274577802371,0.2935871743486974,0.0,0.0,0.49845608820637527,0.6546929587176888,4.0,Loyal,0.05923131711520164,0.10344827586206896,0.0
U0752,paid,0,Needs Attention,0.25579127141848,0.292251169004676,0.0,0.0,0.42670809784362734,0.7316316201276354,4.0,Loyal,0.02174536506385635,0.03571428571428571,0.0
U0753,trial,3,Segment 3,0.529441957958522,0.43854375417501673,0.0,1.0,0.36588457814505415,0.5248880167142485,2.4000000000000004,At Risk,0.09027357381627514,0.11428571428571428,0.5
U0754,trial,0,Needs Attention,0.19484394710803413,0.24482297929191718,0.0,0.0,0.40437354108967,0.8405404402458179,3.5,Potential Loyalist,0.0556804012754755,0.5,0.0
U0755,churned,0,Needs Attention,0.31893330075743914,0.6209084836339346,0.0,1.0,0.4437549255815001,0.7362995940136217,4.0,Loyal,0.06693081280915264,0.1875,0.5
U0756,paid,0,Needs Attention,0.3577747525434689,0.38109552438209754,0.0,1.0,0.3455150000375283,0.6193777016654081,2.5,Needs Attention,0.04279697484099411,0.1388888888888889,0.5
U0757,paid,2,Social Engagers,0.27506738263985353,0.7762191048764194,1.0,1.0,0.351500003752824,0.6987893576501304,3.1,Promising,0.026957099495635538,0.13333333333333333,1.0
U0758,churned,5,Social Engagers,0.5012763632753527,0.4028056112224449,1.0,0.0,0.2664760232074636,0.614127799056065,2.7,Needs Attention,0.1620132725611102,0.2222222222222222,0.5
U0759,churned,1,At-Risk Users,0.2676353756225873,0.6993987975951903,1.0,1.0,0.10314411594725031,0.8309081363285753,2.1999999999999997,At Risk,0.4421001277380113,1.0,1.0
U0760,trial,2,Social Engagers,0.20383327160774747,0.5668002672010688,1.0,0.0,0.4132422147666119,0.6777000370353515,3.0,Promising,0.007071109416401235,0.0,0.5
U0761,trial,0,Needs Attention,0.1574890511431076,0.03774215096860387,0.0,0.0,0.42238634572515815,0.5735916756971141,1.0,Lost,0.004067998368468319,0.03896103896103896,0.0
U0762,trial,0,Needs Attention,0.09349896876423941,0.39144956579826323,0.0,1.0,0.16935218752110962,0.9226240229967755,2.1999999999999997,At Risk,0.0272592047584744,0.75,0.5
U0763,paid,2,Social Engagers,0.11370669056139684,0.4235136940547762,1.0,0.0,0.49018036072144283,0.5487972622589066,1.2999999999999998,Lost,0.0019190470976132533,0.022222222222222223,0.5
U0764,trial,0,Needs Attention,0.25748041752302664,0.35404141616566465,0.0,1.0,0.45029609781360475,0.46253302608192864,2.2,At Risk,0.0070380027047982525,0.033707865168539325,0.5
U0765,paid,2,Social Engagers,0.24923009198616128,0.9321977287909151,1.0,1.0,0.6760179535100163,0.522802370340218,2.6,Needs Attention,0.010951170014223972,0.05333333333333334,1.0
U0766,churned,1,At-Risk Users,0.6807787721233883,0.13460253841015365,0.0,0.0,0.2570744485225132,0.5574901835344777,4.4,Loyal,0.8524583616358699,0.42857142857142855,0.0
U0767,churned,0,Needs Attention,0.24143772327048113,0.4081496325985304,0.0,1.0,0.4815578722989049,0.5317331107185623,1.7000000000000002,Lost,0.010371352989217136,0.05405405405405406,0.5
U0768,trial,2,Social Engagers,0.22713418515450817,0.6533066132264529,1.0,0.0,0.5622953772713967,0.6935067229498483,3.7,Potential Loyalist,0.007994136641401754,0.07692307692307693,0.5
U0769,churned,3,Segment 3,0.6360076000002588,0.05344021376085504,0.0,0.0,0.13171736731890749,0.5673316102126107,3.5,Potential Loyalist,0.39585216450596405,0.07692307692307693,0.0
U0770,trial,2,Social Engagers,0.31200067129042813,0.6783567134268537,1.0,1.0,0.15738293065531814,0.685140022757658,2.4,At Risk,0.04132241213005619,0.03225806451612903,1.0
U0771,churned,3,Segment 3,0.3495517107003819,0.12692050768203073,0.0,0.0,0.5557594589928921,0.47537535655849433,1.5999999999999999,Lost,0.01843421306832751,0.07042253521126761,0.0
U0772,trial,0,Needs Attention,0.2806409925105541,0.5511022044088176,0.0,1.0,0.483311942236533,0.567785617259625,2.3,At Risk,0.016483125473849735,0.015873015873015872,0.5
U0773,trial,2,Social Engagers,0.29174768843931354,0.7725450901803607,1.0,1.0,0.4118709328769899,0.5823981954470502,1.6,Lost,0.018021267964324544,0.05357142857142857,1.0
U0774,churned,0,Needs Attention,0.2507501912181938,0.5694722778891116,0.0,1.0,0.5563636636569018,0.6580605235669561,3.4000000000000004,Promising,0.013252557846157113,0.11904761904761904,0.5
U0775,trial,2,Social Engagers,0.37749058238678623,0.8877755511022044,1.0,1.0,0.5124946522257999,0.5139311824828219,3.4000000000000004,Promising,0.030665134113787865,0.03278688524590164,1.0
U0776,trial,5,Social Engagers,0.4562625443026352,0.8186372745490983,1.0,1.0,0.4388619936502218,0.5390084308652274,3.5,Potential Loyalist,0.058946216108476265,0.09523809523809523,1.0
U0777,paid,0,Needs Attention,0.3183306952865885,0.0895123580494322,0.0,0.0,0.3955048674127281,0.5664483913386852,2.4000000000000004,At Risk,0.023851480552951613,0.05357142857142857,0.0
U0778,paid,0,Needs Attention,0.3632980100709208,0.44789579158316634,0.0,1.0,0.34564860057193036,0.6245743854468093,2.4000000000000004,At Risk,0.047893812895218574,0.08333333333333333,0.5
U0779,paid,3,Segment 3,0.4427345990960192,0.013026052104208416,0.0,0.0,0.4572208086585155,0.3684017937338778,1.0,Lost,0.021331670452214672,0.047619047619047616,0.0
U0780,paid,3,Segment 3,0.680688514617054,0.5835003340013359,0.0,1.0,0.6677699969226842,0.28945923165529946,3.5,Potential Loyalist,0.08476044330551848,0.07352941176470588,0.5
U0781,paid,0,Needs Attention,0.28210977522047487,0.4712758851035404,0.0,1.0,0.2604144618825666,0.7966915816762257,4.0,Loyal,0.1259605917643555,0.42857142857142855,0.5
U0782,trial,2,Social Engagers,0.2798817467854421,0.793253173012692,1.0,1.0,0.4250883790052014,0.5980283987372454,2.7,Needs Attention,0.01858340504870401,0.05555555555555555,1.0
U0783,trial,1,At-Risk Users,0.16495011116633154,0.07381429525718103,0.0,0.0,0.1404809619238477,0.8967746141512649,2.5,Needs Attention,0.2324970055738546,2.0,0.0
U0784,trial,0,Needs Attention,0.19929438907773206,0.4268537074148297,0.0,1.0,0.3545690632200731,0.688934004851233,1.6,Lost,0.012044131343574273,0.06818181818181818,0.5
U0785,inactive,0,Needs Attention,0.2170313251288623,0.4081496325985304,0.0,1.0,0.33961030675583376,0.6740365240716188,1.6,Lost,0.011772951329154435,0.06666666666666667,0.5
U0786,paid,5,Social Engagers,0.6989911787261088,0.8189712758851035,1.0,1.0,0.35792258674652677,0.3848606119132709,3.1,Promising,0.12059144745155824,0.02127659574468085,1.0
U0787,paid,0,Needs Attention,0.251207908110364,0.05110220440881763,0.0,0.0,0.2627126913002034,0.7811901487508028,1.9000000000000001,Lost,0.04983769333642288,0.38461538461538464,0.0
U0788,paid,0,Needs Attention,0.19277785573305778,0.42651970607882433,0.0,1.0,0.3718380581387494,0.7736949886878248,1.9,Lost,0.020271265220288964,0.2727272727272727,0.5
U0789,inactive,3,Segment 3,0.4727508215260504,0.1175684702738811,0.0,0.0,0.22580817064841294,0.6312431241056464,3.5,Potential Loyalist,0.13758816521438716,0.047619047619047616,0.0
U0790,trial,3,Segment 3,0.38150748713608806,0.3460253841015364,0.0,1.0,0.39771077735996335,0.4051380609098365,1.0,Lost,0.017145092568675923,0.023255813953488372,0.5
U0791,paid,2,Social Engagers,0.32344219541338703,0.5764863059452238,1.0,0.0,0.5064488527617031,0.7463602146668614,4.0,Loyal,0.14558144823027286,0.7777777777777778,0.5
U0792,paid,0,Needs Attention,0.3176987371482435,0.5855043420173681,0.0,1.0,0.47913730081886624,0.6902318215408412,3.7,Potential Loyalist,0.04810340083736456,0.15384615384615385,0.5
U0793,paid,0,Needs Attention,0.2573490695197198,0.5404141616566466,0.0,1.0,0.30371004180645933,0.8072926859477426,2.8,Needs Attention,0.07434584414455209,0.2222222222222222,0.5
U0794,trial,0,Needs Attention,0.3610369985745048,0.6586506346025384,0.0,1.0,0.577751758198044,0.7025267370255099,3.9000000000000004,Potential Loyalist,0.11364288625066236,0.4,0.5
U0795,churned,2,Social Engagers,0.23273356543388352,0.52438209752839,1.0,0.0,0.35808996269692944,0.8092960309524359,2.5,Needs Attention,0.05840465053101588,0.4,0.5
U0796,inactive,0,Needs Attention,0.11062942478412827,0.49632598530394123,0.0,1.0,0.6221686819331547,0.5506436217252677,1.5999999999999999,Lost,0.0018418164158290908,0.045454545454545456,0.5
U0797,paid,0,Needs Attention,0.3161003507473299,0.3152972611890447,0.0,0.0,0.5355219802901683,0.631616385296283,3.3000000000000003,Promising,0.03134318778936882,0.047619047619047616,0.0
U0798,paid,5,Social Engagers,0.2171966469587338,0.9792919171676687,1.0,1.0,0.6785428534972567,0.5590437139524193,2.6,Needs Attention,0.00833244204364536,0.041666666666666664,1.0
U0799,inactive,2,Social Engagers,0.15414586965661498,0.7324649298597196,1.0,1.0,0.28527391862376444,0.7968741803336906,1.5999999999999999,Lost,0.012329410772015487,0.16666666666666666,1.0
U0800,paid,0,Needs Attention,0.23574829835018224,0.42518370073480294,0.0,1.0,0.5543971838808703,0.5053595316281885,2.1,At Risk,0.007777671169308819,0.0625,0.5
U0801,trial,0,Needs Attention,0.38728953835973196,0.3904475617902472,0.0,1.0,0.3702228426891236,0.5506050003884162,2.9,Needs Attention,0.03485725264560909,0.08163265306122448,0.5
U0802,paid,2,Social Engagers,0.25226386224617803,0.5948563794255177,1.0,0.0,0.45515600489368246,0.7337480656310166,3.7,Potential Loyalist,0.010173374179818338,0.11538461538461539,0.5
U0803,paid,2,Social Engagers,0.309044378530253,0.5026720106880428,1.0,0.0,0.4041701380288667,0.6528712452222738,2.7,Needs Attention,0.03393118742919396,0.08108108108108109,0.5
U0804,paid,5,Social Engagers,0.47433300578520043,0.4682698730794923,1.0,0.0,0.41920620266750724,0.43029381355015633,2.8,Needs Attention,0.042273166910336044,0.014705882352941176,0.5
U0805,paid,2,Social Engagers,0.15047941132706355,0.4235136940547762,1.0,0.0,0.4403676266390459,0.6841804383101449,1.6,Lost,0.005538001516074432,0.1,0.5
U0806,inactive,0,Needs Attention,0.3874594397913912,0.6452905811623246,0.0,1.0,0.4314329032597029,0.6696519956996334,3.6,Potential Loyalist,0.08053831360117264,0.041666666666666664,0.5
U0807,inactive,2,Social Engagers,0.44524782790151973,0.5180360721442886,1.0,0.0,0.3187851358147006,0.652000239429301,3.8,Potential Loyalist,0.13206172813263653,0.10526315789473684,0.5
U0808,paid,2,Social Engagers,0.25846864563834626,0.9004676018704075,1.0,1.0,0.4547747179752764,0.5981103019786944,3.0,Promising,0.013641762475288458,0.0,1.0
U0809,trial,0,Needs Attention,0.403392812003788,0.2575150300601203,0.0,0.0,0.566503794105064,0.5792409085424081,3.4000000000000004,Promising,0.05484901099979451,0.1282051282051282,0.0
U0810,inactive,2,Social Engagers,0.3797557562217193,0.8881095524382098,1.0,1.0,0.528184458805251,0.461508248394628,2.7,Needs Attention,0.02522113085015854,0.013513513513513514,1.0
U0811,churned,0,Needs Attention,0.23976803119696913,0.04342017368069472,0.0,0.0,0.5396748553286348,0.46464981957969087,1.8000000000000003,Lost,0.00738137199196141,0.056179775280898875,0.0
U0812,trial,0,Needs Attention,0.39817523548545763,0.20875083500334002,0.0,0.0,0.40575458032169215,0.6759884757300021,3.7,Potential Loyalist,0.11274144978443708,0.2222222222222222,0.0
U0813,inactive,3,Segment 3,0.45777642314752975,0.1282565130260521,0.0,0.0,0.2623389100297974,0.6444830822816949,3.0,Promising,0.13370641638368755,0.10526315789473684,0.0
U0814,churned,3,Segment 3,0.5596186110044423,0.5781563126252505,0.0,1.0,0.4092424549473479,0.5152926631845687,2.5999999999999996,Needs Attention,0.08240596741160683,0.027777777777777776,0.5
U0815,paid,3,Segment 3,0.5590798813593275,0.46559786239144957,0.0,1.0,0.5056727687584908,0.34540313501419073,2.8,Needs Attention,0.053723408621372024,0.04054054054054054,0.5
U0816,paid,2,Social Engagers,0.2609258942928101,0.855377421509686,1.0,1.0,0.5242912791875887,0.6008912719349522,3.1,Promising,0.012038232844582396,0.07272727272727272,1.0
U0817,trial,3,Segment 3,0.5143201154303071,0.2835671342685371,0.0,0.0,0.6715821155419454,0.38928027116734765,3.8,Potential Loyalist,0.04896519417595076,0.057971014492753624,0.0
U0818,trial,0,Needs Attention,0.2785560939708581,0.09853039412157649,0.0,0.0,0.33748170498299973,0.6328663436174851,2.0,At Risk,0.02178780741276206,0.0425531914893617,0.0
U0819,trial,2,Social Engagers,0.12379042621588396,0.794255177020708,1.0,1.0,0.40736379125291783,0.7129597868236611,1.9,Lost,0.0032934148080190203,0.061224489795918366,1.0
U0820,churned,0,Needs Attention,0.3449943804550601,0.5040080160320641,0.0,1.0,0.45719153663131507,0.6398118823652619,3.5,Potential Loyalist,0.0340409727535071,0.15151515151515152,0.5
U0821,trial,0,Needs Attention,0.19109161807199412,0.4649298597194389,0.0,1.0,0.3731695600939707,0.7832173695823355,3.0,Promising,0.011257288658496071,0.23809523809523808,0.5
U0822,trial,2,Social Engagers,0.3610835561735052,0.5180360721442886,1.0,0.0,0.5176615403090826,0.4429243343810033,2.8,Needs Attention,0.02099352236256986,0.012345679012345678,0.5
U0823,trial,0,Needs Attention,0.20923193865796863,0.5350701402805611,0.0,1.0,0.3470551590071529,0.780843815528623,3.3,Promising,0.01786936608191468,0.09090909090909091,0.5
U0824,paid,3,Segment 3,0.5055669509088128,0.0865063460253841,0.0,0.0,0.42920297523886725,0.47963855285896767,2.8000000000000003,Needs Attention,0.06663311493253346,0.10416666666666667,0.0
U0825,inactive,3,Segment 3,0.6161032302366634,0.4268537074148297,0.0,1.0,0.3283518347556536,0.46863593419842753,3.2,Promising,0.13164693499209426,0.08108108108108109,0.5
U0826,trial,0,Needs Attention,0.07965314985050084,0.45190380761523047,0.0,1.0,0.20433826454406945,0.8926336420045932,2.2,At Risk,0.003668816257833213,0.06666666666666667,0.5
U0827,trial,0,Needs Attention,0.25426980165162283,0.13994655978623913,0.0,0.0,0.3672873837562766,0.6942466296473242,2.3,At Risk,0.02446200399989969,0.08571428571428572,0.0
U0828,paid,5,Social Engagers,0.2769089124969692,0.7304609218436874,1.0,1.0,0.4592998731545488,0.523216354629478,1.0,Lost,0.005999299134417714,0.056338028169014086,1.0
U0829,paid,2,Social Engagers,0.24814133988929038,0.8790915163660654,1.0,1.0,0.42852971861325645,0.7106896641515321,3.4000000000000004,Promising,0.016548764918080407,0.09375,1.0
U0830,trial,5,Social Engagers,0.6530813796369237,0.8092852371409486,1.0,1.0,0.2467384206615478,0.5613426615795479,4.1,Loyal,0.4892810859848282,0.18181818181818182,1.0
U0831,paid,0,Needs Attention,0.29631340593354794,0.602872411489646,0.0,1.0,0.36991360999151857,0.7796587649505096,4.3,Loyal,0.079729912829024,0.2,0.5
U0832,trial,3,Segment 3,0.5957564235411156,0.11589846359385438,0.0,0.0,0.45222805160883567,0.3319078480029902,2.5,Needs Attention,0.05662216464906887,0.0273972602739726,0.0
U0833,trial,0,Needs Attention,0.27534850988797743,0.47628590514362057,0.0,1.0,0.4980087515855682,0.5028760004501923,2.0,At Risk,0.012844326330549204,0.02564102564102564,0.5
U0834,paid,0,Needs Attention,0.17032839840289082,0.13059452237808952,0.0,0.0,0.5485720504679771,0.561632748192308,1.5999999999999999,Lost,0.004932351533507867,0.05194805194805195,0.0
U0835,paid,0,Needs Attention,0.3190307701756817,0.44689378757515036,0.0,1.0,0.42329828195717284,0.5617730272562931,2.8000000000000003,Needs Attention,0.022184177436219768,0.05263157894736842,0.5
U0836,inactive,0,Needs Attention,0.31682906949098144,0.18236472945891782,0.0,0.0,0.40558570324168935,0.6950089412841345,3.4,Promising,0.04966688988020097,0.16,0.0
U0837,trial,1,At-Risk Users,0.4621563355040488,0.6469605878423513,1.0,0.0,0.3507059061944113,0.7184508795486346,3.4,Promising,0.9462682876622156,0.5,0.5
U0838,paid,0,Needs Attention,0.07531362117744667,0.13393453573814296,0.0,0.0,0.5032229252512516,0.6739607634637448,1.5999999999999999,Lost,0.0012127252912063828,0.0625,0.0
U0839,paid,3,Segment 3,0.45810549820057545,0.015364061456245824,0.0,0.0,0.17603821875961664,0.580455850015825,2.9,Needs Attention,0.07676876096040079,0.02857142857142857,0.0
U0840,trial,0,Needs Attention,0.32528259474407506,0.5551102204408818,0.0,1.0,0.37758213055324136,0.7665325708131294,3.0999999999999996,Promising,0.12912525897241792,0.5714285714285714,0.5
U0841,paid,2,Social Engagers,0.28348790994510625,0.9168336673346693,1.0,1.0,0.5981070755743697,0.472460445522298,2.7,Needs Attention,0.012172461859690523,0.011764705882352941,1.0
U0842,trial,0,Needs Attention,0.2041594640687975,0.14161656646626586,0.0,0.0,0.2719536451179512,0.8009085768778704,2.5999999999999996,Needs Attention,0.028323789489363444,0.1111111111111111,0.0
U0843,inactive,0,Needs Attention,0.2819471917690231,0.5056780227120908,0.0,1.0,0.652869033948046,0.5244487062151819,2.8,Needs Attention,0.013134904149038033,0.1044776119402985,0.5
U0844,trial,5,Social Engagers,0.40998199216339404,0.9869739478957916,1.0,1.0,0.5405320003302485,0.5752874004466444,2.9,Needs Attention,0.04600924768478408,0.047619047619047616,1.0
U0845,paid,5,Social Engagers,0.3896618531337206,0.9863059452237809,1.0,1.0,0.5952947092687247,0.5917348030133847,3.3000000000000003,Promising,0.05004992920866391,0.10256410256410256,1.0
U0846,trial,5,Social Engagers,0.460482034129183,0.8790915163660654,1.0,1.0,0.4622375837817958,0.5449873752671711,3.0,Promising,0.06253163393825865,0.07317073170731707,1.0
U0847,inactive,0,Needs Attention,0.35700601103800844,0.6265865063460253,0.0,1.0,0.6370733977317932,0.46664745720698214,3.4000000000000004,Promising,0.022109358039136218,0.02666666666666667,0.5
U0848,paid,2,Social Engagers,0.31166059449448846,0.7758851035404142,1.0,1.0,0.2620274256377924,0.7108759837288389,1.9,Lost,0.04635055560171739,0.08333333333333333,1.0
U0849,paid,3,Segment 3,0.4855511022861533,0.3620574482297929,0.0,1.0,0.3163645643346618,0.4533501896921378,2.1,At Risk,0.046339679675733686,0.03333333333333333,0.5
U0850,trial,3,Segment 3,0.44017980019376035,0.17167668670674682,0.0,0.0,0.4402160125494434,0.5358921198837439,2.7,Needs Attention,0.05192165621275247,0.06521739130434782,0.0
U0851,paid,3,Segment 3,0.40194902511173025,0.3881095524382097,0.0,1.0,0.22219194944195508,0.6737242019542384,2.0,At Risk,0.09878251877380985,0.15789473684210525,0.5
U0852,trial,0,Needs Attention,0.20653005605677333,0.07414829659318638,0.0,0.0,0.3584179595145347,0.5909755833872126,1.7000000000000002,Lost,0.007738422973841641,0.014705882352941176,0.0
U0853,churned,5,Social Engagers,0.343839181888997,0.9539078156312625,1.0,1.0,0.7539078156312625,0.40220712916447415,2.6,Needs Attention,0.01639151836550313,0.044444444444444446,1.0
U0854,trial,0,Needs Attention,0.2263337599691676,0.09886439545758184,0.0,0.0,0.3857557812253721,0.6769657014653079,2.0,At Risk,0.015787804129172228,0.09523809523809523,0.0
U0855,trial,2,Social Engagers,0.2799052329883875,0.9722778891115564,1.0,1.0,0.5550494246920809,0.6873760091431378,3.7,Potential Loyalist,0.02683965050282655,0.125,1.0
U0856,trial,3,Segment 3,0.6077935408568873,0.48363393453573816,0.0,1.0,0.392622698580682,0.46511110952842083,3.1,Promising,0.10918490729249278,0.07692307692307693,0.5
U0857,paid,5,Social Engagers,0.45064208526925054,0.7808951235804944,1.0,1.0,0.2786479325692584,0.5806785786256836,2.8000000000000003,Needs Attention,0.07302673841143102,0.027777777777777776,1.0
U0858,paid,3,Segment 3,0.43089473940556555,0.64562458249833,0.0,1.0,0.6767107248204273,0.5669950712502776,3.7,Potential Loyalist,0.06736382041162921,0.19444444444444445,0.5
U0859,trial,1,At-Risk Users,0.24252717489429,0.11356045424181697,0.0,0.0,0.18771775761260348,0.8417177376166175,3.3000000000000003,Promising,0.22692656081733317,0.6666666666666666,0.0
U0860,churned,3,Segment 3,0.3975317212200868,0.15364061456245826,0.0,0.0,0.5233035359107728,0.4465873502466713,3.1999999999999997,Promising,0.025336778681587804,0.0410958904109589,0.0
U0861,paid,0,Needs Attention,0.34079565992013994,0.46392785571142287,0.0,1.0,0.22347841750917566,0.7614800508564267,3.1999999999999997,Promising,0.18177513596988676,0.25,0.5
U0862,paid,2,Social Engagers,0.24536973598776635,0.9672678690714763,1.0,1.0,0.6590281686969445,0.5506504988328721,3.0,Promising,0.010076256297120608,0.04285714285714286,1.0
U0863,paid,2,Social Engagers,0.08121009797398804,0.8456913827655311,1.0,1.0,0.3955041168479281,0.7768058561092241,1.9,Lost,0.002141534655819961,0.04878048780487805,1.0
U0864,paid,3,Segment 3,0.4122542671428271,0.5170340681362725,0.0,1.0,0.6013037310576208,0.4505197801398356,2.8,Needs Attention,0.03234758637290831,0.07352941176470588,0.5
U0865,paid,3,Segment 3,0.5215229087641897,0.47361389445557783,0.0,1.0,0.21855771468029692,0.6360224249542521,3.3000000000000003,Promising,0.2377814301840296,0.07692307692307693,0.5
U0866,trial,0,Needs Attention,0.3404859335980628,0.12692050768203073,0.0,0.0,0.4066957885809071,0.5829424823943539,3.5,Potential Loyalist,0.01378144818467337,0.061224489795918366,0.0
U0867,trial,5,Social Engagers,0.4799971549461872,0.8724114896459586,1.0,1.0,0.49338527241749414,0.4566825580961174,3.0,Promising,0.045539959111940864,0.03333333333333333,1.0
U0868,churned,1,At-Risk Users,0.44370663318783843,0.001336005344021376,0.0,0.0,0.1050813236960813,0.7210100626404885,3.8,Potential Loyalist,1.243934316792586,1.5,0.0
U0869,inactive,3,Segment 3,0.4594368280213764,0.21609886439545758,0.0,0.0,0.4704059805003265,0.4732740733999401,3.8,Potential Loyalist,0.04208507638613763,0.016666666666666666,0.0
U0870,trial,0,Needs Attention,0.2604032737157755,0.001002004008016032,0.0,0.0,0.08264994408292241,0.8224814400258538,3.0,Promising,0.1670439869947216,0.4,0.0
U0871,trial,3,Segment 3,0.44764237481486985,0.5604542418169672,0.0,1.0,0.4548362642888774,0.5441805325578866,3.8,Potential Loyalist,0.053220186864780784,0.045454545454545456,0.5
U0872,paid,0,Needs Attention,0.25114420259981496,0.10521042084168336,0.0,0.0,0.3025886979952414,0.7301645422698982,2.7,Needs Attention,0.027971346190234222,0.1111111111111111,0.0
U0873,paid,2,Social Engagers,0.26018880397233496,0.6075484301937207,1.0,0.0,0.49031996577424514,0.7034611857017053,3.7,Potential Loyalist,0.0204519097271301,0.09375,0.5
U0874,trial,2,Social Engagers,0.15528620956326245,0.9729458917835672,1.0,1.0,0.4478522588247656,0.817466572134383,2.8,Needs Attention,0.014372239375988543,0.09523809523809523,1.0
U0875,trial,0,Needs Attention,0.33653122174259487,0.3590514362057448,0.0,1.0,0.151935331336831,0.7597833946140176,3.0,Promising,0.18661575631647698,0.375,0.5
U0876,paid,0,Needs Attention,0.2596138171732962,0.17702070808283232,0.0,0.0,0.5096049777457536,0.537848730972618,2.4000000000000004,At Risk,0.011505547757875597,0.027777777777777776,0.0
U0877,paid,0,Needs Attention,0.35854317093603966,0.23914495657982635,0.0,0.0,0.455998889164096,0.5763634591405039,3.8,Potential Loyalist,0.026212787473999907,0.02,0.0
U0878,trial,3,Segment 3,0.4409622857792281,0.4515698062792251,0.0,1.0,0.49876081751518014,0.44180560725586737,2.5,Needs Attention,0.03801294461753123,0.05970149253731343,0.5
U0879,trial,3,Segment 3,0.669143840136318,0.6122244488977956,0.0,1.0,0.539939804703039,0.40702433421608153,4.1,Loyal,0.1273665025872654,0.06818181818181818,0.5
U0880,trial,3,Segment 3,0.5405731343776026,0.34402137608550437,0.0,1.0,0.2575045221529201,0.4331029278840767,2.9,Needs Attention,0.051304689033207555,0.017241379310344827,0.5
U0881,paid,1,At-Risk Users,0.2390927052989626,0.5541082164328658,0.0,1.0,0.42826551980365224,0.8267571427780691,3.0999999999999996,Promising,0.20200745923527366,2.0,0.5
U0882,trial,5,Social Engagers,0.5014392606682567,0.9018036072144288,1.0,1.0,0.5534890004728559,0.34168963508840766,3.1,Promising,0.036692978895200616,0.0,1.0
U0883,trial,3,Segment 3,0.43335673349380943,0.37942551770207084,0.0,1.0,0.4045191506608723,0.4378583003292462,1.4000000000000001,Lost,0.02991349925315184,0.04285714285714286,0.5
U0884,churned,1,At-Risk Users,0.28953789561158366,0.09051436205744823,0.0,0.0,0.19425968040950814,0.8135113051862413,3.7,Potential Loyalist,0.3576737296033877,1.5,0.0
U0885,trial,2,Social Engagers,0.2851708455013878,0.3984635938543754,1.0,0.0,0.520560972131529,0.45017408844384815,1.4000000000000001,Lost,0.012295923854128199,0.04597701149425287,0.5
U0886,paid,3,Segment 3,0.41250187054990906,0.04208416833667334,0.0,0.0,0.30313285747525015,0.5610095159679269,1.7,Lost,0.04431374454590438,0.06818181818181818,0.0
U0887,trial,1,At-Risk Users,0.3524942782946494,0.4495657982631931,0.0,1.0,0.28664444994858634,0.7672268372785295,2.5,Needs Attention,0.6620412427696881,2.5,0.5
U0888,trial,3,Segment 3,0.3314805334085045,0.24782899131596525,0.0,0.0,0.7474544594807592,0.43940955229532286,3.1,Promising,0.01720456217000123,0.07407407407407407,0.0
U0889,trial,5,Social Engagers,0.4663533551074666,0.6810287241148965,1.0,1.0,0.24170288141826723,0.566996497573818,2.5,Needs Attention,0.07976706519727937,0.08571428571428572,1.0
U0890,paid,5,Social Engagers,0.172997444623587,0.9141616566466265,1.0,1.0,0.7362590349237802,0.5132228098215924,2.3,At Risk,0.003384473794392037,0.05747126436781609,1.0
U0891,churned,2,Social Engagers,0.3821522580007692,0.5761523046092184,1.0,0.0,0.4180998701522896,0.6430490707314533,3.7,Potential Loyalist,0.0611847919028066,0.06666666666666667,0.5
U0892,churned,5,Social Engagers,0.5543858712934286,0.7478289913159651,1.0,1.0,0.27404621978038474,0.6205599665856449,3.7,Potential Loyalist,0.46306422477145326,0.625,1.0
U0893,trial,0,Needs Attention,0.3516398809336695,0.3360053440213761,0.0,1.0,0.18132369608130117,0.6911437310142664,2.8,Needs Attention,0.07284405204215728,0.13636363636363635,0.5
U0894,paid,2,Social Engagers,0.3077446684090682,0.9208416833667336,1.0,1.0,0.48189037250531025,0.6281191564013676,3.4000000000000004,Promising,0.02607933663989963,0.045454545454545456,1.0
U0895,trial,3,Segment 3,0.48438279741212803,0.5708082832331329,0.0,1.0,0.5509580959672153,0.4583064917654892,2.2,At Risk,0.025063693338093055,0.05172413793103448,0.5
U0896,trial,5,Social Engagers,0.34462757627411844,0.615564462257849,1.0,0.0,0.4466506045799464,0.6442872840227629,2.9,Needs Attention,0.04113015857855981,0.027777777777777776,0.5
U0897,churned,2,Social Engagers,0.13013439037471836,0.3593854375417502,1.0,0.0,0.2807337521484917,0.6368129827964456,1.0,Lost,0.003325869164196597,0.0,0.5
U0898,trial,0,Needs Attention,0.2745781864823455,0.25250501002004005,0.0,0.0,0.5704825381099278,0.5118488327914438,2.3,At Risk,0.01294199086995537,0.012987012987012988,0.0
U0899,trial,0,Needs Attention,0.32094709239485747,0.06312625250501001,0.0,0.0,0.3421524697334744,0.6627508934992559,2.0,At Risk,0.042484387026358074,0.16129032258064516,0.0
U0900,trial,3,Segment 3,0.3811052022692957,0.028390113560454244,0.0,0.0,0.23400809108854415,0.5755921977873588,1.3,Lost,0.03132750299865333,0.02127659574468085,0.0
U0901,trial,3,Segment 3,0.6666666666666666,0.1616566466265865,0.0,0.0,0.5305705043044892,0.35319148936170214,2.7,Needs Attention,0.07900228412001357,0.09090909090909091,0.0
U0902,trial,0,Needs Attention,0.3748758568056172,0.4235136940547762,0.0,1.0,0.4527271772008436,0.4346489540017361,2.5,Needs Attention,0.02304331660222094,0.025,0.5
U0903,paid,0,Needs Attention,0.29739891556009734,0.25818303273213095,0.0,0.0,0.4866474522077864,0.5662415017277713,2.3,At Risk,0.018617108683536693,0.0,0.0
U0904,paid,0,Needs Attention,0.22611260255704652,0.5043420173680695,0.0,1.0,0.4462895829111406,0.7239069065508784,2.5999999999999996,Needs Attention,0.022051974161898465,0.16666666666666666,0.5
U0905,churned,5,Social Engagers,0.45903775014359266,0.3396793587174349,1.0,0.0,0.2419265497286708,0.4947901158712912,1.3,Lost,0.024838308567966295,0.01818181818181818,0.5
U0906,churned,3,Segment 3,0.6568183007798389,0.49632598530394123,0.0,1.0,0.2525057605848401,0.5420792322980541,3.8,Potential Loyalist,0.3496623485731061,0.0625,0.5
U0907,trial,5,Social Engagers,0.5258601139094816,0.6442885771543087,1.0,0.0,0.4521537456936344,0.6291647827181408,4.7,Champions,0.2965048096765024,0.25,0.5
U0908,trial,3,Segment 3,0.616128391987188,0.04308617234468937,0.0,0.0,0.36967793264431487,0.5324506243821553,3.1999999999999997,Promising,0.2865461417608468,0.47058823529411764,0.0
U0909,trial,2,Social Engagers,0.3257726292865534,0.6128924515698063,1.0,0.0,0.3357388935173718,0.7449619543429616,4.0,Loyal,0.08339959542309344,0.0,0.5
U0910,paid,3,Segment 3,0.5232059045295898,0.25684702738810955,0.0,0.0,0.531378862594102,0.6137360317503313,4.4,Loyal,0.29890006695171084,0.5833333333333334,0.0
U0911,trial,0,Needs Attention,0.2327741338496239,0.5477621910487641,0.0,1.0,0.40731275284651697,0.8135270090519278,3.5,Potential Loyalist,0.08845012176685114,0.625,0.5
U0912,paid,5,Social Engagers,0.5667404141561703,0.6686706746826987,1.0,1.0,0.3795320979036725,0.30250894299565956,2.2,At Risk,0.04843081545698461,0.023809523809523808,1.0
U0913,paid,1,At-Risk Users,0.38089145471689406,0.6175684702738811,0.0,1.0,0.3583924403113343,0.7586991697230551,4.6,Champions,0.6352771051687156,0.6666666666666666,0.5
U0914,paid,2,Social Engagers,0.27235009475061206,0.9178356713426853,1.0,1.0,0.3406821132902509,0.7727601559155902,3.7,Potential Loyalist,0.04878386435754918,0.0625,1.0
U0915,paid,5,Social Engagers,0.5441870908140154,0.9014696058784235,1.0,1.0,0.41008383808816135,0.5458281710435057,3.7,Potential Loyalist,0.12651332740641746,0.06666666666666667,1.0
U0916,trial,0,Needs Attention,0.10255328533361827,0.6459585838343354,0.0,1.0,0.561688920912987,0.8278297309274886,2.8,Needs Attention,0.005833494638291408,0.21739130434782608,0.5
U0917,inactive,1,At-Risk Users,0.5369437014376708,0.4365397461589846,0.0,1.0,0.18485435290055766,0.6565571833927166,3.7,Potential Loyalist,0.7415578053388845,0.4,0.5
U0918,churned,3,Segment 3,0.39662338241556105,0.269873079492318,0.0,0.0,0.6807345027132917,0.4003238428910889,3.4000000000000004,Promising,0.024630121220015764,0.03571428571428571,0.0
U0919,trial,3,Segment 3,0.5340436783724839,0.20908483633934535,0.0,0.0,0.5821185442045138,0.39446740999778623,3.1,Promising,0.05374797786738713,0.06153846153846154,0.0
U0920,churned,0,Needs Attention,0.27757899963949373,0.633934535738143,0.0,1.0,0.47588210128121416,0.7057930257482187,4.0,Loyal,0.02782506239410818,0.06666666666666667,0.5
U0921,paid,0,Needs Attention,0.34971066394117023,0.4909819639278557,0.0,1.0,0.23255499763572085,0.7093225378055106,3.0,Promising,0.07651379132537854,0.0,0.5
U0922,churned,0,Needs Attention,0.3739019518051764,0.3670674682698731,0.0,1.0,0.44459555815751345,0.4139567012573197,2.2,At Risk,0.020663738386855226,0.03571428571428571,0.5
U0923,churned,5,Social Engagers,0.37151496867569656,0.7792251169004677,1.0,1.0,0.504318749859269,0.47070804007117784,2.1,At Risk,0.025645250552899474,0.05714285714285714,1.0
U0924,paid,2,Social Engagers,0.4264932995913543,0.772879091516366,1.0,1.0,0.21819744357629114,0.6547423181175279,3.5,Potential Loyalist,0.09149079473298531,0.045454545454545456,1.0
U0925,trial,5,Social Engagers,0.42676516566619094,0.8376753507014029,1.0,1.0,0.6077128038849234,0.38649409208964713,2.8,Needs Attention,0.0290417255191559,0.04878048780487805,1.0
U0926,trial,0,Needs Attention,0.2839282153815572,0.3413493653974616,0.0,1.0,0.37393363506038296,0.5190047728987253,1.8000000000000003,Lost,0.014423100964203581,0.041666666666666664,0.5
U0927,paid,2,Social Engagers,0.2621452832900043,0.9071476285905143,1.0,1.0,0.4232524975043721,0.70654261726004,2.2,At Risk,0.0267419162416037,0.0625,1.0
U0928,paid,5,Social Engagers,0.405355725163538,0.8099532398129593,1.0,1.0,0.42980342707887687,0.6035950755401751,3.5,Potential Loyalist,0.039249717633063695,0.15151515151515152,1.0
U0929,trial,3,Segment 3,0.47743234691141756,0.3807615230460922,0.0,1.0,0.2702746316603244,0.6326895280233622,1.5999999999999999,Lost,0.12323266751082888,0.3125,0.5
U0930,trial,2,Social Engagers,0.17379997679843287,0.569806279225117,1.0,0.0,0.5507051556296113,0.5765710777507276,2.3,At Risk,0.003947315665797027,0.013157894736842105,0.5
U0931,churned,0,Needs Attention,0.2213997584620247,0.21910487641950568,0.0,0.0,0.35768165544572295,0.7139686555610831,2.5999999999999996,Needs Attention,0.01655226304126336,0.0,0.0
U0932,inactive,5,Social Engagers,0.39805524426986205,0.7160988643954576,1.0,1.0,0.19812133630556994,0.6973370662040402,2.7,Needs Attention,0.14460441424819678,0.21428571428571427,1.0
U0933,paid,5,Social Engagers,0.5938644557763136,0.8977955911823647,1.0,1.0,0.4288817335044621,0.4904898371725097,3.8,Potential Loyalist,0.12676461586649654,0.05555555555555555,1.0
U0934,trial,2,Social Engagers,0.17141493621921372,0.6847027388109552,1.0,1.0,0.30043307588960694,0.7822574212471952,1.5999999999999999,Lost,0.016180087067345937,0.2608695652173913,1.0
U0935,trial,3,Segment 3,0.5926669594783255,0.490313961255845,0.0,1.0,0.5337596541397401,0.35503812218534514,3.1999999999999997,Promising,0.061451892238212194,0.06060606060606061,0.5
U0936,trial,0,Needs Attention,0.1712590397524461,0.4542418169672679,0.0,1.0,0.5355152252069683,0.5312871293400218,1.7000000000000002,Lost,0.0033227539364317177,0.03529411764705882,0.5
U0937,inactive,1,At-Risk Users,0.22268821838921488,0.8834335337341349,1.0,1.0,0.28717885208619487,0.8578764306685986,3.0999999999999996,Promising,0.2746659315780537,1.0,1.0
U0938,trial,5,Social Engagers,0.4239079739617181,0.7361389445557783,1.0,1.0,0.4058018659040928,0.43501691775062873,1.2999999999999998,Lost,0.023209163464384237,0.0273972602739726,1.0
U0939,paid,3,Segment 3,0.2957175620945289,0.39478957915831664,0.0,1.0,0.5011566203568185,0.5289524414666869,1.0,Lost,0.0070530713903082555,0.09230769230769231,0.5
U0940,trial,0,Needs Attention,0.34861586236268466,0.021376085504342016,0.0,0.0,0.3318629768901098,0.4759368655611126,2.5999999999999996,Needs Attention,0.0156454996170219,0.013333333333333334,0.0
U0941,paid,3,Segment 3,0.4496230394073518,0.5163660654642618,0.0,1.0,0.4968904100335503,0.44511979337686547,3.1999999999999997,Promising,0.038353017006793326,0.029850746268656716,0.5
U0942,paid,0,Needs Attention,0.32491083002865717,0.37040748162992654,0.0,1.0,0.394752050918316,0.5710109487913164,2.5,Needs Attention,0.025489594743970258,0.09615384615384616,0.5
U0943,churned,0,Needs Attention,0.1714964636909137,0.42084168336673344,0.0,1.0,0.31597276950905556,0.6417829728492814,1.2999999999999998,Lost,0.00622332187459246,0.0,0.5
U0944,trial,0,Needs Attention,0.25981616449629774,0.35838343353373414,0.0,1.0,0.24078043727905252,0.7377273225788171,2.4,At Risk,0.03609337455789283,0.17391304347826086,0.5
U0945,trial,0,Needs Attention,0.2878952508169898,0.09853039412157649,0.0,0.0,0.2588300195897413,0.7166245516374656,2.7,Needs Attention,0.04125909249119504,0.07692307692307693,0.0
U0946,trial,0,Needs Attention,0.2600965646699118,0.059118236472945895,0.0,0.0,0.5100545660609609,0.5375590824746487,1.8000000000000003,Lost,0.012243678343747367,0.08823529411764706,0.0
U0947,inactive,2,Social Engagers,0.25851353427098034,0.9221776887107548,1.0,1.0,0.5588818085609422,0.5044663475225182,1.9,Lost,0.01020628608910205,0.0,1.0
U0948,churned,2,Social Engagers,0.40976296092269054,0.3333333333333333,1.0,0.0,0.26891385767790266,0.5200996702548963,2.9,Needs Attention,0.03186586955115853,0.03636363636363636,0.5
U0949,paid,2,Social Engagers,0.2474742985294676,0.38243152972611894,1.0,0.0,0.13449145481975186,0.8259835059887024,3.4,Promising,0.0871075010605693,0.3333333333333333,0.5
U0950,paid,5,Social Engagers,0.3913152436859748,0.9589178356713427,1.0,1.0,0.5195919929747135,0.612019364426713,3.7,Potential Loyalist,0.055610645720792884,0.08571428571428572,1.0
U0951,paid,5,Social Engagers,0.5024528653180783,0.8904475617902472,1.0,1.0,0.4024325805168389,0.6006559403836211,3.3,Promising,0.13301833070637104,0.13636363636363635,1.0
U0952,trial,5,Social Engagers,0.2969469417511692,0.6122244488977956,1.0,0.0,0.6361944863509791,0.6218318349492985,2.9,Needs Attention,0.02677062517058704,0.13953488372093023,0.5
U0953,inactive,0,Needs Attention,0.28339612073715315,0.6623246492985971,0.0,1.0,0.4814257728941029,0.7618772211747293,3.5,Potential Loyalist,0.07049861411423558,0.2,0.5
U0954,paid,0,Needs Attention,0.21807851520748917,0.5935203740814963,0.0,1.0,0.5785391006732566,0.5117060823648683,1.9,Lost,0.007294335610999569,0.0,0.5
U0955,trial,3,Segment 3,0.4788827215312151,0.5541082164328658,0.0,1.0,0.541748665871068,0.45309589899616465,3.8,Potential Loyalist,0.03647866973275763,0.05,0.5
U0956,paid,0,Needs Attention,0.25673941800063055,0.04275217100868403,0.0,0.0,0.1506173395480099,0.7948925194123877,2.3,At Risk,0.0727699255699186,0.16666666666666666,0.0
U0957,trial,2,Social Engagers,0.3544341229528212,0.5460921843687375,1.0,0.0,0.4925341319342806,0.5745735687814988,3.4000000000000004,Promising,0.03329669617868669,0.061224489795918366,0.5
U0958,trial,3,Segment 3,0.4460113471792791,0.17100868403473612,0.0,0.0,0.424566736469193,0.5494144682881773,3.5,Potential Loyalist,0.05999350222564078,0.07142857142857142,0.0
U0959,paid,0,Needs Attention,0.34015574603743903,0.2999331997327989,0.0,0.0,0.5385099787590161,0.629949105569026,2.9,Needs Attention,0.03815205967504519,0.07894736842105263,0.0
U0960,trial,2,Social Engagers,0.4502059071259723,0.5430861723446894,1.0,0.0,0.61312362552821,0.3766849663627145,3.5,Potential Loyalist,0.025246407980008767,0.036585365853658534,0.5
U0961,paid,2,Social Engagers,0.22277712072880437,0.6576486305945224,1.0,0.0,0.5557759714184924,0.6748443658605896,2.9,Needs Attention,0.014189016753752007,0.044444444444444446,0.5
U0962,trial,2,Social Engagers,0.31715214678411774,0.5006680026720107,1.0,0.0,0.36134215997538144,0.6607725417167634,3.1,Promising,0.03557204891306122,0.05714285714285714,0.5
U0963,trial,5,Social Engagers,0.45409415611117965,0.38276553106212424,1.0,0.0,0.1913797632718621,0.6041392510141432,2.8,Needs Attention,0.08882505039286112,0.03333333333333333,0.5
U0964,trial,5,Social Engagers,0.41858436353637407,0.7561790247160989,1.0,1.0,0.5153550546786457,0.37012597762285643,2.1,At Risk,0.025020713376430158,0.03409090909090909,1.0
U0965,trial,2,Social Engagers,0.2605048092231842,0.5671342685370742,1.0,0.0,0.44241516741347864,0.7117822208490682,2.9,Needs Attention,0.02997546445708472,0.1,0.5
U0966,paid,2,Social Engagers,0.29550734749942476,0.5511022044088176,1.0,0.0,0.5061583841840985,0.49929133618119625,3.1,Promising,0.010096790113529916,0.0,0.5
U0967,trial,2,Social Engagers,0.22240760995604222,0.36806947227788916,1.0,0.0,0.1534627307048554,0.8367681999838215,2.1999999999999997,At Risk,0.10829225782188195,0.5,0.5
U0968,paid,3,Segment 3,0.43829328596593403,0.155310621242485,0.0,0.0,0.43583496581177333,0.4561729645906523,2.8,Needs Attention,0.037327431228260134,0.014925373134328358,0.0
U0969,paid,2,Social Engagers,0.22507717451821246,0.5881763527054108,1.0,0.0,0.6507231691848115,0.5202728442252427,2.7,Needs Attention,0.006625258752765538,0.0375,0.5
U0970,paid,2,Social Engagers,0.1593990794442291,0.6432865731462926,1.0,0.0,0.39909181659198545,0.8745733182909093,3.4,Promising,0.04723109803425923,0.2857142857142857,0.5
U0971,inactive,3,Segment 3,0.45803513434408183,0.6342685370741483,0.0,1.0,0.6252797730292045,0.49539168535099765,3.3000000000000003,Promising,0.048897250813152854,0.07692307692307693,0.5
U0972,paid,0,Needs Attention,0.12593171939254108,0.4268537074148297,0.0,1.0,0.20887617932494199,0.864866500279369,2.2,At Risk,0.011791232771998771,0.14285714285714285,0.5
U0973,trial,5,Social Engagers,0.4337721312701831,0.8022712090848364,1.0,1.0,0.6386007970998177,0.4078218276208688,1.5999999999999999,Lost,0.023909611845750245,0.0958904109589041,1.0
U0974,trial,0,Needs Attention,0.38718989543166016,0.6189044756179025,0.0,1.0,0.5380055992134082,0.6868349989112167,4.3,Loyal,0.13140864277052036,0.4,0.5
U0975,trial,2,Social Engagers,0.29769529797927174,0.8710754843019372,1.0,1.0,0.479315184676469,0.7149998424890327,3.7,Potential Loyalist,0.04968119874915988,0.2857142857142857,1.0
U0976,paid,2,Social Engagers,0.5459981828940991,0.9315297261189045,1.0,1.0,0.4588705500889419,0.5234649200507746,4.1,Loyal,0.08823311540100577,0.05714285714285714,1.0
U0977,trial,2,Social Engagers,0.24694152785616508,0.966933867735471,1.0,1.0,0.610379560619366,0.5709840194565137,2.2,At Risk,0.011771663142985323,0.030303030303030304,1.0
U0978,paid,1,At-Risk Users,0.23452057570842055,0.11923847695390782,0.0,0.0,0.18965046197263444,0.8507770162770754,2.9,Needs Attention,0.359835828992516,1.0,0.0
U0979,paid,2,Social Engagers,0.19107178282925974,0.8917835671342685,1.0,1.0,0.3524577244376393,0.7449313983875505,2.2,At Risk,0.013923381108544707,0.0,1.0
U0980,trial,0,Needs Attention,0.1801775267439916,0.0674682698730795,0.0,0.0,0.47083905638993345,0.5387019945919029,1.7000000000000002,Lost,0.0041960363201743655,0.036585365853658534,0.0
U0981,churned,2,Social Engagers,0.055816869378608296,0.5374081496325985,1.0,0.0,0.5924643294078794,0.6303396656068775,1.9,Lost,0.0,0.038461538461538464,0.5
U0982,trial,0,Needs Attention,0.2977532110967157,0.4268537074148297,0.0,1.0,0.2313480894373016,0.7362416903632472,3.1,Promising,0.04073569847429523,0.1,0.5
U0983,trial,5,Social Engagers,0.4123275175617031,0.9722778891115564,1.0,1.0,0.7423153422950771,0.3951566809523398,3.4000000000000004,Promising,0.026835632407433516,0.04878048780487805,1.0
U0984,paid,0,Needs Attention,0.2961391044437569,0.08550434201736806,0.0,0.0,0.1525455405192407,0.7840186649933203,2.2,At Risk,0.10319547444473384,0.1,0.0
U0985,paid,0,Needs Attention,0.36223360974862906,0.031062124248496994,0.0,0.0,0.22094976469793523,0.672021536278482,2.0,At Risk,0.06409485323433428,0.12,0.0
U0986,paid,0,Needs Attention,0.32151206660395687,0.44121576486305947,0.0,1.0,0.4513281244136213,0.5219863770589025,2.5,Needs Attention,0.019548828120369073,0.045454545454545456,0.5
U0987,paid,2,Social Engagers,0.15910969992893897,0.9305277221108884,1.0,1.0,0.5204153625603266,0.7853852438724238,3.2,Promising,0.00793851489406992,0.2,1.0
U0988,trial,0,Needs Attention,0.29277636945504515,0.5798263193052772,0.0,1.0,0.5783281919644533,0.5860363059865474,2.2,At Risk,0.01878746980209661,0.07407407407407407,0.5
U0989,churned,3,Segment 3,0.46588256256712524,0.45390781563126253,0.0,1.0,0.37375800289718014,0.5715342922469588,2.0,At Risk,0.07026515231922295,0.12121212121212122,0.5
U0990,churned,2,Social Engagers,0.38342550532602215,0.887441549766199,1.0,1.0,0.45186102542162976,0.6124978882937484,3.4000000000000004,Promising,0.05141511208940466,0.08333333333333333,1.0
U0991,paid,0,Needs Attention,0.3995488604429539,0.45023380093520377,0.0,1.0,0.2322562728453161,0.7006962156491213,3.0000000000000004,Promising,0.1455261336474837,0.14285714285714285,0.5
U0992,trial,0,Needs Attention,0.35117541368656346,0.020374081496325986,0.0,0.0,0.39340778936149445,0.5041883688093385,1.4000000000000001,Lost,0.023476025431185085,0.06153846153846154,0.0
U0993,paid,3,Segment 3,0.6880178888336317,0.21376085504342016,0.0,0.0,0.6763076715228209,0.23399777733811886,3.5,Potential Loyalist,0.0770465448795592,0.0625,0.0
U0994,trial,2,Social Engagers,0.2738510755323506,0.39545758183032736,1.0,0.0,0.36062612115617004,0.6016468014891003,1.3,Lost,0.013447039216753852,0.05555555555555555,0.5
U0995,trial,0,Needs Attention,0.23210093998871678,0.1933867735470942,0.0,0.0,0.45106467616881707,0.639462840262089,2.3,At Risk,0.013518233395802038,0.038461538461538464,0.0
U0996,inactive,2,Social Engagers,0.3061770615005005,0.6386105544422178,1.0,0.0,0.34610119114633764,0.8077831248018273,4.2,Loyal,0.41022726601407683,0.3333333333333333,0.5
U0997,trial,3,Segment 3,0.45265074782359915,0.18069472277889112,0.0,0.0,0.39717412352795484,0.5539414661994575,2.3,At Risk,0.054324321837134634,0.04878048780487805,0.0
U0998,inactive,0,Needs Attention,0.19232056172614026,0.6325985303941216,0.0,1.0,0.38465845548775457,0.8590757480706988,3.8,Potential Loyalist,0.07133376900721267,0.3333333333333333,0.5
U0999,paid,0,Needs Attention,0.28118853194823246,0.4345357381429526,0.0,1.0,0.19109004525905746,0.7334145404055287,1.9,Lost,0.017333799138950855,0.0,0.5
