user_id,segment_id,segment_name,lifecycle_stage,lifecycle_day,day_offset,notif_1_template_id,notif_1_time,notif_1_channel,notif_2_template_id,notif_2_time,notif_2_channel,notif_3_template_id,notif_3_time,notif_3_channel,notif_4_template_id,notif_4_time,notif_4_channel,notif_5_template_id,notif_5_time,notif_5_channel,notif_6_template_id,notif_6_time,notif_6_channel
U0000,2,Independent Learners,trial,D46,0,TPL_0238,19:45,push,TPL_0237,13:15,push,TPL_0234,19:15,push,TPL_0235,12:15,push,TPL_0236,20:30,push,TPL_0239,12:00,push
U0000,2,Independent Learners,trial,D47,1,TPL_0269,19:00,push,TPL_0268,12:15,push,TPL_0266,20:00,push,TPL_0262,13:45,push,TPL_0265,19:45,push,TPL_0267,14:45,push
U0000,2,Independent Learners,trial,D48,2,TPL_0261,20:30,push,TPL_0262,12:15,push,TPL_0264,20:15,push,TPL_0270,13:00,push,TPL_0265,18:15,push,TPL_0267,13:15,push
U0000,2,Independent Learners,trial,D49,3,TPL_0258,20:00,push,TPL_0251,13:00,push,TPL_0253,18:45,push,TPL_0255,13:00,push,TPL_0254,18:00,push,TPL_0257,12:00,push
U0000,2,Independent Learners,trial,D50,4,TPL_0252,18:00,push,TPL_0257,14:15,push,TPL_0259,18:00,push,TPL_0255,14:30,push,TPL_0251,20:30,push,TPL_0256,12:30,push
U0000,2,Independent Learners,trial,D51,5,TPL_0260,18:00,push,TPL_0251,13:45,push,TPL_0253,18:00,push,TPL_0259,12:45,push,TPL_0257,20:45,push,TPL_0252,12:00,push
U0000,2,Independent Learners,trial,D52,6,TPL_0244,18:45,push,TPL_0250,13:00,push,TPL_0242,20:30,push,TPL_0245,13:15,push,TPL_0247,19:45,push,TPL_0248,12:45,push
U0001,0,Independent Learners,inactive,D11,0,TPL_0018,15:45,push,TPL_0014,13:00,push,TPL_0015,17:00,push,TPL_0019,14:00,push,TPL_0016,17:15,push,TPL_0017,14:00,push
U0001,0,Independent Learners,inactive,D12,1,TPL_0014,16:00,push,TPL_0017,13:30,push,TPL_0020,15:45,push,TPL_0016,14:45,push,TPL_0015,16:45,push,TPL_0019,13:00,push
U0001,0,Independent Learners,inactive,D13,2,TPL_0020,15:15,push,TPL_0016,13:45,push,TPL_0013,16:00,push,TPL_0017,14:00,push,TPL_0015,17:15,push,TPL_0011,14:00,push
U0001,0,Independent Learners,inactive,D14,3,TPL_0020,15:45,push,TPL_0016,14:00,push,TPL_0011,16:45,push,TPL_0015,14:15,push,TPL_0017,17:45,push,TPL_0012,13:45,push
U0001,0,Independent Learners,inactive,D15,4,TPL_0011,16:00,push,TPL_0012,13:00,push,TPL_0019,17:45,push,TPL_0017,12:15,push,TPL_0015,17:15,push,TPL_0016,12:45,push
U0001,0,Independent Learners,inactive,D16,5,TPL_0015,15:30,push,TPL_0020,12:45,push,TPL_0013,15:15,push,TPL_0019,12:15,push,TPL_0016,16:15,push,TPL_0017,13:15,push
U0001,0,Independent Learners,inactive,D17,6,TPL_0019,16:00,push,TPL_0013,12:00,push,TPL_0018,15:00,push,TPL_0015,14:15,push,TPL_0016,15:15,push,TPL_0012,14:45,push
U0002,2,Independent Learners,paid,D61,0,TPL_0229,18:30,push,TPL_0227,12:45,push,TPL_0228,19:00,push,TPL_0226,14:00,push,TPL_0222,19:30,push,TPL_0230,12:30,push
U0002,2,Independent Learners,paid,D62,1,TPL_0228,20:45,push,TPL_0221,14:45,push,TPL_0230,20:30,push,TPL_0223,12:00,push,TPL_0226,19:30,push,TPL_0222,12:30,push
U0002,2,Independent Learners,paid,D63,2,TPL_0223,18:15,push,TPL_0222,14:15,push,TPL_0221,19:15,push,TPL_0228,13:00,push,TPL_0229,18:45,push,TPL_0226,12:00,push
U0002,2,Independent Learners,paid,D64,3,TPL_0230,19:45,push,TPL_0223,13:45,push,TPL_0221,18:45,push,TPL_0226,13:30,push,TPL_0228,18:15,push,TPL_0224,12:15,push
U0002,2,Independent Learners,paid,D65,4,TPL_0222,18:00,push,TPL_0230,12:45,push,TPL_0228,19:00,push,TPL_0229,13:45,push,TPL_0221,20:30,push,TPL_0227,14:15,push
U0002,2,Independent Learners,paid,D66,5,TPL_0229,19:00,push,TPL_0225,12:30,push,TPL_0227,18:00,push,TPL_0230,12:00,push,TPL_0228,18:15,push,TPL_0221,14:00,push
U0002,2,Independent Learners,paid,D67,6,TPL_0224,18:45,push,TPL_0227,12:15,push,TPL_0222,20:45,push,TPL_0223,14:15,push,TPL_0226,18:30,push,TPL_0228,14:45,push
U0003,1,Needs Attention,paid,D79,0,TPL_0139,06:00,push,TPL_0133,11:45,push,TPL_0132,07:15,push,TPL_0140,10:45,push,TPL_0134,07:45,push,TPL_0131,09:15,push
U0003,1,Needs Attention,paid,D80,1,TPL_0133,08:45,push,TPL_0139,09:45,push,TPL_0134,07:30,push,TPL_0137,09:00,push,TPL_0140,07:45,push,TPL_0136,10:45,push
U0003,1,Needs Attention,paid,D81,2,TPL_0134,08:15,push,TPL_0138,11:00,push,TPL_0132,06:45,push,TPL_0139,11:45,push,TPL_0133,08:00,push,TPL_0136,11:00,push
U0003,1,Needs Attention,paid,D82,3,TPL_0135,06:00,push,TPL_0131,11:00,push,TPL_0136,07:45,push,TPL_0138,09:45,push,TPL_0134,07:30,push,TPL_0137,10:45,push
U0003,1,Needs Attention,paid,D83,4,TPL_0132,08:00,push,TPL_0134,10:00,push,TPL_0136,08:45,push,TPL_0133,09:15,push,TPL_0137,07:30,push,TPL_0131,11:30,push
U0003,1,Needs Attention,paid,D84,5,TPL_0140,07:30,push,TPL_0138,10:30,push,TPL_0134,07:00,push,TPL_0132,11:30,push,TPL_0133,08:15,push,TPL_0137,11:45,push
U0003,1,Needs Attention,paid,D85,6,TPL_0133,07:30,push,TPL_0137,10:45,push,TPL_0132,06:00,push,TPL_0140,09:30,push,TPL_0138,07:45,push,TPL_0135,11:00,push
U0004,2,Independent Learners,trial,D87,0,TPL_0238,19:30,push,TPL_0232,13:45,push,TPL_0235,19:00,push,TPL_0240,14:15,push,TPL_0234,18:00,push,TPL_0239,14:30,push
U0004,2,Independent Learners,trial,D88,1,TPL_0265,19:00,push,TPL_0267,12:15,push,TPL_0268,18:30,push,TPL_0269,13:45,push,TPL_0266,19:30,push,TPL_0264,14:15,push
U0004,2,Independent Learners,trial,D89,2,TPL_0264,18:30,push,TPL_0265,14:45,push,TPL_0269,20:00,push,TPL_0266,14:00,push,TPL_0263,18:00,push,TPL_0262,12:00,push
U0004,2,Independent Learners,trial,D90,3,TPL_0257,18:45,push,TPL_0260,12:15,push,TPL_0258,20:15,push,TPL_0255,13:00,push,TPL_0254,20:45,push,TPL_0251,12:00,push
U0004,2,Independent Learners,trial,D91,4,TPL_0256,19:00,push,TPL_0253,14:00,push,TPL_0258,20:15,push,TPL_0257,13:45,push,TPL_0254,20:30,push,TPL_0252,13:30,push
U0004,2,Independent Learners,trial,D92,5,TPL_0252,20:00,push,TPL_0251,13:45,push,TPL_0258,20:45,push,TPL_0260,14:30,push,TPL_0257,19:45,push,TPL_0256,14:45,push
U0004,2,Independent Learners,trial,D93,6,TPL_0248,18:45,push,TPL_0243,13:15,push,TPL_0249,20:30,push,TPL_0245,14:15,push,TPL_0244,20:00,push,TPL_0246,14:15,push
U0005,1,Needs Attention,trial,D82,0,TPL_0150,07:00,push,TPL_0149,10:30,push,TPL_0147,07:00,push,TPL_0143,11:00,push,TPL_0145,08:15,push,TPL_0148,10:30,push
U0005,1,Needs Attention,trial,D83,1,TPL_0177,08:45,push,TPL_0176,10:15,push,TPL_0179,06:15,push,TPL_0174,10:30,push,TPL_0173,06:00,push,TPL_0171,11:00,push
U0005,1,Needs Attention,trial,D84,2,TPL_0175,06:15,push,TPL_0172,10:15,push,TPL_0174,08:45,push,TPL_0177,09:45,push,TPL_0176,07:45,push,TPL_0178,09:30,push
U0005,1,Needs Attention,trial,D85,3,TPL_0161,06:45,push,TPL_0164,10:45,push,TPL_0165,08:00,push,TPL_0163,09:15,push,TPL_0167,07:15,push,TPL_0170,09:45,push
U0005,1,Needs Attention,trial,D86,4,TPL_0166,08:45,push,TPL_0169,10:30,push,TPL_0170,06:00,push,TPL_0165,10:15,push,TPL_0162,07:45,push,TPL_0161,09:15,push
U0005,1,Needs Attention,trial,D87,5,TPL_0165,06:00,push,TPL_0163,09:45,push,TPL_0161,08:00,push,TPL_0162,09:00,push,TPL_0166,07:30,push,TPL_0164,11:30,push
U0005,1,Needs Attention,trial,D88,6,TPL_0152,06:45,push,TPL_0154,09:15,push,TPL_0159,08:45,push,TPL_0155,10:15,push,TPL_0153,06:00,push,TPL_0160,09:00,push
U0006,6,Casual Learners,trial,D7,0,TPL_0597,14:15,push,TPL_0591,06:30,push,TPL_0595,14:30,push,TPL_0592,07:15,push,TPL_0600,13:00,push,TPL_0594,06:00,push
U0006,6,Casual Learners,trial,D8,1,TPL_0621,13:45,push,TPL_0630,08:15,push,TPL_0624,13:00,push,TPL_0626,06:00,push,TPL_0627,13:15,push,TPL_0625,08:45,push
U0006,6,Casual Learners,trial,D9,2,TPL_0625,12:15,push,TPL_0621,06:15,push,TPL_0624,14:00,push,TPL_0623,08:00,push,TPL_0627,14:45,push,TPL_0626,06:15,push
U0006,6,Casual Learners,trial,D10,3,TPL_0614,13:00,push,TPL_0613,06:15,push,TPL_0620,13:00,push,TPL_0617,07:45,push,TPL_0616,12:15,push,TPL_0619,06:15,push
U0006,6,Casual Learners,trial,D11,4,TPL_0611,14:30,push,TPL_0616,07:15,push,TPL_0619,12:45,push,TPL_0613,08:30,push,TPL_0614,14:15,push,TPL_0618,07:15,push
U0006,6,Casual Learners,trial,D12,5,TPL_0617,12:30,push,TPL_0611,08:30,push,TPL_0612,14:00,push,TPL_0615,08:30,push,TPL_0619,13:00,push,TPL_0618,07:30,push
U0006,6,Casual Learners,trial,D13,6,TPL_0609,14:30,push,TPL_0607,06:00,push,TPL_0601,13:00,push,TPL_0608,06:30,push,TPL_0603,14:00,push,TPL_0606,06:15,push
U0007,0,Independent Learners,churned,D20,0,TPL_0007,15:00,push,TPL_0005,14:30,push,TPL_0001,15:15,push,TPL_0003,13:00,push,TPL_0010,17:30,push,TPL_0008,13:15,push
U0007,0,Independent Learners,churned,D21,1,TPL_0009,15:00,push,TPL_0010,12:00,push,TPL_0008,15:30,push,TPL_0004,13:45,push,TPL_0005,17:15,push,TPL_0001,14:00,push
U0007,0,Independent Learners,churned,D22,2,TPL_0002,15:00,push,TPL_0001,14:00,push,TPL_0007,16:00,push,TPL_0004,12:00,push,TPL_0010,15:15,push,TPL_0005,13:30,push
U0007,0,Independent Learners,churned,D23,3,TPL_0010,15:15,push,TPL_0008,13:00,push,TPL_0002,17:00,push,TPL_0001,14:00,push,TPL_0004,16:15,push,TPL_0006,12:15,push
U0007,0,Independent Learners,churned,D24,4,TPL_0001,15:15,push,TPL_0006,13:15,push,TPL_0004,15:00,push,TPL_0010,14:30,push,TPL_0002,16:15,push,TPL_0008,13:45,push
U0007,0,Independent Learners,churned,D25,5,TPL_0009,17:30,push,TPL_0002,13:45,push,TPL_0005,17:00,push,TPL_0001,14:45,push,TPL_0003,16:00,push,TPL_0007,13:45,push
U0007,0,Independent Learners,churned,D26,6,TPL_0001,17:45,push,TPL_0003,13:30,push,TPL_0006,15:30,push,TPL_0004,12:45,push,TPL_0009,17:00,push,TPL_0010,14:15,push
U0008,2,Independent Learners,paid,D80,0,TPL_0222,19:30,push,TPL_0225,12:00,push,TPL_0226,20:45,push,TPL_0228,13:30,push,TPL_0221,20:45,push,TPL_0230,12:45,push
U0008,2,Independent Learners,paid,D81,1,TPL_0221,20:15,push,TPL_0229,13:30,push,TPL_0224,20:45,push,TPL_0228,13:00,push,TPL_0226,20:00,push,TPL_0230,13:45,push
U0008,2,Independent Learners,paid,D82,2,TPL_0227,18:30,push,TPL_0228,14:15,push,TPL_0230,19:00,push,TPL_0229,13:15,push,TPL_0226,18:00,push,TPL_0223,14:30,push
U0008,2,Independent Learners,paid,D83,3,TPL_0222,19:45,push,TPL_0225,12:00,push,TPL_0227,20:15,push,TPL_0229,13:15,push,TPL_0224,20:30,push,TPL_0221,12:45,push
U0008,2,Independent Learners,paid,D84,4,TPL_0227,19:15,push,TPL_0221,12:15,push,TPL_0222,18:45,push,TPL_0226,12:15,push,TPL_0224,20:15,push,TPL_0230,14:30,push
U0008,2,Independent Learners,paid,D85,5,TPL_0226,19:15,push,TPL_0228,12:45,push,TPL_0221,18:30,push,TPL_0222,13:30,push,TPL_0224,20:00,push,TPL_0230,13:00,push
U0008,2,Independent Learners,paid,D86,6,TPL_0223,20:00,push,TPL_0230,12:30,push,TPL_0222,18:30,push,TPL_0229,12:15,push,TPL_0224,19:30,push,TPL_0221,12:45,push
U0009,2,Independent Learners,paid,D86,0,TPL_0230,20:00,push,TPL_0229,14:15,push,TPL_0221,20:30,push,TPL_0225,13:15,push,TPL_0228,19:45,push,TPL_0224,13:45,push
U0009,2,Independent Learners,paid,D87,1,TPL_0225,18:15,push,TPL_0228,13:45,push,TPL_0226,20:00,push,TPL_0223,14:45,push,TPL_0230,18:45,push,TPL_0224,13:15,push
U0009,2,Independent Learners,paid,D88,2,TPL_0229,20:00,push,TPL_0227,12:45,push,TPL_0228,20:15,push,TPL_0226,12:30,push,TPL_0225,19:00,push,TPL_0221,12:15,push
U0009,2,Independent Learners,paid,D89,3,TPL_0223,20:00,push,TPL_0221,14:30,push,TPL_0225,18:45,push,TPL_0224,13:00,push,TPL_0230,18:45,push,TPL_0227,13:00,push
U0009,2,Independent Learners,paid,D90,4,TPL_0230,20:15,push,TPL_0225,13:15,push,TPL_0226,19:30,push,TPL_0229,14:00,push,TPL_0227,20:45,push,TPL_0223,14:30,push
U0009,2,Independent Learners,paid,D91,5,TPL_0224,20:30,push,TPL_0221,12:15,push,TPL_0222,19:15,push,TPL_0225,14:15,push,TPL_0230,20:45,push,TPL_0228,14:15,push
U0009,2,Independent Learners,paid,D92,6,TPL_0225,18:45,push,TPL_0230,14:30,push,TPL_0223,18:45,push,TPL_0227,12:15,push,TPL_0229,19:15,push,TPL_0221,14:45,push
U0010,2,Independent Learners,trial,D79,0,TPL_0231,19:15,push,TPL_0235,13:45,push,TPL_0234,18:45,push,TPL_0240,12:45,push,TPL_0236,20:00,push,TPL_0232,12:45,push
U0010,2,Independent Learners,trial,D80,1,TPL_0268,19:45,push,TPL_0265,14:30,push,TPL_0266,20:45,push,TPL_0267,13:45,push,TPL_0264,20:45,push,TPL_0261,12:45,push
U0010,2,Independent Learners,trial,D81,2,TPL_0263,19:45,push,TPL_0268,14:00,push,TPL_0267,19:45,push,TPL_0261,13:30,push,TPL_0270,19:00,push,TPL_0265,13:00,push
U0010,2,Independent Learners,trial,D82,3,TPL_0251,18:15,push,TPL_0257,13:45,push,TPL_0253,20:15,push,TPL_0255,14:15,push,TPL_0259,20:45,push,TPL_0256,12:45,push
U0010,2,Independent Learners,trial,D83,4,TPL_0258,20:30,push,TPL_0255,12:30,push,TPL_0254,18:30,push,TPL_0259,14:30,push,TPL_0251,18:15,push,TPL_0257,13:15,push
U0010,2,Independent Learners,trial,D84,5,TPL_0256,19:45,push,TPL_0257,12:00,push,TPL_0260,19:45,push,TPL_0258,13:30,push,TPL_0251,19:30,push,TPL_0255,12:45,push
U0010,2,Independent Learners,trial,D85,6,TPL_0243,20:45,push,TPL_0247,13:00,push,TPL_0250,18:15,push,TPL_0244,14:45,push,TPL_0246,19:00,push,TPL_0249,13:30,push
U0011,5,Casual Learners,inactive,D69,0,TPL_0463,09:15,push,TPL_0470,16:15,push,TPL_0465,09:00,push,TPL_0462,17:15,push,TPL_0467,09:00,push,TPL_0466,17:15,push
U0011,5,Casual Learners,inactive,D70,1,TPL_0467,09:00,push,TPL_0461,16:45,push,TPL_0470,10:00,push,TPL_0463,15:45,push,TPL_0464,10:30,push,TPL_0465,15:45,push
U0011,5,Casual Learners,inactive,D71,2,TPL_0469,09:30,push,TPL_0466,16:00,push,TPL_0464,11:45,push,TPL_0468,17:30,push,TPL_0461,10:15,push,TPL_0465,17:15,push
U0011,5,Casual Learners,inactive,D72,3,TPL_0464,09:45,push,TPL_0465,15:15,push,TPL_0466,11:15,push,TPL_0463,15:00,push,TPL_0461,10:45,push,TPL_0467,15:15,push
U0011,5,Casual Learners,inactive,D73,4,TPL_0464,09:15,push,TPL_0467,17:45,push,TPL_0462,09:30,push,TPL_0466,15:45,push,TPL_0461,11:00,push,TPL_0463,15:00,push
U0011,5,Casual Learners,inactive,D74,5,TPL_0469,10:15,push,TPL_0465,16:45,push,TPL_0461,09:00,push,TPL_0468,15:30,push,TPL_0464,09:45,push,TPL_0467,15:45,push
U0011,5,Casual Learners,inactive,D75,6,TPL_0462,09:30,push,TPL_0461,15:45,push,TPL_0464,11:45,push,TPL_0469,17:45,push,TPL_0465,09:45,push,TPL_0468,15:45,push
U0012,0,Independent Learners,churned,D71,0,TPL_0004,15:15,push,TPL_0002,12:30,push,TPL_0001,15:15,push,TPL_0003,14:00,push,TPL_0009,16:30,push,TPL_0005,13:30,push
U0012,0,Independent Learners,churned,D72,1,TPL_0003,15:45,push,TPL_0008,14:30,push,TPL_0004,16:45,push,TPL_0005,13:00,push,TPL_0002,16:00,push,TPL_0006,13:00,push
U0012,0,Independent Learners,churned,D73,2,TPL_0008,16:00,push,TPL_0002,13:00,push,TPL_0005,16:45,push,TPL_0009,12:45,push,TPL_0010,16:30,push,TPL_0006,13:00,push
U0012,0,Independent Learners,churned,D74,3,TPL_0007,16:45,push,TPL_0001,12:00,push,TPL_0008,15:00,push,TPL_0003,13:15,push,TPL_0002,16:15,push,TPL_0005,13:00,push
U0012,0,Independent Learners,churned,D75,4,TPL_0001,17:15,push,TPL_0003,12:30,push,TPL_0008,16:45,push,TPL_0009,13:15,push,TPL_0005,17:30,push,TPL_0002,14:15,push
U0012,0,Independent Learners,churned,D76,5,TPL_0001,16:00,push,TPL_0008,12:00,push,TPL_0006,17:15,push,TPL_0007,12:30,push,TPL_0004,15:45,push,TPL_0003,12:30,push
U0012,0,Independent Learners,churned,D77,6,TPL_0003,16:45,push,TPL_0008,14:15,push,TPL_0010,15:00,push,TPL_0002,14:45,push,TPL_0005,16:00,push,TPL_0001,12:15,push
U0013,1,Needs Attention,trial,D24,0,TPL_0148,07:15,push,TPL_0141,11:30,push,TPL_0146,06:30,push,TPL_0147,10:00,push,TPL_0144,08:30,push,TPL_0142,11:15,push
U0013,1,Needs Attention,trial,D25,1,TPL_0178,08:15,push,TPL_0175,11:30,push,TPL_0173,07:15,push,TPL_0179,11:15,push,TPL_0180,08:45,push,TPL_0177,09:00,push
U0013,1,Needs Attention,trial,D26,2,TPL_0177,07:00,push,TPL_0180,10:30,push,TPL_0171,07:45,push,TPL_0178,09:15,push,TPL_0176,07:15,push,TPL_0174,11:30,push
U0013,1,Needs Attention,trial,D27,3,TPL_0165,07:15,push,TPL_0161,10:45,push,TPL_0163,08:00,push,TPL_0166,11:45,push,TPL_0164,06:15,push,TPL_0167,10:15,push
U0013,1,Needs Attention,trial,D28,4,TPL_0166,06:00,push,TPL_0165,09:45,push,TPL_0162,07:30,push,TPL_0164,11:30,push,TPL_0169,07:30,push,TPL_0161,10:30,push
U0013,1,Needs Attention,trial,D29,5,TPL_0168,07:30,push,TPL_0167,11:15,push,TPL_0170,07:45,push,TPL_0164,09:45,push,TPL_0162,06:45,push,TPL_0166,11:45,push
U0013,1,Needs Attention,trial,D30,6,TPL_0157,08:00,push,TPL_0154,11:00,push,TPL_0153,08:15,push,TPL_0152,09:15,push,TPL_0151,06:30,push,TPL_0160,10:00,push
U0014,1,Needs Attention,trial,D81,0,TPL_0148,06:15,push,TPL_0146,11:45,push,TPL_0142,07:15,push,TPL_0150,10:00,push,TPL_0149,08:30,push,TPL_0147,11:15,push
U0014,1,Needs Attention,trial,D82,1,TPL_0179,07:45,push,TPL_0180,11:15,push,TPL_0174,07:00,push,TPL_0172,11:15,push,TPL_0178,06:45,push,TPL_0177,10:45,push
U0014,1,Needs Attention,trial,D83,2,TPL_0173,06:15,push,TPL_0177,10:15,push,TPL_0172,06:15,push,TPL_0180,09:00,push,TPL_0179,07:45,push,TPL_0171,11:00,push
U0014,1,Needs Attention,trial,D84,3,TPL_0169,08:00,push,TPL_0164,09:45,push,TPL_0167,08:30,push,TPL_0165,09:30,push,TPL_0163,08:15,push,TPL_0161,11:30,push
U0014,1,Needs Attention,trial,D85,4,TPL_0169,08:00,push,TPL_0170,10:15,push,TPL_0161,07:45,push,TPL_0167,10:00,push,TPL_0165,06:30,push,TPL_0168,11:45,push
U0014,1,Needs Attention,trial,D86,5,TPL_0164,07:45,push,TPL_0169,09:45,push,TPL_0166,07:45,push,TPL_0170,09:15,push,TPL_0167,06:30,push,TPL_0165,09:30,push
U0014,1,Needs Attention,trial,D87,6,TPL_0153,08:30,push,TPL_0158,11:15,push,TPL_0159,06:45,push,TPL_0151,09:45,push,TPL_0152,06:45,push,TPL_0156,10:15,push
U0015,0,Independent Learners,trial,D88,0,TPL_0060,16:00,push,TPL_0055,13:45,push,TPL_0052,17:00,push,TPL_0057,14:00,push,TPL_0054,15:15,push,TPL_0051,14:15,push
U0015,0,Independent Learners,trial,D89,1,TPL_0085,15:00,push,TPL_0083,14:00,push,TPL_0086,17:00,push,TPL_0090,12:00,push,TPL_0084,17:15,push,TPL_0087,13:30,push
U0015,0,Independent Learners,trial,D90,2,TPL_0088,15:45,push,TPL_0089,12:30,push,TPL_0086,16:30,push,TPL_0085,14:45,push,TPL_0082,15:30,push,TPL_0087,13:30,push
U0015,0,Independent Learners,trial,D91,3,TPL_0073,17:30,push,TPL_0075,12:30,push,TPL_0074,15:00,push,TPL_0072,14:00,push,TPL_0071,17:15,push,TPL_0078,13:30,push
U0015,0,Independent Learners,trial,D92,4,TPL_0080,16:45,push,TPL_0071,13:15,push,TPL_0074,17:45,push,TPL_0075,12:30,push,TPL_0079,15:45,push,TPL_0077,13:45,push
U0015,0,Independent Learners,trial,D93,5,TPL_0074,16:00,push,TPL_0079,14:45,push,TPL_0077,16:15,push,TPL_0073,12:15,push,TPL_0075,15:00,push,TPL_0072,12:00,push
U0015,0,Independent Learners,trial,D94,6,TPL_0067,15:00,push,TPL_0070,13:30,push,TPL_0065,17:15,push,TPL_0061,14:00,push,TPL_0068,15:15,push,TPL_0063,14:00,push
U0016,0,Independent Learners,trial,D11,0,TPL_0060,15:45,push,TPL_0057,14:00,push,TPL_0054,17:00,push,TPL_0052,12:00,push,TPL_0051,17:15,push,TPL_0055,14:00,push
U0016,0,Independent Learners,trial,D12,1,TPL_0084,17:00,push,TPL_0089,12:30,push,TPL_0088,17:15,push,TPL_0090,12:00,push,TPL_0081,17:45,push,TPL_0082,12:15,push
U0016,0,Independent Learners,trial,D13,2,TPL_0085,17:15,push,TPL_0088,13:15,push,TPL_0087,17:45,push,TPL_0082,14:15,push,TPL_0086,15:15,push,TPL_0081,13:00,push
U0016,0,Independent Learners,trial,D14,3,TPL_0074,17:30,push,TPL_0076,13:45,push,TPL_0071,16:15,push,TPL_0080,12:45,push,TPL_0077,17:15,push,TPL_0075,13:45,push
U0016,0,Independent Learners,trial,D15,4,TPL_0072,17:00,push,TPL_0080,14:45,push,TPL_0078,15:00,push,TPL_0075,14:00,push,TPL_0076,15:45,push,TPL_0077,12:45,push
U0016,0,Independent Learners,trial,D16,5,TPL_0077,15:30,push,TPL_0078,14:15,push,TPL_0074,15:30,push,TPL_0071,12:30,push,TPL_0076,17:30,push,TPL_0072,12:30,push
U0016,0,Independent Learners,trial,D17,6,TPL_0061,16:30,push,TPL_0069,13:45,push,TPL_0070,16:15,push,TPL_0064,13:00,push,TPL_0067,17:45,push,TPL_0066,12:00,push
U0017,1,Needs Attention,paid,D14,0,TPL_0134,07:45,push,TPL_0131,11:45,push,TPL_0138,08:15,push,TPL_0133,11:15,push,TPL_0137,08:30,push,TPL_0136,09:45,push
U0017,1,Needs Attention,paid,D15,1,TPL_0139,08:00,push,TPL_0138,09:15,push,TPL_0135,06:30,push,TPL_0131,11:30,push,TPL_0133,06:30,push,TPL_0140,10:15,push
U0017,1,Needs Attention,paid,D16,2,TPL_0132,07:45,push,TPL_0138,09:00,push,TPL_0135,06:00,push,TPL_0131,09:00,push,TPL_0133,07:30,push,TPL_0139,11:15,push
U0017,1,Needs Attention,paid,D17,3,TPL_0138,07:45,push,TPL_0136,09:15,push,TPL_0139,07:45,push,TPL_0132,10:15,push,TPL_0133,07:15,push,TPL_0134,11:00,push
U0017,1,Needs Attention,paid,D18,4,TPL_0140,07:30,push,TPL_0139,11:45,push,TPL_0134,07:45,push,TPL_0135,11:15,push,TPL_0138,06:30,push,TPL_0136,11:45,push
U0017,1,Needs Attention,paid,D19,5,TPL_0137,08:30,push,TPL_0134,09:45,push,TPL_0136,06:15,push,TPL_0131,11:15,push,TPL_0139,08:00,push,TPL_0133,09:15,push
U0017,1,Needs Attention,paid,D20,6,TPL_0133,08:15,push,TPL_0134,11:15,push,TPL_0138,07:45,push,TPL_0140,09:45,push,TPL_0137,07:00,push,TPL_0132,11:15,push
U0018,6,Casual Learners,paid,D58,0,TPL_0582,13:45,push,TPL_0581,08:45,push,TPL_0588,14:30,push,TPL_0587,08:00,push,TPL_0586,14:15,push,TPL_0590,07:15,push
U0018,6,Casual Learners,paid,D59,1,TPL_0583,13:15,push,TPL_0585,06:30,push,TPL_0586,14:30,push,TPL_0589,08:15,push,TPL_0582,12:15,push,TPL_0588,08:45,push
U0018,6,Casual Learners,paid,D60,2,TPL_0582,14:30,push,TPL_0590,07:45,push,TPL_0581,13:00,push,TPL_0586,06:15,push,TPL_0589,14:00,push,TPL_0585,08:30,push
U0018,6,Casual Learners,paid,D61,3,TPL_0582,12:30,push,TPL_0589,08:15,push,TPL_0586,13:00,push,TPL_0588,07:30,push,TPL_0590,12:30,push,TPL_0581,07:15,push
U0018,6,Casual Learners,paid,D62,4,TPL_0589,14:15,push,TPL_0586,07:00,push,TPL_0588,14:00,push,TPL_0583,06:15,push,TPL_0582,13:15,push,TPL_0585,06:00,push
U0018,6,Casual Learners,paid,D63,5,TPL_0581,14:45,push,TPL_0587,08:30,push,TPL_0584,14:15,push,TPL_0582,07:15,push,TPL_0590,13:30,push,TPL_0583,06:15,push
U0018,6,Casual Learners,paid,D64,6,TPL_0582,12:45,push,TPL_0588,08:30,push,TPL_0583,12:45,push,TPL_0587,06:00,push,TPL_0581,13:45,push,TPL_0586,08:30,push
U0019,0,Independent Learners,trial,D25,0,TPL_0054,17:30,push,TPL_0056,14:30,push,TPL_0058,15:30,push,TPL_0052,12:00,push,TPL_0051,16:45,push,TPL_0057,13:45,push
U0019,0,Independent Learners,trial,D26,1,TPL_0084,15:30,push,TPL_0083,14:30,push,TPL_0088,16:00,push,TPL_0085,12:15,push,TPL_0087,16:15,push,TPL_0090,14:30,push
U0019,0,Independent Learners,trial,D27,2,TPL_0082,15:00,push,TPL_0087,13:15,push,TPL_0085,17:15,push,TPL_0089,14:15,push,TPL_0090,16:45,push,TPL_0084,14:30,push
U0019,0,Independent Learners,trial,D28,3,TPL_0078,17:15,push,TPL_0079,12:00,push,TPL_0077,16:45,push,TPL_0073,14:30,push,TPL_0072,15:00,push,TPL_0074,12:45,push
U0019,0,Independent Learners,trial,D29,4,TPL_0077,16:15,push,TPL_0074,12:45,push,TPL_0075,15:00,push,TPL_0071,13:30,push,TPL_0079,16:30,push,TPL_0073,12:45,push
U0019,0,Independent Learners,trial,D30,5,TPL_0078,15:30,push,TPL_0080,13:15,push,TPL_0077,16:30,push,TPL_0071,12:45,push,TPL_0076,17:15,push,TPL_0073,12:45,push
U0019,0,Independent Learners,trial,D31,6,TPL_0061,17:00,push,TPL_0065,12:45,push,TPL_0070,17:15,push,TPL_0062,12:15,push,TPL_0063,16:30,push,TPL_0066,12:15,push
U0020,0,Independent Learners,paid,D25,0,TPL_0046,15:15,push,TPL_0045,13:30,push,TPL_0049,17:15,push,TPL_0050,13:15,push,TPL_0044,16:30,push,TPL_0047,13:15,push
U0020,0,Independent Learners,paid,D26,1,TPL_0047,15:45,push,TPL_0048,13:15,push,TPL_0049,15:45,push,TPL_0045,14:00,push,TPL_0046,15:30,push,TPL_0042,13:00,push
U0020,0,Independent Learners,paid,D27,2,TPL_0050,16:30,push,TPL_0047,13:00,push,TPL_0046,16:30,push,TPL_0045,14:30,push,TPL_0044,15:00,push,TPL_0041,14:45,push
U0020,0,Independent Learners,paid,D28,3,TPL_0046,17:00,push,TPL_0048,14:45,push,TPL_0043,17:00,push,TPL_0049,12:15,push,TPL_0045,17:00,push,TPL_0047,12:30,push
U0020,0,Independent Learners,paid,D29,4,TPL_0046,17:30,push,TPL_0047,13:45,push,TPL_0050,15:45,push,TPL_0049,14:30,push,TPL_0048,16:00,push,TPL_0041,13:45,push
U0020,0,Independent Learners,paid,D30,5,TPL_0044,17:45,push,TPL_0048,14:30,push,TPL_0046,16:15,push,TPL_0041,13:15,push,TPL_0043,16:30,push,TPL_0049,13:00,push
U0020,0,Independent Learners,paid,D31,6,TPL_0044,15:30,push,TPL_0048,12:45,push,TPL_0046,15:00,push,TPL_0047,14:15,push,TPL_0045,15:45,push,TPL_0049,14:00,push
U0021,0,Independent Learners,trial,D46,0,TPL_0051,16:45,push,TPL_0059,12:00,push,TPL_0055,16:30,push,TPL_0052,13:00,push,TPL_0054,16:45,push,TPL_0053,12:15,push
U0021,0,Independent Learners,trial,D47,1,TPL_0090,16:00,push,TPL_0088,12:45,push,TPL_0081,15:30,push,TPL_0083,14:00,push,TPL_0082,15:30,push,TPL_0087,12:15,push
U0021,0,Independent Learners,trial,D48,2,TPL_0083,15:30,push,TPL_0087,13:00,push,TPL_0088,17:30,push,TPL_0081,12:45,push,TPL_0082,15:30,push,TPL_0090,14:30,push
U0021,0,Independent Learners,trial,D49,3,TPL_0073,16:00,push,TPL_0078,14:15,push,TPL_0071,15:15,push,TPL_0080,13:45,push,TPL_0072,16:45,push,TPL_0075,12:00,push
U0021,0,Independent Learners,trial,D50,4,TPL_0080,15:30,push,TPL_0077,12:30,push,TPL_0071,15:45,push,TPL_0075,14:15,push,TPL_0073,17:45,push,TPL_0074,13:45,push
U0021,0,Independent Learners,trial,D51,5,TPL_0078,15:15,push,TPL_0079,13:30,push,TPL_0071,15:45,push,TPL_0076,13:00,push,TPL_0077,17:30,push,TPL_0073,13:45,push
U0021,0,Independent Learners,trial,D52,6,TPL_0066,15:45,push,TPL_0067,12:15,push,TPL_0068,15:30,push,TPL_0062,14:00,push,TPL_0065,15:30,push,TPL_0070,13:15,push
U0022,2,Independent Learners,trial,D31,0,TPL_0233,20:30,push,TPL_0239,12:45,push,TPL_0238,20:00,push,TPL_0237,14:00,push,TPL_0240,18:00,push,TPL_0234,12:15,push
U0022,2,Independent Learners,trial,D32,1,TPL_0266,20:00,push,TPL_0267,12:45,push,TPL_0261,19:00,push,TPL_0265,13:15,push,TPL_0262,18:00,push,TPL_0268,14:00,push
U0022,2,Independent Learners,trial,D33,2,TPL_0263,18:15,push,TPL_0262,13:45,push,TPL_0261,18:45,push,TPL_0267,12:45,push,TPL_0269,19:45,push,TPL_0266,14:00,push
U0022,2,Independent Learners,trial,D34,3,TPL_0252,20:00,push,TPL_0259,12:45,push,TPL_0257,20:15,push,TPL_0251,12:45,push,TPL_0258,18:30,push,TPL_0256,14:15,push
U0022,2,Independent Learners,trial,D35,4,TPL_0255,19:15,push,TPL_0251,14:00,push,TPL_0260,19:15,push,TPL_0258,12:15,push,TPL_0259,18:00,push,TPL_0257,13:30,push
U0022,2,Independent Learners,trial,D36,5,TPL_0259,19:30,push,TPL_0257,14:00,push,TPL_0256,18:45,push,TPL_0251,12:30,push,TPL_0254,20:15,push,TPL_0258,12:00,push
U0022,2,Independent Learners,trial,D37,6,TPL_0244,19:30,push,TPL_0241,12:30,push,TPL_0247,20:45,push,TPL_0249,12:00,push,TPL_0250,19:15,push,TPL_0243,13:30,push
U0023,6,Casual Learners,trial,D9,0,TPL_0598,12:45,push,TPL_0592,07:30,push,TPL_0597,13:00,push,TPL_0591,07:15,push,TPL_0593,14:15,push,TPL_0599,08:15,push
U0023,6,Casual Learners,trial,D10,1,TPL_0622,14:15,push,TPL_0621,08:45,push,TPL_0625,14:45,push,TPL_0624,08:45,push,TPL_0628,13:15,push,TPL_0626,07:00,push
U0023,6,Casual Learners,trial,D11,2,TPL_0626,12:30,push,TPL_0625,08:00,push,TPL_0628,12:45,push,TPL_0622,06:45,push,TPL_0630,14:00,push,TPL_0629,07:15,push
U0023,6,Casual Learners,trial,D12,3,TPL_0619,12:15,push,TPL_0620,07:15,push,TPL_0614,13:30,push,TPL_0618,06:45,push,TPL_0616,14:00,push,TPL_0617,08:15,push
U0023,6,Casual Learners,trial,D13,4,TPL_0618,14:15,push,TPL_0615,07:15,push,TPL_0619,13:15,push,TPL_0613,08:45,push,TPL_0612,13:30,push,TPL_0617,07:15,push
U0023,6,Casual Learners,trial,D14,5,TPL_0616,12:30,push,TPL_0613,07:30,push,TPL_0614,12:45,push,TPL_0615,08:15,push,TPL_0611,14:00,push,TPL_0617,08:15,push
U0023,6,Casual Learners,trial,D15,6,TPL_0607,14:30,push,TPL_0604,08:30,push,TPL_0601,13:00,push,TPL_0602,08:30,push,TPL_0603,13:30,push,TPL_0608,07:30,push
U0024,2,Independent Learners,paid,D15,0,TPL_0221,19:00,push,TPL_0223,14:30,push,TPL_0222,18:00,push,TPL_0230,12:00,push,TPL_0227,18:30,push,TPL_0226,14:15,push
U0024,2,Independent Learners,paid,D16,1,TPL_0226,20:00,push,TPL_0223,13:00,push,TPL_0230,19:45,push,TPL_0227,14:15,push,TPL_0225,18:15,push,TPL_0222,12:00,push
U0024,2,Independent Learners,paid,D17,2,TPL_0226,20:45,push,TPL_0222,13:45,push,TPL_0228,19:45,push,TPL_0229,14:00,push,TPL_0225,19:15,push,TPL_0223,14:00,push
U0024,2,Independent Learners,paid,D18,3,TPL_0229,20:45,push,TPL_0223,14:30,push,TPL_0222,18:30,push,TPL_0227,13:30,push,TPL_0228,19:30,push,TPL_0221,13:45,push
U0024,2,Independent Learners,paid,D19,4,TPL_0224,20:15,push,TPL_0225,12:30,push,TPL_0227,19:30,push,TPL_0226,12:00,push,TPL_0222,18:45,push,TPL_0228,13:15,push
U0024,2,Independent Learners,paid,D20,5,TPL_0225,18:15,push,TPL_0224,13:45,push,TPL_0227,19:30,push,TPL_0228,12:00,push,TPL_0226,19:45,push,TPL_0221,13:45,push
U0024,2,Independent Learners,paid,D21,6,TPL_0223,20:15,push,TPL_0230,14:45,push,TPL_0228,20:15,push,TPL_0227,14:00,push,TPL_0225,20:45,push,TPL_0221,12:45,push
U0025,0,Independent Learners,churned,D70,0,TPL_0009,16:00,push,TPL_0001,13:15,push,TPL_0007,17:45,push,TPL_0002,14:45,push,TPL_0003,16:15,push,TPL_0005,13:45,push
U0025,0,Independent Learners,churned,D71,1,TPL_0008,17:45,push,TPL_0009,12:15,push,TPL_0004,17:45,push,TPL_0003,13:30,push,TPL_0010,17:00,push,TPL_0006,14:30,push
U0025,0,Independent Learners,churned,D72,2,TPL_0003,15:00,push,TPL_0005,12:30,push,TPL_0004,15:30,push,TPL_0006,13:00,push,TPL_0008,17:45,push,TPL_0007,13:30,push
U0025,0,Independent Learners,churned,D73,3,TPL_0004,15:45,push,TPL_0006,14:45,push,TPL_0005,16:15,push,TPL_0003,12:15,push,TPL_0008,17:45,push,TPL_0009,12:30,push
U0025,0,Independent Learners,churned,D74,4,TPL_0003,15:00,push,TPL_0006,14:30,push,TPL_0007,17:15,push,TPL_0002,12:15,push,TPL_0010,17:15,push,TPL_0008,12:30,push
U0025,0,Independent Learners,churned,D75,5,TPL_0008,17:15,push,TPL_0004,12:15,push,TPL_0001,15:15,push,TPL_0005,14:15,push,TPL_0007,16:45,push,TPL_0002,14:00,push
U0025,0,Independent Learners,churned,D76,6,TPL_0005,17:00,push,TPL_0002,14:00,push,TPL_0007,15:45,push,TPL_0006,13:15,push,TPL_0009,15:45,push,TPL_0001,13:30,push
U0026,6,Casual Learners,trial,D16,0,TPL_0595,13:30,push,TPL_0597,07:00,push,TPL_0596,14:00,push,TPL_0599,08:30,push,TPL_0591,13:30,push,TPL_0593,07:45,push
U0026,6,Casual Learners,trial,D17,1,TPL_0629,14:00,push,TPL_0630,08:00,push,TPL_0621,13:45,push,TPL_0625,08:45,push,TPL_0627,14:30,push,TPL_0628,06:00,push
U0026,6,Casual Learners,trial,D18,2,TPL_0626,13:00,push,TPL_0623,08:00,push,TPL_0629,12:30,push,TPL_0627,08:45,push,TPL_0630,12:15,push,TPL_0628,06:30,push
U0026,6,Casual Learners,trial,D19,3,TPL_0616,13:00,push,TPL_0620,08:30,push,TPL_0612,14:15,push,TPL_0615,07:15,push,TPL_0613,14:00,push,TPL_0618,08:30,push
U0026,6,Casual Learners,trial,D20,4,TPL_0620,12:00,push,TPL_0613,06:15,push,TPL_0615,14:45,push,TPL_0618,07:30,push,TPL_0612,12:30,push,TPL_0619,07:15,push
U0026,6,Casual Learners,trial,D21,5,TPL_0620,14:00,push,TPL_0613,07:15,push,TPL_0619,13:30,push,TPL_0611,08:15,push,TPL_0612,12:00,push,TPL_0618,06:30,push
U0026,6,Casual Learners,trial,D22,6,TPL_0607,13:15,push,TPL_0609,07:00,push,TPL_0610,12:45,push,TPL_0605,08:45,push,TPL_0606,13:30,push,TPL_0602,07:15,push
U0027,2,Independent Learners,paid,D22,0,TPL_0226,18:45,push,TPL_0222,13:45,push,TPL_0225,19:15,push,TPL_0228,12:45,push,TPL_0227,20:00,push,TPL_0224,14:15,push
U0027,2,Independent Learners,paid,D23,1,TPL_0224,18:00,push,TPL_0228,13:15,push,TPL_0222,19:45,push,TPL_0230,14:15,push,TPL_0221,20:00,push,TPL_0225,14:45,push
U0027,2,Independent Learners,paid,D24,2,TPL_0223,19:15,push,TPL_0222,14:45,push,TPL_0230,18:45,push,TPL_0228,12:30,push,TPL_0226,18:30,push,TPL_0225,14:15,push
U0027,2,Independent Learners,paid,D25,3,TPL_0228,20:45,push,TPL_0221,12:15,push,TPL_0223,18:30,push,TPL_0224,13:30,push,TPL_0225,18:15,push,TPL_0222,14:30,push
U0027,2,Independent Learners,paid,D26,4,TPL_0224,20:00,push,TPL_0223,14:15,push,TPL_0230,20:45,push,TPL_0225,12:15,push,TPL_0222,19:30,push,TPL_0221,12:00,push
U0027,2,Independent Learners,paid,D27,5,TPL_0228,19:15,push,TPL_0224,12:30,push,TPL_0226,19:15,push,TPL_0230,14:30,push,TPL_0229,20:30,push,TPL_0225,12:45,push
U0027,2,Independent Learners,paid,D28,6,TPL_0229,18:00,push,TPL_0228,13:00,push,TPL_0224,18:15,push,TPL_0222,14:00,push,TPL_0221,19:15,push,TPL_0223,12:00,push
U0028,2,Independent Learners,paid,D25,0,TPL_0221,20:00,push,TPL_0225,14:45,push,TPL_0228,20:00,push,TPL_0224,13:45,push,TPL_0229,18:30,push,TPL_0223,14:00,push
U0028,2,Independent Learners,paid,D26,1,TPL_0222,20:15,push,TPL_0226,12:00,push,TPL_0224,19:45,push,TPL_0227,12:30,push,TPL_0223,18:00,push,TPL_0230,13:45,push
U0028,2,Independent Learners,paid,D27,2,TPL_0229,20:00,push,TPL_0225,14:30,push,TPL_0222,19:15,push,TPL_0226,13:15,push,TPL_0228,19:00,push,TPL_0223,12:45,push
U0028,2,Independent Learners,paid,D28,3,TPL_0224,18:45,push,TPL_0228,12:00,push,TPL_0222,19:30,push,TPL_0227,14:30,push,TPL_0225,18:30,push,TPL_0223,12:15,push
U0028,2,Independent Learners,paid,D29,4,TPL_0228,20:15,push,TPL_0229,14:45,push,TPL_0225,20:15,push,TPL_0226,13:15,push,TPL_0230,18:30,push,TPL_0221,13:30,push
U0028,2,Independent Learners,paid,D30,5,TPL_0224,19:30,push,TPL_0222,12:00,push,TPL_0227,19:45,push,TPL_0225,13:00,push,TPL_0230,19:00,push,TPL_0228,14:15,push
U0028,2,Independent Learners,paid,D31,6,TPL_0229,19:45,push,TPL_0221,14:15,push,TPL_0226,19:30,push,TPL_0225,14:30,push,TPL_0230,20:30,push,TPL_0227,13:00,push
U0029,2,Independent Learners,trial,D84,0,TPL_0238,18:00,push,TPL_0236,13:00,push,TPL_0239,18:15,push,TPL_0235,12:45,push,TPL_0237,19:15,push,TPL_0233,13:30,push
U0029,2,Independent Learners,trial,D85,1,TPL_0266,18:45,push,TPL_0265,12:30,push,TPL_0268,20:45,push,TPL_0264,13:00,push,TPL_0270,19:30,push,TPL_0267,14:45,push
U0029,2,Independent Learners,trial,D86,2,TPL_0269,19:00,push,TPL_0261,13:45,push,TPL_0264,18:30,push,TPL_0268,14:30,push,TPL_0266,18:30,push,TPL_0262,12:00,push
U0029,2,Independent Learners,trial,D87,3,TPL_0260,20:15,push,TPL_0253,14:30,push,TPL_0254,19:15,push,TPL_0259,14:00,push,TPL_0258,19:15,push,TPL_0256,13:45,push
U0029,2,Independent Learners,trial,D88,4,TPL_0257,18:00,push,TPL_0258,12:45,push,TPL_0253,20:30,push,TPL_0256,13:15,push,TPL_0252,20:00,push,TPL_0259,14:30,push
U0029,2,Independent Learners,trial,D89,5,TPL_0259,19:30,push,TPL_0260,13:00,push,TPL_0252,19:45,push,TPL_0255,14:30,push,TPL_0251,19:00,push,TPL_0254,13:45,push
U0029,2,Independent Learners,trial,D90,6,TPL_0244,18:00,push,TPL_0250,14:45,push,TPL_0241,20:15,push,TPL_0245,13:30,push,TPL_0243,19:15,push,TPL_0249,12:00,push
U0030,6,Casual Learners,paid,D85,0,TPL_0585,13:30,push,TPL_0590,08:15,push,TPL_0583,13:15,push,TPL_0587,06:00,push,TPL_0588,14:30,push,TPL_0586,06:15,push
U0030,6,Casual Learners,paid,D86,1,TPL_0588,12:30,push,TPL_0584,07:30,push,TPL_0586,12:30,push,TPL_0587,06:30,push,TPL_0581,13:15,push,TPL_0585,07:30,push
U0030,6,Casual Learners,paid,D87,2,TPL_0589,12:00,push,TPL_0586,08:30,push,TPL_0588,13:15,push,TPL_0581,08:30,push,TPL_0582,12:15,push,TPL_0590,08:15,push
U0030,6,Casual Learners,paid,D88,3,TPL_0583,12:45,push,TPL_0586,08:00,push,TPL_0588,12:15,push,TPL_0584,07:45,push,TPL_0585,12:15,push,TPL_0590,08:45,push
U0030,6,Casual Learners,paid,D89,4,TPL_0586,12:30,push,TPL_0589,07:00,push,TPL_0581,13:15,push,TPL_0583,07:15,push,TPL_0584,12:15,push,TPL_0590,07:00,push
U0030,6,Casual Learners,paid,D90,5,TPL_0585,14:30,push,TPL_0589,06:15,push,TPL_0582,13:15,push,TPL_0590,08:15,push,TPL_0587,12:45,push,TPL_0583,08:30,push
U0030,6,Casual Learners,paid,D91,6,TPL_0582,12:00,push,TPL_0584,08:45,push,TPL_0587,12:45,push,TPL_0583,06:45,push,TPL_0589,12:30,push,TPL_0581,07:30,push
U0031,0,Independent Learners,trial,D6,0,TPL_0058,17:00,push,TPL_0054,13:45,push,TPL_0060,15:15,push,TPL_0057,12:45,push,TPL_0053,15:15,push,TPL_0055,13:15,push
U0031,0,Independent Learners,trial,D7,1,TPL_0083,17:15,push,TPL_0089,14:15,push,TPL_0082,15:30,push,TPL_0081,14:00,push,TPL_0090,17:30,push,TPL_0084,14:30,push
U0031,0,Independent Learners,trial,D8,2,TPL_0086,17:30,push,TPL_0081,14:00,push,TPL_0084,15:00,push,TPL_0090,14:15,push,TPL_0085,15:00,push,TPL_0089,13:15,push
U0031,0,Independent Learners,trial,D9,3,TPL_0071,15:15,push,TPL_0080,13:30,push,TPL_0079,15:30,push,TPL_0078,12:45,push,TPL_0076,15:00,push,TPL_0075,14:30,push
U0031,0,Independent Learners,trial,D10,4,TPL_0071,17:00,push,TPL_0078,12:00,push,TPL_0080,16:30,push,TPL_0074,14:45,push,TPL_0077,15:00,push,TPL_0079,13:30,push
U0031,0,Independent Learners,trial,D11,5,TPL_0071,17:00,push,TPL_0072,13:45,push,TPL_0078,15:15,push,TPL_0077,12:30,push,TPL_0075,16:00,push,TPL_0073,13:30,push
U0031,0,Independent Learners,trial,D12,6,TPL_0070,15:30,push,TPL_0067,14:45,push,TPL_0068,17:15,push,TPL_0069,12:15,push,TPL_0066,15:00,push,TPL_0064,12:45,push
U0032,0,Independent Learners,trial,D13,0,TPL_0059,15:15,push,TPL_0051,14:45,push,TPL_0058,15:30,push,TPL_0053,13:15,push,TPL_0055,16:45,push,TPL_0054,14:15,push
U0032,0,Independent Learners,trial,D14,1,TPL_0085,17:45,push,TPL_0087,12:15,push,TPL_0090,16:15,push,TPL_0088,13:45,push,TPL_0082,16:00,push,TPL_0089,14:30,push
U0032,0,Independent Learners,trial,D15,2,TPL_0089,16:30,push,TPL_0086,14:00,push,TPL_0088,15:45,push,TPL_0085,14:30,push,TPL_0083,17:30,push,TPL_0084,14:45,push
U0032,0,Independent Learners,trial,D16,3,TPL_0079,17:30,push,TPL_0077,13:15,push,TPL_0075,15:45,push,TPL_0078,13:00,push,TPL_0076,16:00,push,TPL_0073,14:15,push
U0032,0,Independent Learners,trial,D17,4,TPL_0075,17:15,push,TPL_0074,13:30,push,TPL_0079,15:30,push,TPL_0072,13:15,push,TPL_0078,16:45,push,TPL_0080,13:00,push
U0032,0,Independent Learners,trial,D18,5,TPL_0080,16:45,push,TPL_0072,13:45,push,TPL_0073,17:15,push,TPL_0076,13:30,push,TPL_0079,17:15,push,TPL_0075,14:30,push
U0032,0,Independent Learners,trial,D19,6,TPL_0069,17:30,push,TPL_0062,14:15,push,TPL_0065,17:00,push,TPL_0061,12:45,push,TPL_0070,15:30,push,TPL_0063,12:45,push
U0033,2,Independent Learners,inactive,D78,0,TPL_0192,18:15,push,TPL_0194,12:15,push,TPL_0193,19:00,push,TPL_0197,12:00,push,TPL_0191,18:15,push,TPL_0195,12:15,push
U0033,2,Independent Learners,inactive,D79,1,TPL_0199,18:15,push,TPL_0191,14:30,push,TPL_0196,20:45,push,TPL_0200,12:15,push,TPL_0197,20:00,push,TPL_0193,14:15,push
U0033,2,Independent Learners,inactive,D80,2,TPL_0198,18:30,push,TPL_0195,12:15,push,TPL_0194,20:45,push,TPL_0196,13:15,push,TPL_0191,18:30,push,TPL_0197,13:45,push
U0033,2,Independent Learners,inactive,D81,3,TPL_0196,19:15,push,TPL_0198,12:45,push,TPL_0191,18:45,push,TPL_0199,12:30,push,TPL_0197,18:15,push,TPL_0192,13:45,push
U0033,2,Independent Learners,inactive,D82,4,TPL_0200,20:45,push,TPL_0195,14:45,push,TPL_0196,18:45,push,TPL_0193,13:15,push,TPL_0197,19:00,push,TPL_0191,14:15,push
U0033,2,Independent Learners,inactive,D83,5,TPL_0191,19:45,push,TPL_0199,14:45,push,TPL_0197,20:45,push,TPL_0194,13:45,push,TPL_0195,19:15,push,TPL_0200,13:30,push
U0033,2,Independent Learners,inactive,D84,6,TPL_0193,20:30,push,TPL_0192,12:30,push,TPL_0199,18:15,push,TPL_0196,14:00,push,TPL_0200,18:15,push,TPL_0194,12:00,push
U0034,1,Needs Attention,inactive,D6,0,TPL_0110,06:00,push,TPL_0109,10:30,push,TPL_0106,08:00,push,TPL_0102,10:15,push,TPL_0105,08:15,push,TPL_0104,09:45,push
U0034,1,Needs Attention,inactive,D7,1,TPL_0108,07:00,push,TPL_0102,11:00,push,TPL_0104,08:30,push,TPL_0107,11:30,push,TPL_0110,08:00,push,TPL_0109,09:45,push
U0034,1,Needs Attention,inactive,D8,2,TPL_0110,07:45,push,TPL_0103,11:45,push,TPL_0107,07:00,push,TPL_0105,10:45,push,TPL_0109,07:45,push,TPL_0106,11:00,push
U0034,1,Needs Attention,inactive,D9,3,TPL_0102,08:45,push,TPL_0109,09:45,push,TPL_0110,07:45,push,TPL_0101,10:45,push,TPL_0103,06:00,push,TPL_0106,11:00,push
U0034,1,Needs Attention,inactive,D10,4,TPL_0104,06:30,push,TPL_0103,09:00,push,TPL_0110,07:15,push,TPL_0107,09:00,push,TPL_0105,07:30,push,TPL_0102,11:00,push
U0034,1,Needs Attention,inactive,D11,5,TPL_0103,06:00,push,TPL_0108,11:30,push,TPL_0101,06:45,push,TPL_0110,10:15,push,TPL_0106,06:15,push,TPL_0104,11:15,push
U0034,1,Needs Attention,inactive,D12,6,TPL_0105,06:45,push,TPL_0107,11:15,push,TPL_0106,06:15,push,TPL_0103,11:30,push,TPL_0104,06:45,push,TPL_0109,11:30,push
U0035,2,Independent Learners,churned,D8,0,TPL_0185,18:00,push,TPL_0190,12:00,push,TPL_0181,18:15,push,TPL_0182,14:45,push,TPL_0189,20:45,push,TPL_0187,13:30,push
U0035,2,Independent Learners,churned,D9,1,TPL_0190,19:15,push,TPL_0183,13:45,push,TPL_0189,18:00,push,TPL_0181,12:45,push,TPL_0187,20:15,push,TPL_0184,13:45,push
U0035,2,Independent Learners,churned,D10,2,TPL_0183,20:45,push,TPL_0189,12:45,push,TPL_0186,19:15,push,TPL_0190,12:30,push,TPL_0182,19:45,push,TPL_0185,13:30,push
U0035,2,Independent Learners,churned,D11,3,TPL_0181,18:30,push,TPL_0185,13:45,push,TPL_0187,20:15,push,TPL_0188,12:45,push,TPL_0184,19:00,push,TPL_0183,14:30,push
U0035,2,Independent Learners,churned,D12,4,TPL_0189,20:30,push,TPL_0182,13:30,push,TPL_0183,19:30,push,TPL_0186,13:00,push,TPL_0181,20:00,push,TPL_0187,13:00,push
U0035,2,Independent Learners,churned,D13,5,TPL_0189,19:15,push,TPL_0184,14:00,push,TPL_0186,20:45,push,TPL_0181,14:30,push,TPL_0185,19:15,push,TPL_0190,13:45,push
U0035,2,Independent Learners,churned,D14,6,TPL_0183,18:00,push,TPL_0188,14:00,push,TPL_0186,20:15,push,TPL_0182,13:45,push,TPL_0185,18:15,push,TPL_0184,14:45,push
U0036,0,Independent Learners,trial,D47,0,TPL_0054,17:00,push,TPL_0060,14:45,push,TPL_0058,17:15,push,TPL_0051,12:15,push,TPL_0059,15:30,push,TPL_0056,13:00,push
U0036,0,Independent Learners,trial,D48,1,TPL_0086,16:00,push,TPL_0085,13:15,push,TPL_0090,15:00,push,TPL_0083,12:30,push,TPL_0089,15:30,push,TPL_0084,14:00,push
U0036,0,Independent Learners,trial,D49,2,TPL_0090,16:45,push,TPL_0088,14:45,push,TPL_0087,15:00,push,TPL_0089,14:45,push,TPL_0084,17:15,push,TPL_0082,13:00,push
U0036,0,Independent Learners,trial,D50,3,TPL_0071,15:00,push,TPL_0074,12:15,push,TPL_0080,15:30,push,TPL_0076,14:45,push,TPL_0079,17:15,push,TPL_0073,14:30,push
U0036,0,Independent Learners,trial,D51,4,TPL_0078,17:15,push,TPL_0071,12:45,push,TPL_0079,17:15,push,TPL_0077,12:45,push,TPL_0072,16:30,push,TPL_0075,14:15,push
U0036,0,Independent Learners,trial,D52,5,TPL_0075,16:45,push,TPL_0077,14:00,push,TPL_0080,16:30,push,TPL_0076,13:30,push,TPL_0073,15:15,push,TPL_0074,12:00,push
U0036,0,Independent Learners,trial,D53,6,TPL_0069,16:00,push,TPL_0062,13:15,push,TPL_0061,16:45,push,TPL_0063,13:30,push,TPL_0066,17:00,push,TPL_0068,14:00,push
U0037,1,Needs Attention,trial,D71,0,TPL_0143,06:00,push,TPL_0142,11:00,push,TPL_0141,08:45,push,TPL_0145,11:00,push,TPL_0150,08:15,push,TPL_0149,09:30,push
U0037,1,Needs Attention,trial,D72,1,TPL_0176,07:00,push,TPL_0180,11:00,push,TPL_0171,08:45,push,TPL_0174,09:30,push,TPL_0175,07:15,push,TPL_0177,11:30,push
U0037,1,Needs Attention,trial,D73,2,TPL_0179,07:30,push,TPL_0171,10:00,push,TPL_0178,06:15,push,TPL_0172,09:00,push,TPL_0175,06:15,push,TPL_0180,10:30,push
U0037,1,Needs Attention,trial,D74,3,TPL_0161,08:30,push,TPL_0170,09:45,push,TPL_0165,06:00,push,TPL_0163,10:30,push,TPL_0162,07:45,push,TPL_0167,09:00,push
U0037,1,Needs Attention,trial,D75,4,TPL_0166,07:00,push,TPL_0165,11:15,push,TPL_0163,06:45,push,TPL_0167,10:30,push,TPL_0168,08:15,push,TPL_0169,10:00,push
U0037,1,Needs Attention,trial,D76,5,TPL_0169,07:15,push,TPL_0162,11:00,push,TPL_0165,07:00,push,TPL_0164,10:45,push,TPL_0161,08:30,push,TPL_0168,10:30,push
U0037,1,Needs Attention,trial,D77,6,TPL_0152,07:00,push,TPL_0155,09:00,push,TPL_0153,08:15,push,TPL_0159,10:45,push,TPL_0154,07:15,push,TPL_0157,10:30,push
U0038,6,Casual Learners,paid,D58,0,TPL_0589,13:45,push,TPL_0582,06:30,push,TPL_0584,13:00,push,TPL_0586,06:15,push,TPL_0585,13:45,push,TPL_0588,06:45,push
U0038,6,Casual Learners,paid,D59,1,TPL_0587,14:30,push,TPL_0584,08:45,push,TPL_0590,14:45,push,TPL_0582,07:15,push,TPL_0588,12:00,push,TPL_0586,08:00,push
U0038,6,Casual Learners,paid,D60,2,TPL_0582,14:45,push,TPL_0585,08:15,push,TPL_0588,12:30,push,TPL_0584,08:15,push,TPL_0583,14:15,push,TPL_0586,06:00,push
U0038,6,Casual Learners,paid,D61,3,TPL_0583,12:00,push,TPL_0590,07:00,push,TPL_0585,14:00,push,TPL_0588,06:30,push,TPL_0581,12:00,push,TPL_0582,08:45,push
U0038,6,Casual Learners,paid,D62,4,TPL_0584,12:45,push,TPL_0582,08:30,push,TPL_0589,14:00,push,TPL_0581,07:30,push,TPL_0585,14:15,push,TPL_0583,07:15,push
U0038,6,Casual Learners,paid,D63,5,TPL_0587,12:15,push,TPL_0583,07:00,push,TPL_0585,13:00,push,TPL_0586,08:30,push,TPL_0582,13:00,push,TPL_0581,08:45,push
U0038,6,Casual Learners,paid,D64,6,TPL_0589,13:15,push,TPL_0581,08:15,push,TPL_0585,13:15,push,TPL_0588,08:00,push,TPL_0590,13:00,push,TPL_0582,07:30,push
U0039,0,Independent Learners,paid,D86,0,TPL_0042,17:00,push,TPL_0045,14:30,push,TPL_0048,17:00,push,TPL_0043,12:30,push,TPL_0049,17:30,push,TPL_0050,12:30,push
U0039,0,Independent Learners,paid,D87,1,TPL_0043,17:45,push,TPL_0044,13:00,push,TPL_0042,17:15,push,TPL_0050,12:30,push,TPL_0045,15:45,push,TPL_0048,14:00,push
U0039,0,Independent Learners,paid,D88,2,TPL_0044,16:00,push,TPL_0047,12:45,push,TPL_0049,17:30,push,TPL_0046,14:45,push,TPL_0042,17:00,push,TPL_0050,13:45,push
U0039,0,Independent Learners,paid,D89,3,TPL_0042,15:00,push,TPL_0048,12:30,push,TPL_0043,15:00,push,TPL_0044,14:45,push,TPL_0049,15:45,push,TPL_0046,13:15,push
U0039,0,Independent Learners,paid,D90,4,TPL_0049,15:45,push,TPL_0047,12:30,push,TPL_0050,16:30,push,TPL_0046,13:00,push,TPL_0043,17:30,push,TPL_0045,13:15,push
U0039,0,Independent Learners,paid,D91,5,TPL_0046,15:45,push,TPL_0050,12:45,push,TPL_0043,16:15,push,TPL_0044,13:30,push,TPL_0041,16:45,push,TPL_0045,12:45,push
U0039,0,Independent Learners,paid,D92,6,TPL_0049,17:45,push,TPL_0041,12:30,push,TPL_0044,15:45,push,TPL_0048,14:30,push,TPL_0050,17:15,push,TPL_0042,12:45,push
U0040,1,Needs Attention,trial,D81,0,TPL_0143,06:45,push,TPL_0146,09:00,push,TPL_0150,06:45,push,TPL_0142,11:00,push,TPL_0141,07:45,push,TPL_0144,10:15,push
U0040,1,Needs Attention,trial,D82,1,TPL_0172,08:45,push,TPL_0176,09:00,push,TPL_0180,08:30,push,TPL_0178,09:30,push,TPL_0171,06:30,push,TPL_0177,09:00,push
U0040,1,Needs Attention,trial,D83,2,TPL_0177,07:15,push,TPL_0178,10:45,push,TPL_0173,06:15,push,TPL_0174,11:00,push,TPL_0180,06:15,push,TPL_0176,09:30,push
U0040,1,Needs Attention,trial,D84,3,TPL_0165,08:30,push,TPL_0166,11:00,push,TPL_0170,06:30,push,TPL_0163,10:45,push,TPL_0162,07:30,push,TPL_0167,09:45,push
U0040,1,Needs Attention,trial,D85,4,TPL_0167,06:15,push,TPL_0162,10:15,push,TPL_0161,08:15,push,TPL_0169,10:15,push,TPL_0170,06:30,push,TPL_0165,09:00,push
U0040,1,Needs Attention,trial,D86,5,TPL_0167,07:15,push,TPL_0166,11:45,push,TPL_0169,06:30,push,TPL_0162,10:45,push,TPL_0164,07:15,push,TPL_0161,09:15,push
U0040,1,Needs Attention,trial,D87,6,TPL_0158,06:15,push,TPL_0156,11:00,push,TPL_0152,07:30,push,TPL_0159,10:00,push,TPL_0153,06:30,push,TPL_0157,10:45,push
U0041,0,Independent Learners,paid,D38,0,TPL_0044,16:30,push,TPL_0041,14:45,push,TPL_0048,16:45,push,TPL_0042,13:45,push,TPL_0045,17:45,push,TPL_0047,12:45,push
U0041,0,Independent Learners,paid,D39,1,TPL_0046,17:30,push,TPL_0042,12:45,push,TPL_0041,15:00,push,TPL_0047,13:15,push,TPL_0050,16:30,push,TPL_0049,14:30,push
U0041,0,Independent Learners,paid,D40,2,TPL_0046,16:45,push,TPL_0048,13:45,push,TPL_0049,17:00,push,TPL_0050,14:00,push,TPL_0047,15:15,push,TPL_0044,12:15,push
U0041,0,Independent Learners,paid,D41,3,TPL_0044,17:45,push,TPL_0042,14:30,push,TPL_0049,15:00,push,TPL_0046,14:30,push,TPL_0050,16:45,push,TPL_0041,12:30,push
U0041,0,Independent Learners,paid,D42,4,TPL_0045,15:15,push,TPL_0044,12:45,push,TPL_0041,15:45,push,TPL_0043,13:15,push,TPL_0049,16:00,push,TPL_0042,12:15,push
U0041,0,Independent Learners,paid,D43,5,TPL_0050,17:15,push,TPL_0046,14:30,push,TPL_0049,15:15,push,TPL_0043,12:15,push,TPL_0042,17:15,push,TPL_0044,12:15,push
U0041,0,Independent Learners,paid,D44,6,TPL_0050,17:15,push,TPL_0047,13:45,push,TPL_0044,17:15,push,TPL_0042,14:30,push,TPL_0046,15:15,push,TPL_0048,13:45,push
U0042,4,At-Risk Users,trial,D17,0,TPL_0415,13:15,push,TPL_0417,18:00,push,TPL_0416,14:30,push,TPL_0412,18:30,push,,,,,,
U0042,4,At-Risk Users,trial,D18,1,TPL_0442,13:00,push,TPL_0447,18:45,push,TPL_0441,12:45,push,TPL_0446,19:15,push,,,,,,
U0042,4,At-Risk Users,trial,D19,2,TPL_0446,12:15,push,TPL_0444,19:15,push,TPL_0450,13:30,push,TPL_0443,20:45,push,,,,,,
U0042,4,At-Risk Users,trial,D20,3,TPL_0438,14:45,push,TPL_0434,19:15,push,TPL_0432,14:15,push,TPL_0431,20:45,push,,,,,,
U0042,4,At-Risk Users,trial,D21,4,TPL_0437,14:30,push,TPL_0433,18:30,push,TPL_0431,14:30,push,TPL_0434,19:30,push,,,,,,
U0042,4,At-Risk Users,trial,D22,5,TPL_0433,12:15,push,TPL_0438,18:00,push,TPL_0434,14:00,push,TPL_0436,18:45,push,,,,,,
U0042,4,At-Risk Users,trial,D23,6,TPL_0424,14:45,push,TPL_0430,20:30,push,TPL_0423,12:15,push,TPL_0422,18:15,push,,,,,,
U0043,1,Needs Attention,inactive,D58,0,TPL_0102,08:15,push,TPL_0103,10:15,push,TPL_0101,08:45,push,TPL_0104,11:45,push,TPL_0108,08:00,push,TPL_0105,10:45,push
U0043,1,Needs Attention,inactive,D59,1,TPL_0109,06:45,push,TPL_0106,10:00,push,TPL_0110,07:00,push,TPL_0102,11:15,push,TPL_0105,08:00,push,TPL_0108,11:15,push
U0043,1,Needs Attention,inactive,D60,2,TPL_0108,07:30,push,TPL_0101,09:00,push,TPL_0107,06:45,push,TPL_0104,09:45,push,TPL_0109,07:00,push,TPL_0105,11:15,push
U0043,1,Needs Attention,inactive,D61,3,TPL_0105,06:15,push,TPL_0103,11:30,push,TPL_0104,08:45,push,TPL_0110,11:45,push,TPL_0106,06:00,push,TPL_0109,09:30,push
U0043,1,Needs Attention,inactive,D62,4,TPL_0109,07:30,push,TPL_0103,09:30,push,TPL_0105,08:15,push,TPL_0104,09:15,push,TPL_0107,06:30,push,TPL_0108,09:15,push
U0043,1,Needs Attention,inactive,D63,5,TPL_0108,07:00,push,TPL_0102,11:30,push,TPL_0105,07:30,push,TPL_0104,10:30,push,TPL_0107,06:30,push,TPL_0101,10:15,push
U0043,1,Needs Attention,inactive,D64,6,TPL_0106,07:45,push,TPL_0104,10:30,push,TPL_0108,07:00,push,TPL_0101,09:00,push,TPL_0110,06:15,push,TPL_0105,09:15,push
U0044,0,Independent Learners,trial,D16,0,TPL_0051,17:00,push,TPL_0058,14:30,push,TPL_0060,16:00,push,TPL_0052,14:45,push,TPL_0053,15:15,push,TPL_0055,13:15,push
U0044,0,Independent Learners,trial,D17,1,TPL_0089,16:15,push,TPL_0083,12:15,push,TPL_0082,15:15,push,TPL_0081,13:45,push,TPL_0085,16:30,push,TPL_0090,12:45,push
U0044,0,Independent Learners,trial,D18,2,TPL_0081,15:30,push,TPL_0082,14:00,push,TPL_0087,16:00,push,TPL_0089,13:00,push,TPL_0090,17:45,push,TPL_0086,12:45,push
U0044,0,Independent Learners,trial,D19,3,TPL_0072,17:30,push,TPL_0080,12:30,push,TPL_0078,16:30,push,TPL_0079,13:00,push,TPL_0077,16:00,push,TPL_0075,12:45,push
U0044,0,Independent Learners,trial,D20,4,TPL_0078,16:30,push,TPL_0077,12:00,push,TPL_0076,16:00,push,TPL_0080,13:15,push,TPL_0072,16:45,push,TPL_0079,14:45,push
U0044,0,Independent Learners,trial,D21,5,TPL_0071,15:15,push,TPL_0074,14:30,push,TPL_0076,16:00,push,TPL_0078,12:15,push,TPL_0080,17:15,push,TPL_0075,12:45,push
U0044,0,Independent Learners,trial,D22,6,TPL_0061,16:15,push,TPL_0067,13:30,push,TPL_0063,17:30,push,TPL_0066,14:00,push,TPL_0062,16:30,push,TPL_0069,12:00,push
U0045,6,Casual Learners,paid,D13,0,TPL_0588,13:45,push,TPL_0590,07:00,push,TPL_0587,12:30,push,TPL_0582,06:45,push,TPL_0585,13:00,push,TPL_0589,07:00,push
U0045,6,Casual Learners,paid,D14,1,TPL_0584,14:30,push,TPL_0583,08:30,push,TPL_0581,14:45,push,TPL_0587,08:45,push,TPL_0588,12:30,push,TPL_0586,08:00,push
U0045,6,Casual Learners,paid,D15,2,TPL_0587,14:45,push,TPL_0585,06:15,push,TPL_0581,12:45,push,TPL_0586,08:00,push,TPL_0582,13:30,push,TPL_0590,07:00,push
U0045,6,Casual Learners,paid,D16,3,TPL_0590,12:00,push,TPL_0587,08:45,push,TPL_0583,13:30,push,TPL_0584,07:15,push,TPL_0589,13:00,push,TPL_0588,08:15,push
U0045,6,Casual Learners,paid,D17,4,TPL_0586,14:30,push,TPL_0583,08:15,push,TPL_0589,13:15,push,TPL_0584,07:30,push,TPL_0587,12:15,push,TPL_0581,08:15,push
U0045,6,Casual Learners,paid,D18,5,TPL_0589,13:45,push,TPL_0584,06:45,push,TPL_0585,14:15,push,TPL_0582,06:00,push,TPL_0588,12:15,push,TPL_0581,08:45,push
U0045,6,Casual Learners,paid,D19,6,TPL_0586,14:45,push,TPL_0588,07:00,push,TPL_0585,13:30,push,TPL_0584,08:45,push,TPL_0587,14:45,push,TPL_0581,07:30,push
U0046,2,Independent Learners,trial,D30,0,TPL_0232,20:15,push,TPL_0240,12:30,push,TPL_0234,19:00,push,TPL_0237,14:30,push,TPL_0239,19:45,push,TPL_0236,13:00,push
U0046,2,Independent Learners,trial,D31,1,TPL_0267,20:45,push,TPL_0264,14:30,push,TPL_0262,20:45,push,TPL_0266,14:45,push,TPL_0263,19:00,push,TPL_0269,14:45,push
U0046,2,Independent Learners,trial,D32,2,TPL_0269,20:00,push,TPL_0262,14:30,push,TPL_0265,18:45,push,TPL_0263,13:45,push,TPL_0261,18:30,push,TPL_0270,14:15,push
U0046,2,Independent Learners,trial,D33,3,TPL_0258,19:15,push,TPL_0257,14:30,push,TPL_0260,19:15,push,TPL_0254,12:30,push,TPL_0251,20:00,push,TPL_0256,14:30,push
U0046,2,Independent Learners,trial,D34,4,TPL_0257,20:45,push,TPL_0260,13:30,push,TPL_0255,19:45,push,TPL_0254,13:30,push,TPL_0258,20:00,push,TPL_0256,12:00,push
U0046,2,Independent Learners,trial,D35,5,TPL_0253,20:00,push,TPL_0255,14:15,push,TPL_0256,19:15,push,TPL_0251,13:45,push,TPL_0257,19:45,push,TPL_0259,13:30,push
U0046,2,Independent Learners,trial,D36,6,TPL_0241,20:45,push,TPL_0245,13:30,push,TPL_0250,18:45,push,TPL_0249,12:15,push,TPL_0248,18:45,push,TPL_0246,14:00,push
U0047,0,Independent Learners,paid,D23,0,TPL_0043,17:00,push,TPL_0041,14:00,push,TPL_0045,16:00,push,TPL_0049,14:30,push,TPL_0042,15:30,push,TPL_0044,14:45,push
U0047,0,Independent Learners,paid,D24,1,TPL_0049,16:00,push,TPL_0048,12:00,push,TPL_0045,17:00,push,TPL_0047,13:30,push,TPL_0044,17:30,push,TPL_0042,14:00,push
U0047,0,Independent Learners,paid,D25,2,TPL_0049,17:00,push,TPL_0044,12:30,push,TPL_0047,15:00,push,TPL_0048,14:45,push,TPL_0043,16:30,push,TPL_0042,13:30,push
U0047,0,Independent Learners,paid,D26,3,TPL_0048,16:30,push,TPL_0046,12:30,push,TPL_0050,16:30,push,TPL_0043,13:30,push,TPL_0045,16:30,push,TPL_0042,14:45,push
U0047,0,Independent Learners,paid,D27,4,TPL_0047,16:45,push,TPL_0049,14:15,push,TPL_0050,16:45,push,TPL_0041,14:30,push,TPL_0048,17:30,push,TPL_0045,13:00,push
U0047,0,Independent Learners,paid,D28,5,TPL_0041,15:15,push,TPL_0043,12:15,push,TPL_0050,16:45,push,TPL_0044,13:30,push,TPL_0047,16:45,push,TPL_0048,14:45,push
U0047,0,Independent Learners,paid,D29,6,TPL_0042,15:30,push,TPL_0045,12:45,push,TPL_0041,15:45,push,TPL_0044,13:45,push,TPL_0043,16:15,push,TPL_0047,14:00,push
U0048,2,Independent Learners,paid,D59,0,TPL_0226,20:45,push,TPL_0228,13:30,push,TPL_0230,19:15,push,TPL_0224,14:15,push,TPL_0225,18:15,push,TPL_0229,13:15,push
U0048,2,Independent Learners,paid,D60,1,TPL_0230,20:45,push,TPL_0228,12:45,push,TPL_0224,18:15,push,TPL_0225,13:45,push,TPL_0226,18:15,push,TPL_0229,13:00,push
U0048,2,Independent Learners,paid,D61,2,TPL_0228,18:00,push,TPL_0224,12:45,push,TPL_0226,19:00,push,TPL_0222,12:15,push,TPL_0230,19:45,push,TPL_0221,13:00,push
U0048,2,Independent Learners,paid,D62,3,TPL_0222,18:30,push,TPL_0228,13:15,push,TPL_0227,19:00,push,TPL_0224,14:00,push,TPL_0225,20:00,push,TPL_0229,14:45,push
U0048,2,Independent Learners,paid,D63,4,TPL_0229,18:15,push,TPL_0227,13:15,push,TPL_0222,18:15,push,TPL_0228,13:00,push,TPL_0225,20:15,push,TPL_0224,13:15,push
U0048,2,Independent Learners,paid,D64,5,TPL_0227,20:30,push,TPL_0225,13:15,push,TPL_0224,20:30,push,TPL_0229,12:45,push,TPL_0230,18:30,push,TPL_0228,14:00,push
U0048,2,Independent Learners,paid,D65,6,TPL_0228,19:30,push,TPL_0222,13:30,push,TPL_0230,20:00,push,TPL_0227,12:00,push,TPL_0225,19:00,push,TPL_0223,13:00,push
U0049,2,Independent Learners,trial,D44,0,TPL_0237,18:30,push,TPL_0235,13:15,push,TPL_0236,20:30,push,TPL_0233,14:45,push,TPL_0232,18:15,push,TPL_0239,14:45,push
U0049,2,Independent Learners,trial,D45,1,TPL_0263,19:15,push,TPL_0268,12:30,push,TPL_0262,20:15,push,TPL_0264,13:30,push,TPL_0265,18:30,push,TPL_0261,13:45,push
U0049,2,Independent Learners,trial,D46,2,TPL_0263,19:45,push,TPL_0265,14:45,push,TPL_0267,19:00,push,TPL_0264,12:15,push,TPL_0266,19:30,push,TPL_0261,13:30,push
U0049,2,Independent Learners,trial,D47,3,TPL_0255,18:15,push,TPL_0256,13:30,push,TPL_0257,19:15,push,TPL_0252,12:00,push,TPL_0260,19:45,push,TPL_0253,12:15,push
U0049,2,Independent Learners,trial,D48,4,TPL_0258,18:30,push,TPL_0253,12:45,push,TPL_0251,18:45,push,TPL_0260,13:30,push,TPL_0255,19:00,push,TPL_0259,13:15,push
U0049,2,Independent Learners,trial,D49,5,TPL_0260,19:00,push,TPL_0254,14:30,push,TPL_0258,20:45,push,TPL_0255,14:30,push,TPL_0257,19:00,push,TPL_0252,14:15,push
U0049,2,Independent Learners,trial,D50,6,TPL_0242,19:45,push,TPL_0250,13:30,push,TPL_0245,20:45,push,TPL_0246,12:15,push,TPL_0247,18:45,push,TPL_0244,12:45,push
U0050,0,Independent Learners,inactive,D2,0,TPL_0014,16:15,push,TPL_0013,12:30,push,TPL_0020,15:15,push,TPL_0012,12:00,push,TPL_0017,15:30,push,TPL_0016,12:30,push
U0050,0,Independent Learners,inactive,D3,1,TPL_0018,17:00,push,TPL_0020,13:45,push,TPL_0019,17:30,push,TPL_0013,14:45,push,TPL_0017,17:45,push,TPL_0016,14:15,push
U0050,0,Independent Learners,inactive,D4,2,TPL_0017,15:00,push,TPL_0020,14:30,push,TPL_0011,15:00,push,TPL_0016,14:30,push,TPL_0012,17:30,push,TPL_0019,14:45,push
U0050,0,Independent Learners,inactive,D5,3,TPL_0014,16:15,push,TPL_0017,14:15,push,TPL_0012,16:30,push,TPL_0019,14:30,push,TPL_0016,17:45,push,TPL_0011,13:45,push
U0050,0,Independent Learners,inactive,D6,4,TPL_0015,17:00,push,TPL_0018,12:45,push,TPL_0011,15:00,push,TPL_0020,12:30,push,TPL_0012,15:15,push,TPL_0013,12:15,push
U0050,0,Independent Learners,inactive,D7,5,TPL_0017,16:15,push,TPL_0014,14:45,push,TPL_0020,16:00,push,TPL_0013,13:00,push,TPL_0018,16:15,push,TPL_0015,12:15,push
U0050,0,Independent Learners,inactive,D8,6,TPL_0013,17:00,push,TPL_0016,13:00,push,TPL_0019,17:15,push,TPL_0017,12:45,push,TPL_0015,17:45,push,TPL_0020,13:30,push
U0051,1,Needs Attention,churned,D36,0,TPL_0094,06:15,push,TPL_0093,09:15,push,TPL_0100,08:00,push,TPL_0096,11:15,push,TPL_0097,07:15,push,TPL_0098,09:00,push
U0051,1,Needs Attention,churned,D37,1,TPL_0097,06:30,push,TPL_0100,11:30,push,TPL_0096,06:30,push,TPL_0093,09:45,push,TPL_0091,08:15,push,TPL_0094,10:30,push
U0051,1,Needs Attention,churned,D38,2,TPL_0095,08:00,push,TPL_0099,09:15,push,TPL_0098,07:30,push,TPL_0094,09:45,push,TPL_0092,08:15,push,TPL_0097,09:00,push
U0051,1,Needs Attention,churned,D39,3,TPL_0098,06:15,push,TPL_0099,10:30,push,TPL_0100,08:45,push,TPL_0091,09:15,push,TPL_0094,06:00,push,TPL_0093,11:15,push
U0051,1,Needs Attention,churned,D40,4,TPL_0095,08:30,push,TPL_0091,11:45,push,TPL_0097,06:15,push,TPL_0092,11:30,push,TPL_0098,08:45,push,TPL_0099,09:00,push
U0051,1,Needs Attention,churned,D41,5,TPL_0095,08:15,push,TPL_0092,09:00,push,TPL_0096,07:15,push,TPL_0100,09:00,push,TPL_0093,07:30,push,TPL_0099,11:30,push
U0051,1,Needs Attention,churned,D42,6,TPL_0096,08:00,push,TPL_0091,09:45,push,TPL_0095,07:30,push,TPL_0092,10:15,push,TPL_0093,08:00,push,TPL_0097,10:30,push
U0052,2,Independent Learners,inactive,D42,0,TPL_0197,18:15,push,TPL_0199,14:00,push,TPL_0191,20:30,push,TPL_0193,13:30,push,TPL_0195,19:30,push,TPL_0196,12:00,push
U0052,2,Independent Learners,inactive,D43,1,TPL_0200,19:45,push,TPL_0195,13:15,push,TPL_0192,20:00,push,TPL_0197,12:30,push,TPL_0199,18:30,push,TPL_0191,14:30,push
U0052,2,Independent Learners,inactive,D44,2,TPL_0200,20:45,push,TPL_0198,14:30,push,TPL_0195,19:30,push,TPL_0199,14:15,push,TPL_0192,20:30,push,TPL_0191,14:00,push
U0052,2,Independent Learners,inactive,D45,3,TPL_0193,19:30,push,TPL_0195,12:45,push,TPL_0198,18:30,push,TPL_0194,12:45,push,TPL_0199,20:30,push,TPL_0200,12:30,push
U0052,2,Independent Learners,inactive,D46,4,TPL_0193,20:30,push,TPL_0199,12:45,push,TPL_0192,20:00,push,TPL_0197,14:45,push,TPL_0194,19:30,push,TPL_0198,13:00,push
U0052,2,Independent Learners,inactive,D47,5,TPL_0198,20:45,push,TPL_0193,14:00,push,TPL_0195,19:30,push,TPL_0199,14:00,push,TPL_0192,18:00,push,TPL_0200,14:45,push
U0052,2,Independent Learners,inactive,D48,6,TPL_0193,19:30,push,TPL_0191,13:15,push,TPL_0194,19:30,push,TPL_0198,14:00,push,TPL_0197,19:30,push,TPL_0195,14:00,push
U0053,1,Needs Attention,churned,D39,0,TPL_0092,07:30,push,TPL_0091,10:45,push,TPL_0094,06:30,push,TPL_0098,11:45,push,TPL_0096,06:30,push,TPL_0100,11:00,push
U0053,1,Needs Attention,churned,D40,1,TPL_0093,07:45,push,TPL_0098,09:45,push,TPL_0091,07:45,push,TPL_0097,11:00,push,TPL_0095,06:00,push,TPL_0092,10:15,push
U0053,1,Needs Attention,churned,D41,2,TPL_0091,07:15,push,TPL_0098,11:15,push,TPL_0094,06:15,push,TPL_0092,11:15,push,TPL_0097,08:45,push,TPL_0093,10:30,push
U0053,1,Needs Attention,churned,D42,3,TPL_0092,06:15,push,TPL_0100,09:00,push,TPL_0093,07:30,push,TPL_0091,09:15,push,TPL_0096,08:15,push,TPL_0098,09:30,push
U0053,1,Needs Attention,churned,D43,4,TPL_0095,08:00,push,TPL_0099,10:00,push,TPL_0091,07:30,push,TPL_0092,11:00,push,TPL_0093,07:30,push,TPL_0094,11:45,push
U0053,1,Needs Attention,churned,D44,5,TPL_0098,08:45,push,TPL_0092,11:30,push,TPL_0091,08:00,push,TPL_0093,11:15,push,TPL_0096,08:45,push,TPL_0097,10:00,push
U0053,1,Needs Attention,churned,D45,6,TPL_0098,06:30,push,TPL_0099,11:15,push,TPL_0095,06:30,push,TPL_0092,11:30,push,TPL_0093,06:30,push,TPL_0100,09:45,push
U0054,0,Independent Learners,paid,D89,0,TPL_0049,16:30,push,TPL_0047,12:15,push,TPL_0050,16:30,push,TPL_0042,12:15,push,TPL_0044,16:00,push,TPL_0045,12:45,push
U0054,0,Independent Learners,paid,D90,1,TPL_0049,17:45,push,TPL_0044,12:45,push,TPL_0043,16:00,push,TPL_0048,13:45,push,TPL_0050,16:15,push,TPL_0042,14:15,push
U0054,0,Independent Learners,paid,D91,2,TPL_0046,15:00,push,TPL_0049,12:45,push,TPL_0041,17:45,push,TPL_0042,12:30,push,TPL_0048,16:30,push,TPL_0047,14:45,push
U0054,0,Independent Learners,paid,D92,3,TPL_0045,16:30,push,TPL_0048,13:15,push,TPL_0047,15:15,push,TPL_0044,13:30,push,TPL_0042,16:15,push,TPL_0049,12:30,push
U0054,0,Independent Learners,paid,D93,4,TPL_0050,15:00,push,TPL_0043,14:30,push,TPL_0041,16:00,push,TPL_0049,13:30,push,TPL_0045,15:15,push,TPL_0047,14:00,push
U0054,0,Independent Learners,paid,D94,5,TPL_0046,17:45,push,TPL_0044,13:00,push,TPL_0045,15:00,push,TPL_0049,12:15,push,TPL_0050,17:15,push,TPL_0041,12:30,push
U0054,0,Independent Learners,paid,D95,6,TPL_0046,16:45,push,TPL_0050,14:30,push,TPL_0048,17:00,push,TPL_0047,14:30,push,TPL_0043,17:00,push,TPL_0045,12:00,push
U0055,5,Casual Learners,inactive,D54,0,TPL_0466,09:30,push,TPL_0470,16:45,push,TPL_0461,10:45,push,TPL_0469,15:30,push,TPL_0463,11:15,push,TPL_0467,16:15,push
U0055,5,Casual Learners,inactive,D55,1,TPL_0469,11:00,push,TPL_0463,17:30,push,TPL_0468,10:15,push,TPL_0461,16:00,push,TPL_0470,10:15,push,TPL_0467,15:30,push
U0055,5,Casual Learners,inactive,D56,2,TPL_0465,10:45,push,TPL_0461,15:45,push,TPL_0469,11:30,push,TPL_0462,17:45,push,TPL_0464,11:30,push,TPL_0468,16:00,push
U0055,5,Casual Learners,inactive,D57,3,TPL_0463,09:30,push,TPL_0461,16:15,push,TPL_0469,10:00,push,TPL_0462,16:30,push,TPL_0465,09:30,push,TPL_0468,15:00,push
U0055,5,Casual Learners,inactive,D58,4,TPL_0466,10:45,push,TPL_0461,15:00,push,TPL_0464,10:30,push,TPL_0463,15:45,push,TPL_0467,11:30,push,TPL_0469,16:45,push
U0055,5,Casual Learners,inactive,D59,5,TPL_0467,09:15,push,TPL_0470,16:30,push,TPL_0468,10:30,push,TPL_0464,17:30,push,TPL_0461,11:30,push,TPL_0466,15:30,push
U0055,5,Casual Learners,inactive,D60,6,TPL_0468,11:45,push,TPL_0470,15:30,push,TPL_0461,11:15,push,TPL_0462,15:15,push,TPL_0464,11:30,push,TPL_0463,17:45,push
U0056,2,Independent Learners,trial,D86,0,TPL_0240,18:30,push,TPL_0231,14:30,push,TPL_0238,20:30,push,TPL_0235,12:15,push,TPL_0237,20:30,push,TPL_0232,13:00,push
U0056,2,Independent Learners,trial,D87,1,TPL_0269,18:15,push,TPL_0264,14:00,push,TPL_0266,18:15,push,TPL_0268,12:45,push,TPL_0263,19:45,push,TPL_0262,12:15,push
U0056,2,Independent Learners,trial,D88,2,TPL_0270,19:15,push,TPL_0266,14:00,push,TPL_0268,18:45,push,TPL_0269,12:30,push,TPL_0267,18:45,push,TPL_0264,14:15,push
U0056,2,Independent Learners,trial,D89,3,TPL_0256,19:30,push,TPL_0259,14:00,push,TPL_0254,18:30,push,TPL_0252,14:00,push,TPL_0255,18:30,push,TPL_0258,13:00,push
U0056,2,Independent Learners,trial,D90,4,TPL_0256,19:15,push,TPL_0251,14:45,push,TPL_0254,20:45,push,TPL_0255,14:45,push,TPL_0259,18:30,push,TPL_0252,14:45,push
U0056,2,Independent Learners,trial,D91,5,TPL_0252,20:15,push,TPL_0253,13:45,push,TPL_0260,20:45,push,TPL_0258,14:30,push,TPL_0259,18:45,push,TPL_0257,14:00,push
U0056,2,Independent Learners,trial,D92,6,TPL_0248,20:45,push,TPL_0247,14:00,push,TPL_0241,18:30,push,TPL_0244,13:30,push,TPL_0250,19:30,push,TPL_0249,13:15,push
U0057,1,Needs Attention,trial,D38,0,TPL_0149,08:30,push,TPL_0150,09:45,push,TPL_0144,06:00,push,TPL_0143,10:45,push,TPL_0147,08:00,push,TPL_0141,09:00,push
U0057,1,Needs Attention,trial,D39,1,TPL_0175,06:45,push,TPL_0176,09:00,push,TPL_0174,08:00,push,TPL_0177,10:30,push,TPL_0180,07:15,push,TPL_0172,10:15,push
U0057,1,Needs Attention,trial,D40,2,TPL_0174,08:15,push,TPL_0180,11:45,push,TPL_0177,06:30,push,TPL_0179,09:30,push,TPL_0173,06:45,push,TPL_0172,09:00,push
U0057,1,Needs Attention,trial,D41,3,TPL_0167,08:15,push,TPL_0169,09:45,push,TPL_0165,06:15,push,TPL_0168,10:30,push,TPL_0161,07:15,push,TPL_0164,10:00,push
U0057,1,Needs Attention,trial,D42,4,TPL_0166,08:00,push,TPL_0168,09:00,push,TPL_0164,06:15,push,TPL_0170,11:45,push,TPL_0162,06:30,push,TPL_0163,10:15,push
U0057,1,Needs Attention,trial,D43,5,TPL_0167,07:15,push,TPL_0170,09:45,push,TPL_0165,07:15,push,TPL_0166,09:30,push,TPL_0168,07:30,push,TPL_0162,11:00,push
U0057,1,Needs Attention,trial,D44,6,TPL_0152,07:45,push,TPL_0155,09:45,push,TPL_0154,08:15,push,TPL_0151,11:00,push,TPL_0159,06:45,push,TPL_0160,10:00,push
U0058,6,Casual Learners,trial,D14,0,TPL_0591,12:15,push,TPL_0598,07:30,push,TPL_0592,12:00,push,TPL_0594,07:15,push,TPL_0596,12:15,push,TPL_0595,06:15,push
U0058,6,Casual Learners,trial,D15,1,TPL_0625,12:45,push,TPL_0623,06:00,push,TPL_0630,12:15,push,TPL_0629,06:30,push,TPL_0626,12:30,push,TPL_0624,08:30,push
U0058,6,Casual Learners,trial,D16,2,TPL_0629,12:15,push,TPL_0630,08:00,push,TPL_0621,13:00,push,TPL_0628,06:00,push,TPL_0626,12:45,push,TPL_0625,06:30,push
U0058,6,Casual Learners,trial,D17,3,TPL_0613,12:45,push,TPL_0619,06:15,push,TPL_0614,14:15,push,TPL_0620,08:00,push,TPL_0612,13:30,push,TPL_0616,07:00,push
U0058,6,Casual Learners,trial,D18,4,TPL_0616,13:30,push,TPL_0613,07:15,push,TPL_0612,13:15,push,TPL_0614,08:00,push,TPL_0620,13:15,push,TPL_0618,07:15,push
U0058,6,Casual Learners,trial,D19,5,TPL_0611,12:15,push,TPL_0612,06:00,push,TPL_0618,14:45,push,TPL_0615,08:00,push,TPL_0619,12:45,push,TPL_0614,06:15,push
U0058,6,Casual Learners,trial,D20,6,TPL_0606,13:45,push,TPL_0607,08:00,push,TPL_0605,13:00,push,TPL_0602,08:15,push,TPL_0601,14:30,push,TPL_0604,06:00,push
U0059,3,Emerging Engagers,trial,D3,0,TPL_0323,22:15,push,TPL_0325,16:30,push,TPL_0322,23:45,push,TPL_0327,17:15,push,TPL_0321,23:45,push,TPL_0328,17:15,push
U0059,3,Emerging Engagers,trial,D4,1,TPL_0352,21:30,push,TPL_0355,17:30,push,TPL_0357,21:15,push,TPL_0356,17:15,push,TPL_0360,22:00,push,TPL_0351,15:45,push
U0059,3,Emerging Engagers,trial,D5,2,TPL_0357,23:00,push,TPL_0351,15:00,push,TPL_0352,23:30,push,TPL_0358,16:45,push,TPL_0356,21:00,push,TPL_0355,15:15,push
U0059,3,Emerging Engagers,trial,D6,3,TPL_0342,22:30,push,TPL_0348,16:45,push,TPL_0343,23:45,push,TPL_0347,16:45,push,TPL_0344,23:00,push,TPL_0345,16:00,push
U0059,3,Emerging Engagers,trial,D7,4,TPL_0342,21:15,push,TPL_0350,15:00,push,TPL_0347,23:00,push,TPL_0349,17:45,push,TPL_0345,21:15,push,TPL_0344,15:45,push
U0059,3,Emerging Engagers,trial,D8,5,TPL_0343,21:45,push,TPL_0341,17:15,push,TPL_0344,23:30,push,TPL_0342,17:00,push,TPL_0349,21:00,push,TPL_0345,15:00,push
U0059,3,Emerging Engagers,trial,D9,6,TPL_0332,23:30,push,TPL_0336,17:00,push,TPL_0340,21:15,push,TPL_0338,16:45,push,TPL_0334,22:30,push,TPL_0333,17:45,push
U0060,6,Casual Learners,trial,D85,0,TPL_0598,13:15,push,TPL_0594,06:15,push,TPL_0600,13:45,push,TPL_0597,07:30,push,TPL_0593,13:00,push,TPL_0596,08:15,push
U0060,6,Casual Learners,trial,D86,1,TPL_0629,13:30,push,TPL_0626,08:00,push,TPL_0624,14:15,push,TPL_0625,08:00,push,TPL_0627,14:30,push,TPL_0623,08:30,push
U0060,6,Casual Learners,trial,D87,2,TPL_0627,13:15,push,TPL_0624,07:45,push,TPL_0623,14:30,push,TPL_0622,07:30,push,TPL_0626,13:45,push,TPL_0630,06:30,push
U0060,6,Casual Learners,trial,D88,3,TPL_0612,14:45,push,TPL_0615,06:15,push,TPL_0614,14:15,push,TPL_0611,07:30,push,TPL_0618,12:30,push,TPL_0613,07:00,push
U0060,6,Casual Learners,trial,D89,4,TPL_0618,12:45,push,TPL_0619,08:00,push,TPL_0620,12:00,push,TPL_0614,08:15,push,TPL_0612,13:00,push,TPL_0616,07:00,push
U0060,6,Casual Learners,trial,D90,5,TPL_0616,14:00,push,TPL_0613,06:45,push,TPL_0614,14:00,push,TPL_0620,08:15,push,TPL_0611,12:30,push,TPL_0618,06:45,push
U0060,6,Casual Learners,trial,D91,6,TPL_0602,12:15,push,TPL_0607,08:00,push,TPL_0604,13:00,push,TPL_0605,06:15,push,TPL_0609,14:00,push,TPL_0610,06:45,push
U0061,2,Independent Learners,trial,D24,0,TPL_0234,18:00,push,TPL_0240,14:15,push,TPL_0239,19:00,push,TPL_0237,14:00,push,TPL_0236,20:45,push,TPL_0238,13:00,push
U0061,2,Independent Learners,trial,D25,1,TPL_0266,18:15,push,TPL_0265,12:45,push,TPL_0261,20:30,push,TPL_0264,14:15,push,TPL_0262,20:15,push,TPL_0267,14:00,push
U0061,2,Independent Learners,trial,D26,2,TPL_0268,20:15,push,TPL_0263,14:30,push,TPL_0267,20:30,push,TPL_0265,14:45,push,TPL_0262,19:45,push,TPL_0269,14:30,push
U0061,2,Independent Learners,trial,D27,3,TPL_0253,19:45,push,TPL_0251,13:15,push,TPL_0256,18:30,push,TPL_0252,13:00,push,TPL_0257,19:45,push,TPL_0258,14:15,push
U0061,2,Independent Learners,trial,D28,4,TPL_0259,20:45,push,TPL_0256,12:30,push,TPL_0257,20:45,push,TPL_0253,14:30,push,TPL_0251,18:15,push,TPL_0260,13:00,push
U0061,2,Independent Learners,trial,D29,5,TPL_0253,18:15,push,TPL_0257,14:45,push,TPL_0254,20:00,push,TPL_0256,13:15,push,TPL_0255,18:15,push,TPL_0259,13:30,push
U0061,2,Independent Learners,trial,D30,6,TPL_0248,19:30,push,TPL_0242,12:30,push,TPL_0244,19:45,push,TPL_0247,14:00,push,TPL_0249,18:15,push,TPL_0245,12:00,push
U0062,5,Casual Learners,churned,D12,0,TPL_0460,09:00,push,TPL_0459,15:15,push,TPL_0455,09:00,push,TPL_0456,16:00,push,TPL_0452,10:00,push,TPL_0454,17:15,push
U0062,5,Casual Learners,churned,D13,1,TPL_0454,11:45,push,TPL_0451,16:30,push,TPL_0452,09:30,push,TPL_0453,16:45,push,TPL_0458,10:45,push,TPL_0456,15:15,push
U0062,5,Casual Learners,churned,D14,2,TPL_0460,09:00,push,TPL_0453,15:45,push,TPL_0456,10:00,push,TPL_0458,16:15,push,TPL_0459,09:45,push,TPL_0455,16:00,push
U0062,5,Casual Learners,churned,D15,3,TPL_0453,09:30,push,TPL_0451,15:15,push,TPL_0459,09:15,push,TPL_0458,15:45,push,TPL_0452,11:45,push,TPL_0456,17:00,push
U0062,5,Casual Learners,churned,D16,4,TPL_0459,10:15,push,TPL_0458,17:30,push,TPL_0451,10:30,push,TPL_0455,15:00,push,TPL_0456,09:00,push,TPL_0460,15:30,push
U0062,5,Casual Learners,churned,D17,5,TPL_0456,09:30,push,TPL_0458,17:00,push,TPL_0453,10:45,push,TPL_0451,16:45,push,TPL_0455,10:15,push,TPL_0457,15:45,push
U0062,5,Casual Learners,churned,D18,6,TPL_0456,09:45,push,TPL_0459,17:00,push,TPL_0451,11:45,push,TPL_0452,16:00,push,TPL_0455,11:00,push,TPL_0457,17:30,push
U0063,1,Needs Attention,trial,D81,0,TPL_0149,07:15,push,TPL_0147,11:45,push,TPL_0150,07:30,push,TPL_0141,10:00,push,TPL_0146,07:30,push,TPL_0143,10:30,push
U0063,1,Needs Attention,trial,D82,1,TPL_0176,08:30,push,TPL_0174,11:15,push,TPL_0179,08:45,push,TPL_0178,11:15,push,TPL_0175,06:00,push,TPL_0172,11:15,push
U0063,1,Needs Attention,trial,D83,2,TPL_0177,08:00,push,TPL_0178,09:45,push,TPL_0171,08:45,push,TPL_0175,09:00,push,TPL_0173,08:45,push,TPL_0174,11:45,push
U0063,1,Needs Attention,trial,D84,3,TPL_0167,07:00,push,TPL_0169,11:00,push,TPL_0170,06:00,push,TPL_0163,10:00,push,TPL_0161,07:45,push,TPL_0162,09:00,push
U0063,1,Needs Attention,trial,D85,4,TPL_0166,06:15,push,TPL_0169,11:00,push,TPL_0163,06:15,push,TPL_0162,10:00,push,TPL_0164,06:15,push,TPL_0167,10:30,push
U0063,1,Needs Attention,trial,D86,5,TPL_0167,08:30,push,TPL_0170,10:15,push,TPL_0165,08:15,push,TPL_0166,10:45,push,TPL_0161,08:45,push,TPL_0169,09:30,push
U0063,1,Needs Attention,trial,D87,6,TPL_0154,08:00,push,TPL_0157,11:00,push,TPL_0156,08:00,push,TPL_0151,11:30,push,TPL_0153,06:15,push,TPL_0152,10:30,push
U0064,1,Needs Attention,trial,D32,0,TPL_0147,08:15,push,TPL_0146,09:30,push,TPL_0150,06:30,push,TPL_0141,09:00,push,TPL_0142,08:00,push,TPL_0145,11:00,push
U0064,1,Needs Attention,trial,D33,1,TPL_0172,06:30,push,TPL_0180,09:45,push,TPL_0171,08:45,push,TPL_0176,10:15,push,TPL_0179,06:45,push,TPL_0177,10:30,push
U0064,1,Needs Attention,trial,D34,2,TPL_0172,07:30,push,TPL_0177,10:15,push,TPL_0174,06:15,push,TPL_0175,09:30,push,TPL_0176,07:30,push,TPL_0179,10:30,push
U0064,1,Needs Attention,trial,D35,3,TPL_0166,07:00,push,TPL_0169,09:30,push,TPL_0163,07:15,push,TPL_0170,10:00,push,TPL_0168,07:45,push,TPL_0167,11:30,push
U0064,1,Needs Attention,trial,D36,4,TPL_0161,06:45,push,TPL_0170,11:00,push,TPL_0165,08:30,push,TPL_0169,09:15,push,TPL_0167,06:00,push,TPL_0168,10:00,push
U0064,1,Needs Attention,trial,D37,5,TPL_0163,06:30,push,TPL_0167,11:30,push,TPL_0166,06:30,push,TPL_0169,10:30,push,TPL_0170,08:00,push,TPL_0162,09:45,push
U0064,1,Needs Attention,trial,D38,6,TPL_0155,06:15,push,TPL_0152,11:00,push,TPL_0158,06:30,push,TPL_0157,11:00,push,TPL_0153,07:15,push,TPL_0151,09:15,push
U0065,0,Independent Learners,paid,D15,0,TPL_0050,17:30,push,TPL_0042,12:45,push,TPL_0047,16:15,push,TPL_0041,13:15,push,TPL_0045,17:00,push,TPL_0046,13:00,push
U0065,0,Independent Learners,paid,D16,1,TPL_0041,17:45,push,TPL_0049,13:00,push,TPL_0044,15:00,push,TPL_0046,13:45,push,TPL_0048,16:15,push,TPL_0047,14:15,push
U0065,0,Independent Learners,paid,D17,2,TPL_0042,15:15,push,TPL_0043,14:30,push,TPL_0047,17:30,push,TPL_0045,13:15,push,TPL_0050,15:00,push,TPL_0049,13:45,push
U0065,0,Independent Learners,paid,D18,3,TPL_0048,17:30,push,TPL_0041,14:00,push,TPL_0049,16:15,push,TPL_0044,12:00,push,TPL_0046,16:15,push,TPL_0050,13:30,push
U0065,0,Independent Learners,paid,D19,4,TPL_0045,16:30,push,TPL_0050,13:45,push,TPL_0048,15:15,push,TPL_0042,14:30,push,TPL_0047,17:00,push,TPL_0046,13:00,push
U0065,0,Independent Learners,paid,D20,5,TPL_0044,16:00,push,TPL_0050,12:00,push,TPL_0041,16:30,push,TPL_0046,13:00,push,TPL_0045,15:30,push,TPL_0042,12:00,push
U0065,0,Independent Learners,paid,D21,6,TPL_0042,15:00,push,TPL_0048,13:00,push,TPL_0049,17:15,push,TPL_0043,12:00,push,TPL_0050,17:45,push,TPL_0046,14:15,push
U0066,2,Independent Learners,trial,D41,0,TPL_0231,18:00,push,TPL_0240,13:15,push,TPL_0238,20:15,push,TPL_0233,14:00,push,TPL_0235,20:15,push,TPL_0239,14:00,push
U0066,2,Independent Learners,trial,D42,1,TPL_0262,18:45,push,TPL_0270,12:30,push,TPL_0263,18:15,push,TPL_0269,12:15,push,TPL_0266,20:00,push,TPL_0267,12:45,push
U0066,2,Independent Learners,trial,D43,2,TPL_0268,18:30,push,TPL_0263,14:00,push,TPL_0270,19:30,push,TPL_0269,12:45,push,TPL_0262,20:15,push,TPL_0266,14:15,push
U0066,2,Independent Learners,trial,D44,3,TPL_0254,20:45,push,TPL_0251,14:00,push,TPL_0255,18:30,push,TPL_0252,13:45,push,TPL_0257,19:00,push,TPL_0260,14:00,push
U0066,2,Independent Learners,trial,D45,4,TPL_0252,19:00,push,TPL_0256,13:30,push,TPL_0255,19:45,push,TPL_0260,12:45,push,TPL_0254,18:30,push,TPL_0259,12:45,push
U0066,2,Independent Learners,trial,D46,5,TPL_0258,20:30,push,TPL_0260,12:15,push,TPL_0254,19:45,push,TPL_0252,12:30,push,TPL_0259,18:15,push,TPL_0251,12:15,push
U0066,2,Independent Learners,trial,D47,6,TPL_0248,20:00,push,TPL_0247,13:00,push,TPL_0246,20:45,push,TPL_0243,13:30,push,TPL_0242,20:30,push,TPL_0241,12:45,push
U0067,1,Needs Attention,churned,D65,0,TPL_0100,08:45,push,TPL_0091,11:45,push,TPL_0094,06:45,push,TPL_0095,11:15,push,TPL_0098,06:30,push,TPL_0099,10:15,push
U0067,1,Needs Attention,churned,D66,1,TPL_0096,06:45,push,TPL_0094,09:45,push,TPL_0098,08:30,push,TPL_0100,09:00,push,TPL_0093,06:15,push,TPL_0091,09:45,push
U0067,1,Needs Attention,churned,D67,2,TPL_0093,06:30,push,TPL_0097,10:00,push,TPL_0095,07:00,push,TPL_0092,11:45,push,TPL_0096,07:15,push,TPL_0100,09:45,push
U0067,1,Needs Attention,churned,D68,3,TPL_0094,06:00,push,TPL_0092,10:30,push,TPL_0095,08:30,push,TPL_0099,11:45,push,TPL_0096,06:00,push,TPL_0098,10:30,push
U0067,1,Needs Attention,churned,D69,4,TPL_0098,08:30,push,TPL_0091,11:30,push,TPL_0094,07:15,push,TPL_0092,10:45,push,TPL_0096,08:15,push,TPL_0095,11:45,push
U0067,1,Needs Attention,churned,D70,5,TPL_0097,08:45,push,TPL_0095,10:00,push,TPL_0092,06:00,push,TPL_0098,09:00,push,TPL_0093,06:00,push,TPL_0096,11:45,push
U0067,1,Needs Attention,churned,D71,6,TPL_0094,07:30,push,TPL_0091,09:00,push,TPL_0100,06:00,push,TPL_0095,11:00,push,TPL_0097,07:15,push,TPL_0098,10:15,push
U0068,6,Casual Learners,trial,D54,0,TPL_0594,14:30,push,TPL_0595,07:30,push,TPL_0599,14:00,push,TPL_0592,08:45,push,TPL_0600,13:30,push,TPL_0598,07:30,push
U0068,6,Casual Learners,trial,D55,1,TPL_0622,12:00,push,TPL_0630,08:30,push,TPL_0629,14:45,push,TPL_0628,08:15,push,TPL_0627,13:00,push,TPL_0624,07:15,push
U0068,6,Casual Learners,trial,D56,2,TPL_0630,12:30,push,TPL_0623,06:30,push,TPL_0624,14:45,push,TPL_0621,07:45,push,TPL_0628,12:30,push,TPL_0627,06:15,push
U0068,6,Casual Learners,trial,D57,3,TPL_0613,13:15,push,TPL_0619,08:45,push,TPL_0611,13:30,push,TPL_0615,07:00,push,TPL_0618,14:15,push,TPL_0617,07:30,push
U0068,6,Casual Learners,trial,D58,4,TPL_0618,13:15,push,TPL_0616,08:00,push,TPL_0613,14:15,push,TPL_0620,07:30,push,TPL_0614,14:45,push,TPL_0619,08:30,push
U0068,6,Casual Learners,trial,D59,5,TPL_0614,13:00,push,TPL_0611,07:00,push,TPL_0616,13:00,push,TPL_0617,07:00,push,TPL_0613,13:00,push,TPL_0619,06:15,push
U0068,6,Casual Learners,trial,D60,6,TPL_0605,13:00,push,TPL_0606,06:15,push,TPL_0603,14:00,push,TPL_0608,07:15,push,TPL_0604,13:30,push,TPL_0610,07:30,push
U0069,1,Needs Attention,inactive,D41,0,TPL_0102,07:15,push,TPL_0103,09:00,push,TPL_0110,08:00,push,TPL_0109,10:15,push,TPL_0104,07:15,push,TPL_0108,11:00,push
U0069,1,Needs Attention,inactive,D42,1,TPL_0102,07:45,push,TPL_0103,11:45,push,TPL_0104,07:15,push,TPL_0107,11:30,push,TPL_0106,07:15,push,TPL_0110,11:45,push
U0069,1,Needs Attention,inactive,D43,2,TPL_0107,06:00,push,TPL_0109,10:30,push,TPL_0104,07:15,push,TPL_0108,11:00,push,TPL_0106,08:30,push,TPL_0110,09:00,push
U0069,1,Needs Attention,inactive,D44,3,TPL_0107,07:15,push,TPL_0101,10:45,push,TPL_0102,06:15,push,TPL_0109,09:00,push,TPL_0105,07:30,push,TPL_0104,10:30,push
U0069,1,Needs Attention,inactive,D45,4,TPL_0105,08:45,push,TPL_0106,11:30,push,TPL_0104,08:30,push,TPL_0108,11:15,push,TPL_0110,06:45,push,TPL_0109,10:30,push
U0069,1,Needs Attention,inactive,D46,5,TPL_0109,07:45,push,TPL_0101,09:00,push,TPL_0103,08:00,push,TPL_0105,09:15,push,TPL_0104,06:45,push,TPL_0110,11:15,push
U0069,1,Needs Attention,inactive,D47,6,TPL_0108,08:30,push,TPL_0106,09:00,push,TPL_0105,08:15,push,TPL_0104,09:00,push,TPL_0101,06:45,push,TPL_0102,10:30,push
U0070,6,Casual Learners,churned,D33,0,TPL_0549,12:15,push,TPL_0544,08:15,push,TPL_0550,14:00,push,TPL_0548,08:45,push,TPL_0543,13:45,push,TPL_0547,07:00,push
U0070,6,Casual Learners,churned,D34,1,TPL_0546,13:30,push,TPL_0545,08:00,push,TPL_0547,14:30,push,TPL_0541,06:15,push,TPL_0542,14:00,push,TPL_0550,08:00,push
U0070,6,Casual Learners,churned,D35,2,TPL_0542,13:00,push,TPL_0548,06:00,push,TPL_0546,14:00,push,TPL_0541,06:30,push,TPL_0550,14:15,push,TPL_0547,08:15,push
U0070,6,Casual Learners,churned,D36,3,TPL_0543,12:45,push,TPL_0541,07:00,push,TPL_0544,14:15,push,TPL_0550,06:00,push,TPL_0542,13:15,push,TPL_0545,08:45,push
U0070,6,Casual Learners,churned,D37,4,TPL_0544,14:00,push,TPL_0543,08:00,push,TPL_0546,13:15,push,TPL_0547,07:15,push,TPL_0542,14:30,push,TPL_0548,06:30,push
U0070,6,Casual Learners,churned,D38,5,TPL_0549,14:00,push,TPL_0544,08:45,push,TPL_0550,13:45,push,TPL_0542,08:15,push,TPL_0545,13:15,push,TPL_0548,07:45,push
U0070,6,Casual Learners,churned,D39,6,TPL_0542,14:15,push,TPL_0545,06:00,push,TPL_0547,14:15,push,TPL_0544,07:30,push,TPL_0543,12:45,push,TPL_0549,07:45,push
U0071,2,Independent Learners,trial,D29,0,TPL_0234,20:15,push,TPL_0231,14:30,push,TPL_0233,18:45,push,TPL_0240,13:30,push,TPL_0236,18:00,push,TPL_0238,13:45,push
U0071,2,Independent Learners,trial,D30,1,TPL_0270,19:30,push,TPL_0265,13:15,push,TPL_0261,19:15,push,TPL_0267,12:15,push,TPL_0262,20:30,push,TPL_0264,13:00,push
U0071,2,Independent Learners,trial,D31,2,TPL_0266,20:00,push,TPL_0267,14:45,push,TPL_0268,20:00,push,TPL_0263,13:45,push,TPL_0269,18:15,push,TPL_0261,12:30,push
U0071,2,Independent Learners,trial,D32,3,TPL_0252,19:00,push,TPL_0258,12:15,push,TPL_0255,18:15,push,TPL_0253,13:45,push,TPL_0254,18:30,push,TPL_0256,12:45,push
U0071,2,Independent Learners,trial,D33,4,TPL_0252,19:15,push,TPL_0260,12:30,push,TPL_0256,20:45,push,TPL_0251,12:30,push,TPL_0258,19:15,push,TPL_0257,12:45,push
U0071,2,Independent Learners,trial,D34,5,TPL_0260,19:30,push,TPL_0251,13:45,push,TPL_0258,19:45,push,TPL_0255,12:15,push,TPL_0253,19:00,push,TPL_0256,12:15,push
U0071,2,Independent Learners,trial,D35,6,TPL_0249,19:15,push,TPL_0241,14:30,push,TPL_0243,19:15,push,TPL_0244,13:45,push,TPL_0248,18:30,push,TPL_0247,13:45,push
U0072,0,Independent Learners,trial,D12,0,TPL_0056,15:15,push,TPL_0060,13:00,push,TPL_0055,15:00,push,TPL_0058,13:30,push,TPL_0054,17:45,push,TPL_0059,13:00,push
U0072,0,Independent Learners,trial,D13,1,TPL_0090,17:00,push,TPL_0085,12:30,push,TPL_0087,17:00,push,TPL_0089,13:30,push,TPL_0088,16:30,push,TPL_0081,12:30,push
U0072,0,Independent Learners,trial,D14,2,TPL_0087,16:15,push,TPL_0088,13:15,push,TPL_0081,15:15,push,TPL_0089,12:15,push,TPL_0090,15:45,push,TPL_0084,13:45,push
U0072,0,Independent Learners,trial,D15,3,TPL_0079,15:00,push,TPL_0072,12:00,push,TPL_0074,16:00,push,TPL_0077,14:15,push,TPL_0073,17:00,push,TPL_0076,12:00,push
U0072,0,Independent Learners,trial,D16,4,TPL_0077,15:00,push,TPL_0072,13:45,push,TPL_0074,15:00,push,TPL_0073,14:30,push,TPL_0076,15:15,push,TPL_0080,14:15,push
U0072,0,Independent Learners,trial,D17,5,TPL_0076,15:45,push,TPL_0079,13:45,push,TPL_0077,15:00,push,TPL_0074,12:30,push,TPL_0072,16:00,push,TPL_0078,14:45,push
U0072,0,Independent Learners,trial,D18,6,TPL_0065,15:45,push,TPL_0062,13:00,push,TPL_0063,17:15,push,TPL_0069,13:00,push,TPL_0068,16:00,push,TPL_0061,12:00,push
U0073,0,Independent Learners,churned,D12,0,TPL_0002,17:30,push,TPL_0008,13:15,push,TPL_0003,15:00,push,TPL_0007,14:00,push,TPL_0004,15:00,push,TPL_0005,13:45,push
U0073,0,Independent Learners,churned,D13,1,TPL_0009,15:45,push,TPL_0008,12:30,push,TPL_0007,15:45,push,TPL_0003,14:45,push,TPL_0010,16:30,push,TPL_0002,13:30,push
U0073,0,Independent Learners,churned,D14,2,TPL_0003,16:15,push,TPL_0006,14:15,push,TPL_0008,15:30,push,TPL_0010,13:30,push,TPL_0004,15:15,push,TPL_0009,13:00,push
U0073,0,Independent Learners,churned,D15,3,TPL_0002,15:15,push,TPL_0009,14:00,push,TPL_0006,17:30,push,TPL_0001,12:45,push,TPL_0004,17:00,push,TPL_0007,12:45,push
U0073,0,Independent Learners,churned,D16,4,TPL_0010,16:15,push,TPL_0001,14:15,push,TPL_0007,16:00,push,TPL_0004,14:45,push,TPL_0008,17:45,push,TPL_0005,12:30,push
U0073,0,Independent Learners,churned,D17,5,TPL_0001,15:45,push,TPL_0009,13:00,push,TPL_0006,17:15,push,TPL_0003,13:00,push,TPL_0007,17:45,push,TPL_0002,14:00,push
U0073,0,Independent Learners,churned,D18,6,TPL_0002,15:15,push,TPL_0004,12:30,push,TPL_0007,16:45,push,TPL_0001,12:00,push,TPL_0010,17:45,push,TPL_0009,13:15,push
U0074,0,Independent Learners,paid,D17,0,TPL_0044,17:30,push,TPL_0043,12:00,push,TPL_0049,15:30,push,TPL_0042,12:45,push,TPL_0050,16:00,push,TPL_0046,13:45,push
U0074,0,Independent Learners,paid,D18,1,TPL_0044,15:00,push,TPL_0048,12:00,push,TPL_0042,16:45,push,TPL_0049,12:15,push,TPL_0046,16:30,push,TPL_0045,13:45,push
U0074,0,Independent Learners,paid,D19,2,TPL_0048,16:00,push,TPL_0044,14:30,push,TPL_0046,16:45,push,TPL_0041,13:45,push,TPL_0045,17:30,push,TPL_0047,14:45,push
U0074,0,Independent Learners,paid,D20,3,TPL_0041,17:45,push,TPL_0050,13:00,push,TPL_0043,16:45,push,TPL_0042,12:15,push,TPL_0048,17:45,push,TPL_0049,13:00,push
U0074,0,Independent Learners,paid,D21,4,TPL_0044,16:15,push,TPL_0049,14:00,push,TPL_0043,17:00,push,TPL_0045,12:45,push,TPL_0042,17:45,push,TPL_0050,14:45,push
U0074,0,Independent Learners,paid,D22,5,TPL_0048,16:15,push,TPL_0044,13:45,push,TPL_0045,16:00,push,TPL_0050,14:45,push,TPL_0041,15:00,push,TPL_0046,12:15,push
U0074,0,Independent Learners,paid,D23,6,TPL_0050,17:45,push,TPL_0044,12:30,push,TPL_0047,16:45,push,TPL_0042,13:30,push,TPL_0048,17:15,push,TPL_0041,12:30,push
U0075,6,Casual Learners,paid,D31,0,TPL_0589,13:00,push,TPL_0588,06:30,push,TPL_0582,14:30,push,TPL_0590,06:00,push,TPL_0581,12:15,push,TPL_0587,06:00,push
U0075,6,Casual Learners,paid,D32,1,TPL_0582,13:15,push,TPL_0581,08:45,push,TPL_0588,14:45,push,TPL_0587,08:00,push,TPL_0584,13:45,push,TPL_0583,07:00,push
U0075,6,Casual Learners,paid,D33,2,TPL_0585,12:15,push,TPL_0582,06:15,push,TPL_0590,12:00,push,TPL_0588,06:00,push,TPL_0589,14:45,push,TPL_0587,07:30,push
U0075,6,Casual Learners,paid,D34,3,TPL_0586,14:15,push,TPL_0584,08:45,push,TPL_0587,14:30,push,TPL_0590,08:15,push,TPL_0581,12:15,push,TPL_0582,06:45,push
U0075,6,Casual Learners,paid,D35,4,TPL_0585,13:30,push,TPL_0583,06:45,push,TPL_0584,13:15,push,TPL_0582,08:30,push,TPL_0587,12:00,push,TPL_0586,06:30,push
U0075,6,Casual Learners,paid,D36,5,TPL_0581,12:30,push,TPL_0585,08:30,push,TPL_0582,14:45,push,TPL_0586,06:00,push,TPL_0583,13:15,push,TPL_0590,06:45,push
U0075,6,Casual Learners,paid,D37,6,TPL_0582,14:45,push,TPL_0589,08:30,push,TPL_0587,13:30,push,TPL_0585,07:30,push,TPL_0581,12:45,push,TPL_0588,07:00,push
U0076,4,At-Risk Users,churned,D38,0,TPL_0369,13:00,push,TPL_0361,18:30,push,TPL_0362,13:30,push,TPL_0364,20:00,push,,,,,,
U0076,4,At-Risk Users,churned,D39,1,TPL_0365,12:00,push,TPL_0370,18:30,push,TPL_0364,12:15,push,TPL_0368,18:00,push,,,,,,
U0076,4,At-Risk Users,churned,D40,2,TPL_0370,12:15,push,TPL_0367,20:30,push,TPL_0361,14:00,push,TPL_0369,19:15,push,,,,,,
U0076,4,At-Risk Users,churned,D41,3,TPL_0366,14:45,push,TPL_0367,19:15,push,TPL_0368,14:30,push,TPL_0364,19:30,push,,,,,,
U0076,4,At-Risk Users,churned,D42,4,TPL_0370,14:15,push,TPL_0362,18:00,push,TPL_0367,14:45,push,TPL_0369,19:45,push,,,,,,
U0076,4,At-Risk Users,churned,D43,5,TPL_0363,13:30,push,TPL_0368,18:15,push,TPL_0364,14:30,push,TPL_0367,20:45,push,,,,,,
U0076,4,At-Risk Users,churned,D44,6,TPL_0366,13:15,push,TPL_0361,18:45,push,TPL_0368,13:00,push,TPL_0364,20:15,push,,,,,,
U0077,2,Independent Learners,trial,D45,0,TPL_0240,20:30,push,TPL_0233,14:30,push,TPL_0235,19:15,push,TPL_0231,13:45,push,TPL_0236,19:15,push,TPL_0237,12:00,push
U0077,2,Independent Learners,trial,D46,1,TPL_0262,19:00,push,TPL_0269,13:15,push,TPL_0265,20:00,push,TPL_0266,14:15,push,TPL_0261,19:45,push,TPL_0263,13:45,push
U0077,2,Independent Learners,trial,D47,2,TPL_0262,18:30,push,TPL_0264,14:00,push,TPL_0269,20:15,push,TPL_0270,12:45,push,TPL_0267,20:45,push,TPL_0261,12:30,push
U0077,2,Independent Learners,trial,D48,3,TPL_0255,19:45,push,TPL_0253,12:00,push,TPL_0259,20:45,push,TPL_0258,14:00,push,TPL_0251,20:30,push,TPL_0252,13:15,push
U0077,2,Independent Learners,trial,D49,4,TPL_0255,19:15,push,TPL_0251,13:30,push,TPL_0257,20:00,push,TPL_0258,12:00,push,TPL_0254,20:30,push,TPL_0252,14:00,push
U0077,2,Independent Learners,trial,D50,5,TPL_0257,18:15,push,TPL_0258,12:45,push,TPL_0251,18:15,push,TPL_0260,12:15,push,TPL_0256,18:45,push,TPL_0259,13:45,push
U0077,2,Independent Learners,trial,D51,6,TPL_0245,19:15,push,TPL_0246,12:30,push,TPL_0248,20:00,push,TPL_0242,12:45,push,TPL_0244,20:15,push,TPL_0243,12:30,push
U0078,0,Independent Learners,trial,D28,0,TPL_0056,15:30,push,TPL_0053,14:30,push,TPL_0059,16:15,push,TPL_0051,14:00,push,TPL_0060,15:00,push,TPL_0055,12:00,push
U0078,0,Independent Learners,trial,D29,1,TPL_0088,17:15,push,TPL_0087,13:45,push,TPL_0090,17:00,push,TPL_0085,12:45,push,TPL_0081,17:30,push,TPL_0084,13:45,push
U0078,0,Independent Learners,trial,D30,2,TPL_0090,15:45,push,TPL_0083,13:30,push,TPL_0085,15:30,push,TPL_0089,13:30,push,TPL_0087,17:45,push,TPL_0084,12:15,push
U0078,0,Independent Learners,trial,D31,3,TPL_0079,17:30,push,TPL_0073,14:45,push,TPL_0078,17:00,push,TPL_0076,13:30,push,TPL_0077,15:15,push,TPL_0074,14:45,push
U0078,0,Independent Learners,trial,D32,4,TPL_0075,16:45,push,TPL_0072,14:15,push,TPL_0077,16:00,push,TPL_0080,14:15,push,TPL_0079,15:45,push,TPL_0074,12:30,push
U0078,0,Independent Learners,trial,D33,5,TPL_0080,15:00,push,TPL_0077,13:30,push,TPL_0071,16:15,push,TPL_0078,14:15,push,TPL_0079,15:15,push,TPL_0075,13:00,push
U0078,0,Independent Learners,trial,D34,6,TPL_0065,16:45,push,TPL_0061,12:15,push,TPL_0068,16:00,push,TPL_0070,13:15,push,TPL_0063,16:30,push,TPL_0062,12:30,push
U0079,4,At-Risk Users,trial,D61,0,TPL_0411,14:30,push,TPL_0417,19:00,push,TPL_0414,12:45,push,TPL_0416,19:00,push,,,,,,
U0079,4,At-Risk Users,trial,D62,1,TPL_0449,12:00,push,TPL_0448,20:00,push,TPL_0446,12:15,push,TPL_0444,20:15,push,,,,,,
U0079,4,At-Risk Users,trial,D63,2,TPL_0449,14:15,push,TPL_0450,19:15,push,TPL_0446,13:00,push,TPL_0442,18:15,push,,,,,,
U0079,4,At-Risk Users,trial,D64,3,TPL_0436,13:45,push,TPL_0432,20:15,push,TPL_0437,12:00,push,TPL_0435,18:30,push,,,,,,
U0079,4,At-Risk Users,trial,D65,4,TPL_0433,14:15,push,TPL_0432,18:15,push,TPL_0437,12:15,push,TPL_0438,19:00,push,,,,,,
U0079,4,At-Risk Users,trial,D66,5,TPL_0433,12:15,push,TPL_0438,18:30,push,TPL_0435,13:00,push,TPL_0439,19:30,push,,,,,,
U0079,4,At-Risk Users,trial,D67,6,TPL_0422,13:45,push,TPL_0428,18:15,push,TPL_0429,12:30,push,TPL_0427,18:45,push,,,,,,
U0080,0,Independent Learners,churned,D61,0,TPL_0010,16:30,push,TPL_0002,13:15,push,TPL_0003,15:45,push,TPL_0005,12:45,push,TPL_0004,15:00,push,TPL_0007,14:15,push
U0080,0,Independent Learners,churned,D62,1,TPL_0001,16:30,push,TPL_0009,13:45,push,TPL_0003,16:30,push,TPL_0008,12:00,push,TPL_0005,15:15,push,TPL_0010,14:00,push
U0080,0,Independent Learners,churned,D63,2,TPL_0010,16:15,push,TPL_0001,12:45,push,TPL_0008,16:15,push,TPL_0009,12:15,push,TPL_0007,15:15,push,TPL_0006,12:15,push
U0080,0,Independent Learners,churned,D64,3,TPL_0008,17:45,push,TPL_0006,14:15,push,TPL_0010,16:00,push,TPL_0004,14:30,push,TPL_0009,16:00,push,TPL_0005,14:15,push
U0080,0,Independent Learners,churned,D65,4,TPL_0009,15:15,push,TPL_0010,14:45,push,TPL_0005,16:15,push,TPL_0008,14:30,push,TPL_0007,15:15,push,TPL_0004,12:00,push
U0080,0,Independent Learners,churned,D66,5,TPL_0010,16:45,push,TPL_0008,13:30,push,TPL_0001,16:00,push,TPL_0009,14:30,push,TPL_0002,16:00,push,TPL_0005,12:00,push
U0080,0,Independent Learners,churned,D67,6,TPL_0010,15:30,push,TPL_0006,12:15,push,TPL_0002,15:15,push,TPL_0003,13:15,push,TPL_0008,16:00,push,TPL_0005,13:45,push
U0081,0,Independent Learners,paid,D56,0,TPL_0046,17:45,push,TPL_0050,12:45,push,TPL_0041,17:00,push,TPL_0048,12:15,push,TPL_0047,17:00,push,TPL_0044,14:00,push
U0081,0,Independent Learners,paid,D57,1,TPL_0046,17:45,push,TPL_0045,13:15,push,TPL_0048,15:00,push,TPL_0041,13:30,push,TPL_0044,17:15,push,TPL_0050,14:30,push
U0081,0,Independent Learners,paid,D58,2,TPL_0041,16:00,push,TPL_0047,12:45,push,TPL_0043,17:30,push,TPL_0045,12:30,push,TPL_0049,16:30,push,TPL_0046,13:15,push
U0081,0,Independent Learners,paid,D59,3,TPL_0041,17:30,push,TPL_0043,14:15,push,TPL_0047,15:30,push,TPL_0045,13:30,push,TPL_0050,17:15,push,TPL_0046,13:00,push
U0081,0,Independent Learners,paid,D60,4,TPL_0046,15:30,push,TPL_0049,13:00,push,TPL_0043,16:30,push,TPL_0048,13:15,push,TPL_0045,16:00,push,TPL_0047,13:00,push
U0081,0,Independent Learners,paid,D61,5,TPL_0050,15:00,push,TPL_0043,14:15,push,TPL_0045,16:30,push,TPL_0042,13:30,push,TPL_0049,15:45,push,TPL_0047,12:15,push
U0081,0,Independent Learners,paid,D62,6,TPL_0042,15:00,push,TPL_0044,12:00,push,TPL_0048,15:00,push,TPL_0047,12:15,push,TPL_0041,17:15,push,TPL_0043,14:15,push
U0082,6,Casual Learners,trial,D15,0,TPL_0591,13:00,push,TPL_0600,07:00,push,TPL_0598,12:30,push,TPL_0595,07:15,push,TPL_0594,13:45,push,TPL_0592,06:30,push
U0082,6,Casual Learners,trial,D16,1,TPL_0628,14:45,push,TPL_0625,07:45,push,TPL_0630,12:45,push,TPL_0626,07:45,push,TPL_0623,13:00,push,TPL_0621,07:45,push
U0082,6,Casual Learners,trial,D17,2,TPL_0622,14:45,push,TPL_0624,06:45,push,TPL_0629,14:00,push,TPL_0627,06:30,push,TPL_0623,14:00,push,TPL_0626,08:00,push
U0082,6,Casual Learners,trial,D18,3,TPL_0612,12:45,push,TPL_0611,06:30,push,TPL_0618,12:45,push,TPL_0620,08:00,push,TPL_0617,12:30,push,TPL_0615,08:45,push
U0082,6,Casual Learners,trial,D19,4,TPL_0612,14:45,push,TPL_0617,08:45,push,TPL_0620,14:15,push,TPL_0616,07:00,push,TPL_0614,12:00,push,TPL_0615,08:15,push
U0082,6,Casual Learners,trial,D20,5,TPL_0617,14:15,push,TPL_0615,08:45,push,TPL_0613,14:15,push,TPL_0611,08:00,push,TPL_0619,14:30,push,TPL_0618,06:00,push
U0082,6,Casual Learners,trial,D21,6,TPL_0609,13:00,push,TPL_0603,08:30,push,TPL_0602,14:15,push,TPL_0605,08:15,push,TPL_0610,12:00,push,TPL_0601,07:30,push
U0083,2,Independent Learners,trial,D55,0,TPL_0235,20:15,push,TPL_0236,14:45,push,TPL_0238,18:45,push,TPL_0239,14:45,push,TPL_0233,18:00,push,TPL_0240,14:00,push
U0083,2,Independent Learners,trial,D56,1,TPL_0269,19:15,push,TPL_0268,12:45,push,TPL_0266,19:15,push,TPL_0263,13:45,push,TPL_0261,20:30,push,TPL_0264,13:45,push
U0083,2,Independent Learners,trial,D57,2,TPL_0263,18:15,push,TPL_0262,12:00,push,TPL_0267,19:45,push,TPL_0265,14:15,push,TPL_0266,20:15,push,TPL_0269,14:45,push
U0083,2,Independent Learners,trial,D58,3,TPL_0258,19:45,push,TPL_0256,13:30,push,TPL_0260,18:30,push,TPL_0255,13:00,push,TPL_0253,18:45,push,TPL_0251,12:00,push
U0083,2,Independent Learners,trial,D59,4,TPL_0257,19:00,push,TPL_0252,12:45,push,TPL_0258,19:30,push,TPL_0256,13:30,push,TPL_0260,20:15,push,TPL_0251,12:30,push
U0083,2,Independent Learners,trial,D60,5,TPL_0257,18:30,push,TPL_0260,12:15,push,TPL_0259,20:30,push,TPL_0256,14:45,push,TPL_0253,19:00,push,TPL_0252,13:45,push
U0083,2,Independent Learners,trial,D61,6,TPL_0244,19:45,push,TPL_0242,14:15,push,TPL_0241,20:30,push,TPL_0245,12:30,push,TPL_0243,18:00,push,TPL_0246,12:30,push
U0084,0,Independent Learners,trial,D9,0,TPL_0059,16:45,push,TPL_0053,12:45,push,TPL_0054,16:30,push,TPL_0060,14:30,push,TPL_0055,15:15,push,TPL_0058,14:15,push
U0084,0,Independent Learners,trial,D10,1,TPL_0089,17:45,push,TPL_0082,13:45,push,TPL_0087,16:30,push,TPL_0085,12:30,push,TPL_0083,15:15,push,TPL_0081,14:45,push
U0084,0,Independent Learners,trial,D11,2,TPL_0082,15:30,push,TPL_0084,14:15,push,TPL_0081,16:15,push,TPL_0086,13:45,push,TPL_0085,16:00,push,TPL_0090,14:00,push
U0084,0,Independent Learners,trial,D12,3,TPL_0074,17:00,push,TPL_0071,14:45,push,TPL_0077,15:00,push,TPL_0075,13:45,push,TPL_0073,17:30,push,TPL_0079,12:30,push
U0084,0,Independent Learners,trial,D13,4,TPL_0076,15:00,push,TPL_0080,13:15,push,TPL_0073,17:00,push,TPL_0074,12:00,push,TPL_0071,17:45,push,TPL_0079,14:30,push
U0084,0,Independent Learners,trial,D14,5,TPL_0080,16:30,push,TPL_0074,12:15,push,TPL_0079,15:00,push,TPL_0077,14:00,push,TPL_0078,17:00,push,TPL_0075,13:45,push
U0084,0,Independent Learners,trial,D15,6,TPL_0070,16:30,push,TPL_0063,14:15,push,TPL_0065,15:45,push,TPL_0064,14:45,push,TPL_0061,15:00,push,TPL_0062,13:00,push
U0085,0,Independent Learners,trial,D29,0,TPL_0053,15:00,push,TPL_0057,14:30,push,TPL_0058,15:45,push,TPL_0051,14:00,push,TPL_0060,17:00,push,TPL_0059,13:15,push
U0085,0,Independent Learners,trial,D30,1,TPL_0084,17:15,push,TPL_0086,14:30,push,TPL_0083,16:45,push,TPL_0082,13:45,push,TPL_0087,16:45,push,TPL_0089,13:15,push
U0085,0,Independent Learners,trial,D31,2,TPL_0084,17:45,push,TPL_0089,14:45,push,TPL_0090,17:15,push,TPL_0088,13:15,push,TPL_0085,16:00,push,TPL_0086,12:15,push
U0085,0,Independent Learners,trial,D32,3,TPL_0073,16:45,push,TPL_0078,14:45,push,TPL_0076,16:45,push,TPL_0079,13:00,push,TPL_0074,16:15,push,TPL_0075,14:00,push
U0085,0,Independent Learners,trial,D33,4,TPL_0075,16:30,push,TPL_0076,14:30,push,TPL_0077,16:15,push,TPL_0071,13:30,push,TPL_0079,17:45,push,TPL_0080,12:45,push
U0085,0,Independent Learners,trial,D34,5,TPL_0075,16:15,push,TPL_0079,13:15,push,TPL_0077,15:45,push,TPL_0071,12:45,push,TPL_0078,16:30,push,TPL_0072,14:30,push
U0085,0,Independent Learners,trial,D35,6,TPL_0063,15:00,push,TPL_0064,13:45,push,TPL_0066,17:00,push,TPL_0061,14:45,push,TPL_0069,17:15,push,TPL_0067,13:30,push
U0086,5,Casual Learners,paid,D24,0,TPL_0496,11:15,push,TPL_0497,16:15,push,TPL_0495,10:00,push,TPL_0492,17:30,push,TPL_0498,09:00,push,TPL_0494,17:30,push
U0086,5,Casual Learners,paid,D25,1,TPL_0497,10:30,push,TPL_0495,17:00,push,TPL_0494,11:00,push,TPL_0498,15:45,push,TPL_0500,09:45,push,TPL_0492,17:00,push
U0086,5,Casual Learners,paid,D26,2,TPL_0500,11:00,push,TPL_0498,17:15,push,TPL_0495,09:00,push,TPL_0492,15:30,push,TPL_0499,10:00,push,TPL_0497,16:00,push
U0086,5,Casual Learners,paid,D27,3,TPL_0495,10:45,push,TPL_0496,17:45,push,TPL_0497,10:30,push,TPL_0494,15:00,push,TPL_0493,10:00,push,TPL_0491,15:30,push
U0086,5,Casual Learners,paid,D28,4,TPL_0495,09:00,push,TPL_0498,16:45,push,TPL_0500,10:30,push,TPL_0492,15:00,push,TPL_0494,09:45,push,TPL_0497,17:15,push
U0086,5,Casual Learners,paid,D29,5,TPL_0497,09:45,push,TPL_0491,15:30,push,TPL_0499,09:00,push,TPL_0498,15:15,push,TPL_0500,09:30,push,TPL_0492,17:30,push
U0086,5,Casual Learners,paid,D30,6,TPL_0491,10:15,push,TPL_0494,17:30,push,TPL_0500,10:30,push,TPL_0499,15:00,push,TPL_0498,11:45,push,TPL_0493,17:30,push
U0087,0,Independent Learners,paid,D83,0,TPL_0049,15:30,push,TPL_0047,14:15,push,TPL_0045,17:30,push,TPL_0048,12:00,push,TPL_0041,17:00,push,TPL_0050,12:45,push
U0087,0,Independent Learners,paid,D84,1,TPL_0044,17:15,push,TPL_0041,13:30,push,TPL_0047,15:30,push,TPL_0046,12:30,push,TPL_0048,15:30,push,TPL_0050,13:30,push
U0087,0,Independent Learners,paid,D85,2,TPL_0044,17:45,push,TPL_0042,12:15,push,TPL_0043,15:45,push,TPL_0046,13:15,push,TPL_0048,17:30,push,TPL_0050,14:00,push
U0087,0,Independent Learners,paid,D86,3,TPL_0046,16:45,push,TPL_0044,13:45,push,TPL_0042,17:15,push,TPL_0041,13:30,push,TPL_0049,16:30,push,TPL_0045,12:45,push
U0087,0,Independent Learners,paid,D87,4,TPL_0046,16:45,push,TPL_0050,14:15,push,TPL_0047,15:45,push,TPL_0041,12:30,push,TPL_0043,16:15,push,TPL_0044,13:00,push
U0087,0,Independent Learners,paid,D88,5,TPL_0043,17:15,push,TPL_0050,13:15,push,TPL_0042,17:30,push,TPL_0046,13:45,push,TPL_0047,15:30,push,TPL_0041,12:45,push
U0087,0,Independent Learners,paid,D89,6,TPL_0042,16:15,push,TPL_0048,13:15,push,TPL_0041,17:00,push,TPL_0045,14:15,push,TPL_0049,16:00,push,TPL_0044,12:45,push
U0088,0,Independent Learners,churned,D4,0,TPL_0010,15:15,push,TPL_0006,12:45,push,TPL_0005,16:30,push,TPL_0003,14:15,push,TPL_0007,15:00,push,TPL_0004,13:30,push
U0088,0,Independent Learners,churned,D5,1,TPL_0008,15:15,push,TPL_0005,13:00,push,TPL_0009,17:45,push,TPL_0004,14:45,push,TPL_0006,15:00,push,TPL_0001,13:00,push
U0088,0,Independent Learners,churned,D6,2,TPL_0002,17:15,push,TPL_0006,14:00,push,TPL_0005,15:30,push,TPL_0007,14:30,push,TPL_0001,15:45,push,TPL_0008,14:00,push
U0088,0,Independent Learners,churned,D7,3,TPL_0008,15:30,push,TPL_0003,14:15,push,TPL_0002,15:00,push,TPL_0007,12:30,push,TPL_0009,15:00,push,TPL_0010,12:15,push
U0088,0,Independent Learners,churned,D8,4,TPL_0007,17:30,push,TPL_0002,12:00,push,TPL_0009,15:00,push,TPL_0001,12:00,push,TPL_0010,17:30,push,TPL_0008,14:00,push
U0088,0,Independent Learners,churned,D9,5,TPL_0002,15:00,push,TPL_0008,12:15,push,TPL_0009,15:15,push,TPL_0001,14:30,push,TPL_0003,16:00,push,TPL_0004,12:15,push
U0088,0,Independent Learners,churned,D10,6,TPL_0008,16:00,push,TPL_0004,14:00,push,TPL_0001,16:15,push,TPL_0007,14:30,push,TPL_0006,17:30,push,TPL_0002,13:45,push
U0089,2,Independent Learners,paid,D64,0,TPL_0225,20:00,push,TPL_0230,12:30,push,TPL_0229,19:15,push,TPL_0224,13:30,push,TPL_0228,20:00,push,TPL_0226,14:30,push
U0089,2,Independent Learners,paid,D65,1,TPL_0222,18:30,push,TPL_0221,13:00,push,TPL_0227,18:00,push,TPL_0230,14:45,push,TPL_0224,19:15,push,TPL_0228,14:15,push
U0089,2,Independent Learners,paid,D66,2,TPL_0227,20:00,push,TPL_0223,12:00,push,TPL_0228,18:00,push,TPL_0230,13:15,push,TPL_0222,18:00,push,TPL_0221,14:30,push
U0089,2,Independent Learners,paid,D67,3,TPL_0227,19:00,push,TPL_0226,13:30,push,TPL_0225,18:15,push,TPL_0224,12:15,push,TPL_0222,18:00,push,TPL_0229,13:00,push
U0089,2,Independent Learners,paid,D68,4,TPL_0222,19:30,push,TPL_0225,12:30,push,TPL_0227,18:00,push,TPL_0221,12:45,push,TPL_0223,20:30,push,TPL_0226,12:00,push
U0089,2,Independent Learners,paid,D69,5,TPL_0222,18:00,push,TPL_0230,13:30,push,TPL_0223,18:45,push,TPL_0227,13:45,push,TPL_0224,18:45,push,TPL_0226,13:15,push
U0089,2,Independent Learners,paid,D70,6,TPL_0222,20:30,push,TPL_0225,14:30,push,TPL_0223,20:30,push,TPL_0224,13:00,push,TPL_0227,18:00,push,TPL_0229,14:00,push
U0090,0,Independent Learners,trial,D48,0,TPL_0059,17:30,push,TPL_0053,14:00,push,TPL_0054,17:30,push,TPL_0051,13:45,push,TPL_0057,17:00,push,TPL_0056,14:45,push
U0090,0,Independent Learners,trial,D49,1,TPL_0089,16:00,push,TPL_0083,12:15,push,TPL_0090,15:15,push,TPL_0084,12:45,push,TPL_0086,15:00,push,TPL_0087,12:00,push
U0090,0,Independent Learners,trial,D50,2,TPL_0083,17:30,push,TPL_0085,14:00,push,TPL_0081,16:30,push,TPL_0088,14:15,push,TPL_0087,17:00,push,TPL_0089,12:00,push
U0090,0,Independent Learners,trial,D51,3,TPL_0071,17:00,push,TPL_0080,13:15,push,TPL_0079,15:15,push,TPL_0076,13:30,push,TPL_0077,17:00,push,TPL_0078,12:00,push
U0090,0,Independent Learners,trial,D52,4,TPL_0072,17:30,push,TPL_0080,12:45,push,TPL_0076,17:45,push,TPL_0075,14:30,push,TPL_0077,15:45,push,TPL_0073,13:45,push
U0090,0,Independent Learners,trial,D53,5,TPL_0078,16:45,push,TPL_0079,12:30,push,TPL_0075,16:45,push,TPL_0080,13:15,push,TPL_0073,16:30,push,TPL_0076,12:15,push
U0090,0,Independent Learners,trial,D54,6,TPL_0064,16:45,push,TPL_0067,13:45,push,TPL_0068,15:00,push,TPL_0070,12:30,push,TPL_0066,15:30,push,TPL_0065,14:45,push
U0091,2,Independent Learners,paid,D2,0,TPL_0227,20:00,push,TPL_0228,14:00,push,TPL_0230,20:00,push,TPL_0226,13:45,push,TPL_0229,19:15,push,TPL_0222,13:15,push
U0091,2,Independent Learners,paid,D3,1,TPL_0226,18:15,push,TPL_0227,14:45,push,TPL_0224,18:45,push,TPL_0223,13:45,push,TPL_0229,20:30,push,TPL_0228,14:45,push
U0091,2,Independent Learners,paid,D4,2,TPL_0222,19:15,push,TPL_0224,13:30,push,TPL_0226,20:00,push,TPL_0229,13:30,push,TPL_0230,20:30,push,TPL_0223,14:00,push
U0091,2,Independent Learners,paid,D5,3,TPL_0228,20:45,push,TPL_0223,13:00,push,TPL_0222,20:15,push,TPL_0221,13:30,push,TPL_0224,18:15,push,TPL_0230,13:15,push
U0091,2,Independent Learners,paid,D6,4,TPL_0226,20:15,push,TPL_0221,12:45,push,TPL_0223,18:30,push,TPL_0225,12:00,push,TPL_0228,20:45,push,TPL_0230,12:00,push
U0091,2,Independent Learners,paid,D7,5,TPL_0229,20:00,push,TPL_0221,12:30,push,TPL_0223,18:15,push,TPL_0222,13:00,push,TPL_0224,20:30,push,TPL_0228,12:15,push
U0091,2,Independent Learners,paid,D8,6,TPL_0230,18:00,push,TPL_0229,13:00,push,TPL_0224,18:45,push,TPL_0225,12:45,push,TPL_0222,19:15,push,TPL_0228,12:30,push
U0092,2,Independent Learners,churned,D44,0,TPL_0188,19:00,push,TPL_0183,13:30,push,TPL_0189,19:15,push,TPL_0182,14:30,push,TPL_0187,19:45,push,TPL_0181,13:00,push
U0092,2,Independent Learners,churned,D45,1,TPL_0184,19:00,push,TPL_0185,12:30,push,TPL_0190,20:45,push,TPL_0181,13:30,push,TPL_0187,20:00,push,TPL_0186,13:45,push
U0092,2,Independent Learners,churned,D46,2,TPL_0189,20:30,push,TPL_0182,14:00,push,TPL_0187,20:30,push,TPL_0184,13:00,push,TPL_0185,20:30,push,TPL_0181,13:00,push
U0092,2,Independent Learners,churned,D47,3,TPL_0184,20:15,push,TPL_0185,14:00,push,TPL_0183,20:30,push,TPL_0182,12:00,push,TPL_0181,19:45,push,TPL_0189,14:00,push
U0092,2,Independent Learners,churned,D48,4,TPL_0183,20:15,push,TPL_0186,13:15,push,TPL_0184,20:45,push,TPL_0189,12:15,push,TPL_0181,20:15,push,TPL_0185,12:30,push
U0092,2,Independent Learners,churned,D49,5,TPL_0188,18:15,push,TPL_0182,12:00,push,TPL_0185,19:30,push,TPL_0187,12:30,push,TPL_0189,18:30,push,TPL_0186,12:30,push
U0092,2,Independent Learners,churned,D50,6,TPL_0186,19:00,push,TPL_0184,13:45,push,TPL_0188,18:30,push,TPL_0183,12:45,push,TPL_0182,20:15,push,TPL_0185,14:30,push
U0093,0,Independent Learners,paid,D13,0,TPL_0045,17:30,push,TPL_0041,14:30,push,TPL_0048,17:45,push,TPL_0044,13:30,push,TPL_0049,16:30,push,TPL_0050,14:15,push
U0093,0,Independent Learners,paid,D14,1,TPL_0048,15:00,push,TPL_0046,13:30,push,TPL_0043,15:45,push,TPL_0049,14:30,push,TPL_0047,16:30,push,TPL_0041,12:00,push
U0093,0,Independent Learners,paid,D15,2,TPL_0048,16:30,push,TPL_0042,13:45,push,TPL_0047,15:00,push,TPL_0049,14:00,push,TPL_0046,16:15,push,TPL_0045,13:00,push
U0093,0,Independent Learners,paid,D16,3,TPL_0041,16:00,push,TPL_0046,14:30,push,TPL_0043,16:45,push,TPL_0050,14:30,push,TPL_0049,15:30,push,TPL_0044,14:30,push
U0093,0,Independent Learners,paid,D17,4,TPL_0044,16:30,push,TPL_0046,13:45,push,TPL_0050,16:30,push,TPL_0041,13:45,push,TPL_0048,15:30,push,TPL_0045,14:45,push
U0093,0,Independent Learners,paid,D18,5,TPL_0048,16:15,push,TPL_0045,14:15,push,TPL_0046,17:00,push,TPL_0043,14:30,push,TPL_0041,15:45,push,TPL_0049,13:15,push
U0093,0,Independent Learners,paid,D19,6,TPL_0045,16:00,push,TPL_0042,14:45,push,TPL_0050,17:45,push,TPL_0047,12:30,push,TPL_0043,15:00,push,TPL_0044,12:45,push
U0094,5,Casual Learners,churned,D29,0,TPL_0456,09:30,push,TPL_0459,17:45,push,TPL_0454,09:45,push,TPL_0453,17:00,push,TPL_0452,09:15,push,TPL_0460,16:15,push
U0094,5,Casual Learners,churned,D30,1,TPL_0459,11:15,push,TPL_0454,15:30,push,TPL_0453,09:30,push,TPL_0458,15:00,push,TPL_0457,09:30,push,TPL_0452,15:00,push
U0094,5,Casual Learners,churned,D31,2,TPL_0455,09:45,push,TPL_0458,16:15,push,TPL_0452,11:45,push,TPL_0453,16:15,push,TPL_0459,10:45,push,TPL_0454,17:30,push
U0094,5,Casual Learners,churned,D32,3,TPL_0458,10:30,push,TPL_0451,16:45,push,TPL_0452,09:00,push,TPL_0459,15:45,push,TPL_0457,09:15,push,TPL_0460,16:45,push
U0094,5,Casual Learners,churned,D33,4,TPL_0460,09:15,push,TPL_0453,16:45,push,TPL_0456,11:15,push,TPL_0458,16:00,push,TPL_0459,09:00,push,TPL_0451,16:00,push
U0094,5,Casual Learners,churned,D34,5,TPL_0453,11:45,push,TPL_0457,17:45,push,TPL_0454,09:00,push,TPL_0458,16:45,push,TPL_0460,11:45,push,TPL_0451,16:45,push
U0094,5,Casual Learners,churned,D35,6,TPL_0451,11:30,push,TPL_0460,15:15,push,TPL_0457,11:45,push,TPL_0453,15:15,push,TPL_0455,10:30,push,TPL_0458,17:00,push
U0095,5,Casual Learners,paid,D67,0,TPL_0497,10:30,push,TPL_0491,17:15,push,TPL_0492,09:15,push,TPL_0493,16:45,push,TPL_0500,11:30,push,TPL_0498,17:00,push
U0095,5,Casual Learners,paid,D68,1,TPL_0495,10:45,push,TPL_0494,15:30,push,TPL_0498,10:15,push,TPL_0493,15:45,push,TPL_0500,10:15,push,TPL_0492,16:30,push
U0095,5,Casual Learners,paid,D69,2,TPL_0496,10:45,push,TPL_0495,15:00,push,TPL_0493,10:45,push,TPL_0498,17:15,push,TPL_0491,10:00,push,TPL_0492,16:00,push
U0095,5,Casual Learners,paid,D70,3,TPL_0499,11:45,push,TPL_0494,16:30,push,TPL_0495,10:15,push,TPL_0493,17:45,push,TPL_0498,11:30,push,TPL_0500,15:00,push
U0095,5,Casual Learners,paid,D71,4,TPL_0497,09:30,push,TPL_0492,15:30,push,TPL_0493,10:00,push,TPL_0491,17:15,push,TPL_0496,11:00,push,TPL_0495,16:15,push
U0095,5,Casual Learners,paid,D72,5,TPL_0494,09:15,push,TPL_0495,17:45,push,TPL_0491,10:30,push,TPL_0498,17:15,push,TPL_0499,09:45,push,TPL_0492,16:00,push
U0095,5,Casual Learners,paid,D73,6,TPL_0499,10:00,push,TPL_0500,17:15,push,TPL_0497,11:30,push,TPL_0495,15:30,push,TPL_0492,09:15,push,TPL_0498,17:00,push
U0096,2,Independent Learners,paid,D17,0,TPL_0229,18:45,push,TPL_0227,14:15,push,TPL_0225,18:15,push,TPL_0222,13:30,push,TPL_0221,20:30,push,TPL_0223,14:00,push
U0096,2,Independent Learners,paid,D18,1,TPL_0226,18:45,push,TPL_0229,12:30,push,TPL_0227,20:00,push,TPL_0230,14:45,push,TPL_0223,18:00,push,TPL_0225,13:30,push
U0096,2,Independent Learners,paid,D19,2,TPL_0223,18:15,push,TPL_0227,13:45,push,TPL_0228,19:15,push,TPL_0221,13:00,push,TPL_0225,19:15,push,TPL_0230,13:15,push
U0096,2,Independent Learners,paid,D20,3,TPL_0223,20:15,push,TPL_0227,13:15,push,TPL_0230,18:45,push,TPL_0228,13:00,push,TPL_0222,20:15,push,TPL_0225,12:00,push
U0096,2,Independent Learners,paid,D21,4,TPL_0222,20:45,push,TPL_0227,12:15,push,TPL_0221,18:00,push,TPL_0224,12:15,push,TPL_0229,18:00,push,TPL_0230,12:00,push
U0096,2,Independent Learners,paid,D22,5,TPL_0227,18:15,push,TPL_0226,12:15,push,TPL_0222,19:15,push,TPL_0230,12:45,push,TPL_0221,20:30,push,TPL_0223,12:45,push
U0096,2,Independent Learners,paid,D23,6,TPL_0225,19:45,push,TPL_0224,12:15,push,TPL_0228,19:00,push,TPL_0226,14:30,push,TPL_0229,18:30,push,TPL_0223,13:15,push
U0097,1,Needs Attention,paid,D61,0,TPL_0139,08:45,push,TPL_0137,10:15,push,TPL_0132,07:45,push,TPL_0131,09:15,push,TPL_0136,08:30,push,TPL_0138,11:00,push
U0097,1,Needs Attention,paid,D62,1,TPL_0132,06:15,push,TPL_0136,11:30,push,TPL_0134,08:30,push,TPL_0135,10:30,push,TPL_0138,07:30,push,TPL_0140,11:45,push
U0097,1,Needs Attention,paid,D63,2,TPL_0136,06:00,push,TPL_0138,11:00,push,TPL_0134,07:30,push,TPL_0137,11:00,push,TPL_0135,06:15,push,TPL_0133,10:00,push
U0097,1,Needs Attention,paid,D64,3,TPL_0131,08:30,push,TPL_0136,09:30,push,TPL_0140,07:00,push,TPL_0134,09:00,push,TPL_0132,06:15,push,TPL_0133,11:45,push
U0097,1,Needs Attention,paid,D65,4,TPL_0134,08:15,push,TPL_0136,10:45,push,TPL_0138,08:30,push,TPL_0137,11:15,push,TPL_0140,07:00,push,TPL_0139,11:00,push
U0097,1,Needs Attention,paid,D66,5,TPL_0133,08:30,push,TPL_0132,10:45,push,TPL_0139,07:30,push,TPL_0136,09:30,push,TPL_0137,08:45,push,TPL_0131,09:45,push
U0097,1,Needs Attention,paid,D67,6,TPL_0135,07:15,push,TPL_0133,11:00,push,TPL_0139,08:30,push,TPL_0137,09:30,push,TPL_0132,07:45,push,TPL_0131,11:15,push
U0098,2,Independent Learners,trial,D36,0,TPL_0238,19:45,push,TPL_0232,14:45,push,TPL_0234,19:00,push,TPL_0235,13:15,push,TPL_0239,18:45,push,TPL_0236,12:15,push
U0098,2,Independent Learners,trial,D37,1,TPL_0263,19:15,push,TPL_0262,14:30,push,TPL_0266,18:45,push,TPL_0270,14:00,push,TPL_0267,18:00,push,TPL_0265,14:15,push
U0098,2,Independent Learners,trial,D38,2,TPL_0267,20:00,push,TPL_0269,12:00,push,TPL_0264,18:30,push,TPL_0263,13:30,push,TPL_0266,20:45,push,TPL_0265,13:00,push
U0098,2,Independent Learners,trial,D39,3,TPL_0252,19:00,push,TPL_0256,14:30,push,TPL_0259,18:45,push,TPL_0254,14:30,push,TPL_0257,18:30,push,TPL_0258,14:30,push
U0098,2,Independent Learners,trial,D40,4,TPL_0254,20:45,push,TPL_0257,13:00,push,TPL_0258,20:45,push,TPL_0251,12:30,push,TPL_0260,18:30,push,TPL_0253,13:45,push
U0098,2,Independent Learners,trial,D41,5,TPL_0252,19:30,push,TPL_0257,12:15,push,TPL_0258,20:00,push,TPL_0256,12:45,push,TPL_0251,20:45,push,TPL_0253,13:00,push
U0098,2,Independent Learners,trial,D42,6,TPL_0242,18:00,push,TPL_0247,14:00,push,TPL_0243,19:00,push,TPL_0249,14:00,push,TPL_0245,19:15,push,TPL_0246,12:00,push
U0099,2,Independent Learners,trial,D24,0,TPL_0238,19:00,push,TPL_0235,14:00,push,TPL_0236,19:45,push,TPL_0231,12:15,push,TPL_0234,19:00,push,TPL_0233,14:45,push
U0099,2,Independent Learners,trial,D25,1,TPL_0265,19:00,push,TPL_0264,14:30,push,TPL_0268,19:30,push,TPL_0261,13:00,push,TPL_0266,20:30,push,TPL_0262,14:15,push
U0099,2,Independent Learners,trial,D26,2,TPL_0262,18:30,push,TPL_0265,14:45,push,TPL_0264,18:30,push,TPL_0261,14:45,push,TPL_0266,19:30,push,TPL_0267,13:00,push
U0099,2,Independent Learners,trial,D27,3,TPL_0254,20:00,push,TPL_0257,12:15,push,TPL_0259,19:15,push,TPL_0256,13:15,push,TPL_0258,20:30,push,TPL_0253,14:45,push
U0099,2,Independent Learners,trial,D28,4,TPL_0258,20:45,push,TPL_0259,13:15,push,TPL_0253,20:15,push,TPL_0251,13:30,push,TPL_0256,19:15,push,TPL_0260,13:15,push
U0099,2,Independent Learners,trial,D29,5,TPL_0258,18:15,push,TPL_0260,13:00,push,TPL_0256,20:45,push,TPL_0259,14:00,push,TPL_0255,19:30,push,TPL_0251,14:45,push
U0099,2,Independent Learners,trial,D30,6,TPL_0246,18:30,push,TPL_0241,13:45,push,TPL_0249,19:45,push,TPL_0248,12:30,push,TPL_0250,18:15,push,TPL_0245,14:45,push
